forecast_origin,horizon_week,forecast_week_start,iso_week,sku_id,channel_id,weather_horizon_mode,weather_data_status,nowcast_available_flag,future_realized_weather_used_flag,analog_week_radius_used,analog_observation_count,mild_positive_analog_count,severe_positive_analog_count,scenario_support_flag,mild_scenario_exposure_share,severe_scenario_exposure_share,scenario_exposure_quantile,sku_mild_policy_cap_pct,sku_severe_policy_cap_pct,mild_scenario_adjustment_pct,normal_scenario_adjustment_pct,severe_scenario_adjustment_pct,recommended_base_adjustment_pct,scenario_width_pp,analog_net_adjustment_median_pct,analog_net_adjustment_min_pct,analog_net_adjustment_max_pct,scenario_method,scenario_provenance,scenario_threshold_provenance,nowcast_governance
2026-06-22,1,2026-06-29,27,APS-001,ECOM,NOWCAST_REQUIRED,POINT_IN_TIME_NOWCAST_NOT_SUPPLIED,0,0,3,28,19,6,ADEQUATE,0.2749152121961388,0.13752012028692587,0.75,-4.0,6.0,-1.0996608487845552,0.0,0.8251207217215553,0.0,1.9247815705061104,-0.37998473854879394,-1.808488392688945,1.420576018607136,CONDITIONAL_P75_SCENARIO_EXPOSURE_X_FROZEN_SKU_POLICY_CAP,HISTORICAL_PUBLIC_WEATHER_DERIVED_OVERLAY,PROJECT_ASSUMPTION,NO_REALIZED_FUTURE_WEATHER_USED
2026-06-22,2,2026-07-06,28,APS-001,ECOM,NOWCAST_REQUIRED,POINT_IN_TIME_NOWCAST_NOT_SUPPLIED,0,0,2,20,13,4,ADEQUATE,0.265158391467598,0.10888948720915421,0.75,-4.0,6.0,-1.060633565870392,0.0,0.6533369232549253,0.0,1.7139704891253174,-0.287954761024276,-1.808488392688945,0.5674450240216109,CONDITIONAL_P75_SCENARIO_EXPOSURE_X_FROZEN_SKU_POLICY_CAP,HISTORICAL_PUBLIC_WEATHER_DERIVED_OVERLAY,PROJECT_ASSUMPTION,NO_REALIZED_FUTURE_WEATHER_USED
2026-06-22,3,2026-07-13,29,APS-001,ECOM,NOWCAST_REQUIRED,POINT_IN_TIME_NOWCAST_NOT_SUPPLIED,0,0,2,20,12,5,ADEQUATE,0.2968834657018228,0.1518354368258117,0.75,-4.0,6.0,-1.1875338628072911,0.0,0.9110126209548701,0.0,2.0985464837621612,-0.287954761024276,-2.3302092155210268,1.3151850512154766,CONDITIONAL_P75_SCENARIO_EXPOSURE_X_FROZEN_SKU_POLICY_CAP,HISTORICAL_PUBLIC_WEATHER_DERIVED_OVERLAY,PROJECT_ASSUMPTION,NO_REALIZED_FUTURE_WEATHER_USED
2026-06-22,4,2026-07-20,30,APS-001,ECOM,SCENARIO_ANALOG,FORWARD_SCENARIO_BAND,0,0,2,20,10,7,ADEQUATE,0.36033361417027243,0.13661297661744964,0.75,-4.0,6.0,-1.4413344566810897,0.0,0.8196778597046979,0.0,2.261012316385788,-0.1181002951401875,-2.3302092155210268,1.3151850512154766,CONDITIONAL_P75_SCENARIO_EXPOSURE_X_FROZEN_SKU_POLICY_CAP,HISTORICAL_PUBLIC_WEATHER_DERIVED_OVERLAY,PROJECT_ASSUMPTION,NO_REALIZED_FUTURE_WEATHER_USED
2026-06-22,5,2026-07-27,31,APS-001,ECOM,SCENARIO_ANALOG,FORWARD_SCENARIO_BAND,0,0,2,20,10,9,ADEQUATE,0.36033361417027243,0.1518354368258117,0.75,-4.0,6.0,-1.4413344566810897,0.0,0.9110126209548701,0.0,2.35234707763596,-0.0748104724577607,-2.3302092155210268,1.3151850512154766,CONDITIONAL_P75_SCENARIO_EXPOSURE_X_FROZEN_SKU_POLICY_CAP,HISTORICAL_PUBLIC_WEATHER_DERIVED_OVERLAY,PROJECT_ASSUMPTION,NO_REALIZED_FUTURE_WEATHER_USED
2026-06-22,6,2026-08-03,32,APS-001,ECOM,SCENARIO_ANALOG,FORWARD_SCENARIO_BAND,0,0,2,20,8,9,ADEQUATE,0.31189931814375754,0.1518354368258117,0.75,-4.0,6.0,-1.2475972725750302,0.0,0.9110126209548701,0.0,2.1586098935299,0.0,-2.3302092155210268,1.3151850512154766,CONDITIONAL_P75_SCENARIO_EXPOSURE_X_FROZEN_SKU_POLICY_CAP,HISTORICAL_PUBLIC_WEATHER_DERIVED_OVERLAY,PROJECT_ASSUMPTION,NO_REALIZED_FUTURE_WEATHER_USED
2026-06-22,7,2026-08-10,33,APS-001,ECOM,SCENARIO_ANALOG,FORWARD_SCENARIO_BAND,0,0,2,20,10,8,ADEQUATE,0.265158391467598,0.15853952326051649,0.75,-4.0,6.0,-1.060633565870392,0.0,0.951237139563099,0.0,2.0118707054334912,-0.0748104724577607,-2.3302092155210268,1.3151850512154766,CONDITIONAL_P75_SCENARIO_EXPOSURE_X_FROZEN_SKU_POLICY_CAP,HISTORICAL_PUBLIC_WEATHER_DERIVED_OVERLAY,PROJECT_ASSUMPTION,NO_REALIZED_FUTURE_WEATHER_USED
2026-06-22,8,2026-08-17,34,APS-001,ECOM,SCENARIO_ANALOG,FORWARD_SCENARIO_BAND,0,0,2,20,11,7,ADEQUATE,0.265158391467598,0.1518354368258117,0.75,-4.0,6.0,-1.060633565870392,0.0,0.9110126209548701,0.0,1.9716461868252622,-0.1496209449155214,-1.3237643488671047,1.0719106953877855,CONDITIONAL_P75_SCENARIO_EXPOSURE_X_FROZEN_SKU_POLICY_CAP,HISTORICAL_PUBLIC_WEATHER_DERIVED_OVERLAY,PROJECT_ASSUMPTION,NO_REALIZED_FUTURE_WEATHER_USED
2026-06-22,9,2026-08-24,35,APS-001,ECOM,SCENARIO_ANALOG,FORWARD_SCENARIO_BAND,0,0,2,20,14,5,ADEQUATE,0.265158391467598,0.1518354368258117,0.75,-4.0,6.0,-1.060633565870392,0.0,0.9110126209548701,0.0,1.9716461868252622,-0.3301407958602849,-1.3237643488671047,1.1727843527720136,CONDITIONAL_P75_SCENARIO_EXPOSURE_X_FROZEN_SKU_POLICY_CAP,HISTORICAL_PUBLIC_WEATHER_DERIVED_OVERLAY,PROJECT_ASSUMPTION,NO_REALIZED_FUTURE_WEATHER_USED
2026-06-22,10,2026-08-31,36,APS-001,ECOM,SCENARIO_ANALOG,FORWARD_SCENARIO_BAND,0,0,3,28,20,8,ADEQUATE,0.2684307076272001,0.15853952326051649,0.75,-4.0,6.0,-1.0737228305088005,0.0,0.951237139563099,0.0,2.024959970071899,-0.5041301689796279,-1.3237643488671047,1.1727843527720136,CONDITIONAL_P75_SCENARIO_EXPOSURE_X_FROZEN_SKU_POLICY_CAP,HISTORICAL_PUBLIC_WEATHER_DERIVED_OVERLAY,PROJECT_ASSUMPTION,NO_REALIZED_FUTURE_WEATHER_USED
2026-06-22,11,2026-09-07,37,APS-001,ECOM,SCENARIO_ANALOG,FORWARD_SCENARIO_BAND,0,0,2,20,16,5,ADEQUATE,0.2832692767749825,0.1786517825646309,0.75,-4.0,6.0,-1.13307710709993,0.0,1.0719106953877855,0.0,2.2049878024877154,-0.5957605419111541,-1.3237643488671047,1.1727843527720136,CONDITIONAL_P75_SCENARIO_EXPOSURE_X_FROZEN_SKU_POLICY_CAP,HISTORICAL_PUBLIC_WEATHER_DERIVED_OVERLAY,PROJECT_ASSUMPTION,NO_REALIZED_FUTURE_WEATHER_USED
2026-06-22,12,2026-09-14,38,APS-001,ECOM,SCENARIO_ANALOG,FORWARD_SCENARIO_BAND,0,0,2,20,17,5,ADEQUATE,0.2983341387819105,0.1786517825646309,0.75,-4.0,6.0,-1.193336555127642,0.0,1.0719106953877855,0.0,2.2652472505154275,-0.6109195101323479,-1.4783970634668957,1.1727843527720136,CONDITIONAL_P75_SCENARIO_EXPOSURE_X_FROZEN_SKU_POLICY_CAP,HISTORICAL_PUBLIC_WEATHER_DERIVED_OVERLAY,PROJECT_ASSUMPTION,NO_REALIZED_FUTURE_WEATHER_USED
2026-06-22,13,2026-09-21,39,APS-001,ECOM,SCENARIO_ANALOG,FORWARD_SCENARIO_BAND,0,0,2,20,17,5,ADEQUATE,0.3695992658667238,0.1786517825646309,0.75,-4.0,6.0,-1.4783970634668953,0.0,1.0719106953877855,0.0,2.5503077588546805,-0.6109195101323479,-1.6679753131736392,1.1727843527720136,CONDITIONAL_P75_SCENARIO_EXPOSURE_X_FROZEN_SKU_POLICY_CAP,HISTORICAL_PUBLIC_WEATHER_DERIVED_OVERLAY,PROJECT_ASSUMPTION,NO_REALIZED_FUTURE_WEATHER_USED
2026-06-22,1,2026-06-29,27,APS-001,RETAIL,NOWCAST_REQUIRED,POINT_IN_TIME_NOWCAST_NOT_SUPPLIED,0,0,3,28,19,6,ADEQUATE,0.27285676015138705,0.135095910446063,0.75,-4.0,6.0,-1.0914270406055482,0.0,0.810575462676378,0.0,1.9020025032819263,-0.38207592903453924,-1.7982486361723968,1.4134016770402718,CONDITIONAL_P75_SCENARIO_EXPOSURE_X_FROZEN_SKU_POLICY_CAP,HISTORICAL_PUBLIC_WEATHER_DERIVED_OVERLAY,PROJECT_ASSUMPTION,NO_REALIZED_FUTURE_WEATHER_USED
2026-06-22,2,2026-07-06,28,APS-001,RETAIL,NOWCAST_REQUIRED,POINT_IN_TIME_NOWCAST_NOT_SUPPLIED,0,0,2,20,13,4,ADEQUATE,0.2658997530872485,0.108131374282692,0.75,-4.0,6.0,-1.063599012348994,0.0,0.648788245696152,0.0,1.712387258045146,-0.2921348295502688,-1.7982486361723968,0.5678946372060392,CONDITIONAL_P75_SCENARIO_EXPOSURE_X_FROZEN_SKU_POLICY_CAP,HISTORICAL_PUBLIC_WEATHER_DERIVED_OVERLAY,PROJECT_ASSUMPTION,NO_REALIZED_FUTURE_WEATHER_USED
2026-06-22,3,2026-07-13,29,APS-001,RETAIL,NOWCAST_REQUIRED,POINT_IN_TIME_NOWCAST_NOT_SUPPLIED,0,0,2,20,12,5,ADEQUATE,0.29766130995338613,0.1485781785277485,0.75,-4.0,6.0,-1.1906452398135445,0.0,0.891469071166491,0.0,2.0821143109800353,-0.2921348295502688,-2.314387492838873,1.30255670751091,CONDITIONAL_P75_SCENARIO_EXPOSURE_X_FROZEN_SKU_POLICY_CAP,HISTORICAL_PUBLIC_WEATHER_DERIVED_OVERLAY,PROJECT_ASSUMPTION,NO_REALIZED_FUTURE_WEATHER_USED
2026-06-22,4,2026-07-20,30,APS-001,RETAIL,SCENARIO_ANALOG,FORWARD_SCENARIO_BAND,0,0,2,20,10,7,ADEQUATE,0.36118442368566145,0.1344377766144792,0.75,-4.0,6.0,-1.4447376947426458,0.0,0.8066266596868752,0.0,2.251364354429521,-0.1181572942590087,-2.314387492838873,1.30255670751091,CONDITIONAL_P75_SCENARIO_EXPOSURE_X_FROZEN_SKU_POLICY_CAP,HISTORICAL_PUBLIC_WEATHER_DERIVED_OVERLAY,PROJECT_ASSUMPTION,NO_REALIZED_FUTURE_WEATHER_USED
2026-06-22,5,2026-07-27,31,APS-001,RETAIL,SCENARIO_ANALOG,FORWARD_SCENARIO_BAND,0,0,2,20,10,9,ADEQUATE,0.36118442368566145,0.1485781785277485,0.75,-4.0,6.0,-1.4447376947426458,0.0,0.891469071166491,0.0,2.336206765909137,-0.0860649705912515,-2.314387492838873,1.30255670751091,CONDITIONAL_P75_SCENARIO_EXPOSURE_X_FROZEN_SKU_POLICY_CAP,HISTORICAL_PUBLIC_WEATHER_DERIVED_OVERLAY,PROJECT_ASSUMPTION,NO_REALIZED_FUTURE_WEATHER_USED
2026-06-22,6,2026-08-03,32,APS-001,RETAIL,SCENARIO_ANALOG,FORWARD_SCENARIO_BAND,0,0,2,20,8,9,ADEQUATE,0.3118153545762112,0.1485781785277485,0.75,-4.0,6.0,-1.2472614183048447,0.0,0.891469071166491,0.0,2.1387304894713357,0.0,-2.314387492838873,1.30255670751091,CONDITIONAL_P75_SCENARIO_EXPOSURE_X_FROZEN_SKU_POLICY_CAP,HISTORICAL_PUBLIC_WEATHER_DERIVED_OVERLAY,PROJECT_ASSUMPTION,NO_REALIZED_FUTURE_WEATHER_USED
2026-06-22,7,2026-08-10,33,APS-001,RETAIL,SCENARIO_ANALOG,FORWARD_SCENARIO_BAND,0,0,2,20,10,8,ADEQUATE,0.2658997530872485,0.15499024565279934,0.75,-4.0,6.0,-1.063599012348994,0.0,0.929941473916796,0.0,1.9935404862657902,-0.0860649705912515,-2.314387492838873,1.30255670751091,CONDITIONAL_P75_SCENARIO_EXPOSURE_X_FROZEN_SKU_POLICY_CAP,HISTORICAL_PUBLIC_WEATHER_DERIVED_OVERLAY,PROJECT_ASSUMPTION,NO_REALIZED_FUTURE_WEATHER_USED
2026-06-22,8,2026-08-17,34,APS-001,RETAIL,SCENARIO_ANALOG,FORWARD_SCENARIO_BAND,0,0,2,20,11,7,ADEQUATE,0.2658997530872485,0.1485781785277485,0.75,-4.0,6.0,-1.063599012348994,0.0,0.891469071166491,0.0,1.955068083515485,-0.172129941182503,-1.3189192829239405,1.0453586821677114,CONDITIONAL_P75_SCENARIO_EXPOSURE_X_FROZEN_SKU_POLICY_CAP,HISTORICAL_PUBLIC_WEATHER_DERIVED_OVERLAY,PROJECT_ASSUMPTION,NO_REALIZED_FUTURE_WEATHER_USED
2026-06-22,9,2026-08-24,35,APS-001,RETAIL,SCENARIO_ANALOG,FORWARD_SCENARIO_BAND,0,0,2,20,14,5,ADEQUATE,0.2658997530872485,0.1485781785277485,0.75,-4.0,6.0,-1.063599012348994,0.0,0.891469071166491,0.0,1.955068083515485,-0.3293319346341561,-1.3189192829239405,1.1777876226431123,CONDITIONAL_P75_SCENARIO_EXPOSURE_X_FROZEN_SKU_POLICY_CAP,HISTORICAL_PUBLIC_WEATHER_DERIVED_OVERLAY,PROJECT_ASSUMPTION,NO_REALIZED_FUTURE_WEATHER_USED
2026-06-22,10,2026-08-31,36,APS-001,RETAIL,SCENARIO_ANALOG,FORWARD_SCENARIO_BAND,0,0,3,28,20,8,ADEQUATE,0.2684676727441004,0.15499024565279934,0.75,-4.0,6.0,-1.0738706909764015,0.0,0.929941473916796,0.0,2.0038121648931977,-0.5083309974306445,-1.3189192829239405,1.1777876226431123,CONDITIONAL_P75_SCENARIO_EXPOSURE_X_FROZEN_SKU_POLICY_CAP,HISTORICAL_PUBLIC_WEATHER_DERIVED_OVERLAY,PROJECT_ASSUMPTION,NO_REALIZED_FUTURE_WEATHER_USED
2026-06-22,11,2026-09-07,37,APS-001,RETAIL,SCENARIO_ANALOG,FORWARD_SCENARIO_BAND,0,0,2,20,16,5,ADEQUATE,0.28355564907836134,0.1742264470279519,0.75,-4.0,6.0,-1.1342225963134454,0.0,1.0453586821677114,0.0,2.179581278481157,-0.5975662119883853,-1.3189192829239405,1.1777876226431123,CONDITIONAL_P75_SCENARIO_EXPOSURE_X_FROZEN_SKU_POLICY_CAP,HISTORICAL_PUBLIC_WEATHER_DERIVED_OVERLAY,PROJECT_ASSUMPTION,NO_REALIZED_FUTURE_WEATHER_USED
2026-06-22,12,2026-09-14,38,APS-001,RETAIL,SCENARIO_ANALOG,FORWARD_SCENARIO_BAND,0,0,2,20,17,5,ADEQUATE,0.3057083011694773,0.1742264470279519,0.75,-4.0,6.0,-1.2228332046779091,0.0,1.0453586821677114,0.0,2.268191886845621,-0.60786536159391,-1.4672101394446229,1.1777876226431123,CONDITIONAL_P75_SCENARIO_EXPOSURE_X_FROZEN_SKU_POLICY_CAP,HISTORICAL_PUBLIC_WEATHER_DERIVED_OVERLAY,PROJECT_ASSUMPTION,NO_REALIZED_FUTURE_WEATHER_USED
2026-06-22,13,2026-09-21,39,APS-001,RETAIL,SCENARIO_ANALOG,FORWARD_SCENARIO_BAND,0,0,2,20,17,5,ADEQUATE,0.3668025348611557,0.1742264470279519,0.75,-4.0,6.0,-1.4672101394446229,0.0,1.0453586821677114,0.0,2.5125688216123345,-0.60786536159391,-1.6579117264599883,1.1777876226431123,CONDITIONAL_P75_SCENARIO_EXPOSURE_X_FROZEN_SKU_POLICY_CAP,HISTORICAL_PUBLIC_WEATHER_DERIVED_OVERLAY,PROJECT_ASSUMPTION,NO_REALIZED_FUTURE_WEATHER_USED
2026-06-22,1,2026-06-29,27,APS-001,WHOLESALE,NOWCAST_REQUIRED,POINT_IN_TIME_NOWCAST_NOT_SUPPLIED,0,0,3,28,19,6,ADEQUATE,0.28376938563438237,0.14066834886537466,0.75,-4.0,6.0,-1.1350775425375295,0.0,0.844010093192248,0.0,1.9790876357297775,-0.3821562456799473,-1.85188555812248,1.4268499773519217,CONDITIONAL_P75_SCENARIO_EXPOSURE_X_FROZEN_SKU_POLICY_CAP,HISTORICAL_PUBLIC_WEATHER_DERIVED_OVERLAY,PROJECT_ASSUMPTION,NO_REALIZED_FUTURE_WEATHER_USED
2026-06-22,2,2026-07-06,28,APS-001,WHOLESALE,NOWCAST_REQUIRED,POINT_IN_TIME_NOWCAST_NOT_SUPPLIED,0,0,2,20,13,4,ADEQUATE,0.2887722122331604,0.11873508292177623,0.75,-4.0,6.0,-1.1550888489326416,0.0,0.7124104975306573,0.0,1.867499346463299,-0.29168966245501693,-1.85188555812248,0.6466106996998623,CONDITIONAL_P75_SCENARIO_EXPOSURE_X_FROZEN_SKU_POLICY_CAP,HISTORICAL_PUBLIC_WEATHER_DERIVED_OVERLAY,PROJECT_ASSUMPTION,NO_REALIZED_FUTURE_WEATHER_USED
2026-06-22,3,2026-07-13,29,APS-001,WHOLESALE,NOWCAST_REQUIRED,POINT_IN_TIME_NOWCAST_NOT_SUPPLIED,0,0,2,20,12,5,ADEQUATE,0.3087078299472933,0.1516349818371739,0.75,-4.0,6.0,-1.2348313197891732,0.0,0.9098098910230433,0.0,2.1446412108122166,-0.29168966245501693,-2.260182252635928,1.2698631523413104,CONDITIONAL_P75_SCENARIO_EXPOSURE_X_FROZEN_SKU_POLICY_CAP,HISTORICAL_PUBLIC_WEATHER_DERIVED_OVERLAY,PROJECT_ASSUMPTION,NO_REALIZED_FUTURE_WEATHER_USED
2026-06-22,4,2026-07-20,30,APS-001,WHOLESALE,SCENARIO_ANALOG,FORWARD_SCENARIO_BAND,0,0,2,20,10,7,ADEQUATE,0.348579065375559,0.1408151169335437,0.75,-4.0,6.0,-1.394316261502236,0.0,0.8448907016012622,0.0,2.239206963103498,-0.1183293901654355,-2.260182252635928,1.2698631523413104,CONDITIONAL_P75_SCENARIO_EXPOSURE_X_FROZEN_SKU_POLICY_CAP,HISTORICAL_PUBLIC_WEATHER_DERIVED_OVERLAY,PROJECT_ASSUMPTION,NO_REALIZED_FUTURE_WEATHER_USED
2026-06-22,5,2026-07-27,31,APS-001,WHOLESALE,SCENARIO_ANALOG,FORWARD_SCENARIO_BAND,0,0,2,20,10,9,ADEQUATE,0.348579065375559,0.1516349818371739,0.75,-4.0,6.0,-1.394316261502236,0.0,0.9098098910230433,0.0,2.304126152525279,-0.1183293901654355,-2.260182252635928,1.2698631523413104,CONDITIONAL_P75_SCENARIO_EXPOSURE_X_FROZEN_SKU_POLICY_CAP,HISTORICAL_PUBLIC_WEATHER_DERIVED_OVERLAY,PROJECT_ASSUMPTION,NO_REALIZED_FUTURE_WEATHER_USED
2026-06-22,6,2026-08-03,32,APS-001,WHOLESALE,SCENARIO_ANALOG,FORWARD_SCENARIO_BAND,0,0,2,20,8,9,ADEQUATE,0.3323220065575253,0.1516349818371739,0.75,-4.0,6.0,-1.3292880262301012,0.0,0.9098098910230433,0.0,2.2390979172531447,0.0,-2.260182252635928,1.2698631523413104,CONDITIONAL_P75_SCENARIO_EXPOSURE_X_FROZEN_SKU_POLICY_CAP,HISTORICAL_PUBLIC_WEATHER_DERIVED_OVERLAY,PROJECT_ASSUMPTION,NO_REALIZED_FUTURE_WEATHER_USED
2026-06-22,7,2026-08-10,33,APS-001,WHOLESALE,SCENARIO_ANALOG,FORWARD_SCENARIO_BAND,0,0,2,20,10,8,ADEQUATE,0.2887722122331604,0.15719168235715802,0.75,-4.0,6.0,-1.1550888489326416,0.0,0.9431500941429481,0.0,2.09823894307559,-0.1183293901654355,-2.260182252635928,1.2698631523413104,CONDITIONAL_P75_SCENARIO_EXPOSURE_X_FROZEN_SKU_POLICY_CAP,HISTORICAL_PUBLIC_WEATHER_DERIVED_OVERLAY,PROJECT_ASSUMPTION,NO_REALIZED_FUTURE_WEATHER_USED
2026-06-22,8,2026-08-17,34,APS-001,WHOLESALE,SCENARIO_ANALOG,FORWARD_SCENARIO_BAND,0,0,2,20,11,7,ADEQUATE,0.2887722122331604,0.1516349818371739,0.75,-4.0,6.0,-1.1550888489326416,0.0,0.9098098910230433,0.0,2.064898739955685,-0.24096886912023466,-1.280176034099872,1.0431707035026627,CONDITIONAL_P75_SCENARIO_EXPOSURE_X_FROZEN_SKU_POLICY_CAP,HISTORICAL_PUBLIC_WEATHER_DERIVED_OVERLAY,PROJECT_ASSUMPTION,NO_REALIZED_FUTURE_WEATHER_USED
2026-06-22,9,2026-08-24,35,APS-001,WHOLESALE,SCENARIO_ANALOG,FORWARD_SCENARIO_BAND,0,0,2,20,14,5,ADEQUATE,0.2887722122331604,0.1516349818371739,0.75,-4.0,6.0,-1.1550888489326416,0.0,0.9098098910230433,0.0,2.064898739955685,-0.3324490291917871,-1.280176034099872,1.0479142909162418,CONDITIONAL_P75_SCENARIO_EXPOSURE_X_FROZEN_SKU_POLICY_CAP,HISTORICAL_PUBLIC_WEATHER_DERIVED_OVERLAY,PROJECT_ASSUMPTION,NO_REALIZED_FUTURE_WEATHER_USED
2026-06-22,10,2026-08-31,36,APS-001,WHOLESALE,SCENARIO_ANALOG,FORWARD_SCENARIO_BAND,0,0,3,28,20,8,ADEQUATE,0.2887722122331604,0.15719168235715802,0.75,-4.0,6.0,-1.1550888489326416,0.0,0.9431500941429481,0.0,2.09823894307559,-0.4790975948093952,-1.280176034099872,1.0479142909162418,CONDITIONAL_P75_SCENARIO_EXPOSURE_X_FROZEN_SKU_POLICY_CAP,HISTORICAL_PUBLIC_WEATHER_DERIVED_OVERLAY,PROJECT_ASSUMPTION,NO_REALIZED_FUTURE_WEATHER_USED
2026-06-22,11,2026-09-07,37,APS-001,WHOLESALE,SCENARIO_ANALOG,FORWARD_SCENARIO_BAND,0,0,2,20,16,5,ADEQUATE,0.2887722122331604,0.1738617839171104,0.75,-4.0,6.0,-1.1550888489326416,0.0,1.0431707035026625,0.0,2.198259552435304,-0.572558008246755,-1.280176034099872,1.0479142909162418,CONDITIONAL_P75_SCENARIO_EXPOSURE_X_FROZEN_SKU_POLICY_CAP,HISTORICAL_PUBLIC_WEATHER_DERIVED_OVERLAY,PROJECT_ASSUMPTION,NO_REALIZED_FUTURE_WEATHER_USED
2026-06-22,12,2026-09-14,38,APS-001,WHOLESALE,SCENARIO_ANALOG,FORWARD_SCENARIO_BAND,0,0,2,20,17,5,ADEQUATE,0.2887722122331604,0.1738617839171104,0.75,-4.0,6.0,-1.1550888489326416,0.0,1.0431707035026625,0.0,2.198259552435304,-0.6381498305863593,-1.4597596270283366,1.0479142909162418,CONDITIONAL_P75_SCENARIO_EXPOSURE_X_FROZEN_SKU_POLICY_CAP,HISTORICAL_PUBLIC_WEATHER_DERIVED_OVERLAY,PROJECT_ASSUMPTION,NO_REALIZED_FUTURE_WEATHER_USED
2026-06-22,13,2026-09-21,39,APS-001,WHOLESALE,SCENARIO_ANALOG,FORWARD_SCENARIO_BAND,0,0,2,20,17,5,ADEQUATE,0.3649399067570841,0.1738617839171104,0.75,-4.0,6.0,-1.4597596270283364,0.0,1.0431707035026625,0.0,2.502930330530999,-0.6381498305863593,-1.7616287762813374,1.0479142909162418,CONDITIONAL_P75_SCENARIO_EXPOSURE_X_FROZEN_SKU_POLICY_CAP,HISTORICAL_PUBLIC_WEATHER_DERIVED_OVERLAY,PROJECT_ASSUMPTION,NO_REALIZED_FUTURE_WEATHER_USED
2026-06-22,1,2026-06-29,27,CTS-001,ECOM,NOWCAST_REQUIRED,POINT_IN_TIME_NOWCAST_NOT_SUPPLIED,0,0,3,28,19,6,ADEQUATE,0.29619068791493197,0.1124657195383551,0.75,-3.0,4.0,-0.8885720637447959,0.0,0.4498628781534204,0.0,1.3384349418982162,-0.3076046550256573,-1.4235317213974017,0.8202790800684194,CONDITIONAL_P75_SCENARIO_EXPOSURE_X_FROZEN_SKU_POLICY_CAP,HISTORICAL_PUBLIC_WEATHER_DERIVED_OVERLAY,PROJECT_ASSUMPTION,NO_REALIZED_FUTURE_WEATHER_USED
2026-06-22,2,2026-07-06,28,CTS-001,ECOM,NOWCAST_REQUIRED,POINT_IN_TIME_NOWCAST_NOT_SUPPLIED,0,0,2,20,13,4,ADEQUATE,0.2768123586781817,0.1109170869776137,0.75,-3.0,4.0,-0.8304370760345452,0.0,0.4436683479104548,0.0,1.274105423945,-0.20236165729624916,-1.4235317213974017,0.4405710827889721,CONDITIONAL_P75_SCENARIO_EXPOSURE_X_FROZEN_SKU_POLICY_CAP,HISTORICAL_PUBLIC_WEATHER_DERIVED_OVERLAY,PROJECT_ASSUMPTION,NO_REALIZED_FUTURE_WEATHER_USED
2026-06-22,3,2026-07-13,29,CTS-001,ECOM,NOWCAST_REQUIRED,POINT_IN_TIME_NOWCAST_NOT_SUPPLIED,0,0,2,20,12,5,ADEQUATE,0.30085123022911175,0.1132400358187258,0.75,-3.0,4.0,-0.9025536906873353,0.0,0.4529601432749032,0.0,1.3555138339622386,-0.20236165729624916,-1.7218772381796588,0.6825554541957817,CONDITIONAL_P75_SCENARIO_EXPOSURE_X_FROZEN_SKU_POLICY_CAP,HISTORICAL_PUBLIC_WEATHER_DERIVED_OVERLAY,PROJECT_ASSUMPTION,NO_REALIZED_FUTURE_WEATHER_USED
2026-06-22,4,2026-07-20,30,CTS-001,ECOM,SCENARIO_ANALOG,FORWARD_SCENARIO_BAND,0,0,2,20,10,7,ADEQUATE,0.34892897333097184,0.1403908171230942,0.75,-3.0,4.0,-1.0467869199929156,0.0,0.5615632684923768,0.0,1.6083501884852924,-0.06461705599868055,-1.7218772381796588,0.7335096988927445,CONDITIONAL_P75_SCENARIO_EXPOSURE_X_FROZEN_SKU_POLICY_CAP,HISTORICAL_PUBLIC_WEATHER_DERIVED_OVERLAY,PROJECT_ASSUMPTION,NO_REALIZED_FUTURE_WEATHER_USED
2026-06-22,5,2026-07-27,31,CTS-001,ECOM,SCENARIO_ANALOG,FORWARD_SCENARIO_BAND,0,0,2,20,10,9,ADEQUATE,0.34892897333097184,0.1132400358187258,0.75,-3.0,4.0,-1.0467869199929156,0.0,0.4529601432749032,0.0,1.4997470632678187,-0.06461705599868055,-1.7218772381796588,0.7335096988927445,CONDITIONAL_P75_SCENARIO_EXPOSURE_X_FROZEN_SKU_POLICY_CAP,HISTORICAL_PUBLIC_WEATHER_DERIVED_OVERLAY,PROJECT_ASSUMPTION,NO_REALIZED_FUTURE_WEATHER_USED
2026-06-22,6,2026-08-03,32,CTS-001,ECOM,SCENARIO_ANALOG,FORWARD_SCENARIO_BAND,0,0,2,20,8,9,ADEQUATE,0.32623691245841974,0.1132400358187258,0.75,-3.0,4.0,-0.9787107373752593,0.0,0.4529601432749032,0.0,1.4316708806501626,0.0,-1.7218772381796588,0.7335096988927445,CONDITIONAL_P75_SCENARIO_EXPOSURE_X_FROZEN_SKU_POLICY_CAP,HISTORICAL_PUBLIC_WEATHER_DERIVED_OVERLAY,PROJECT_ASSUMPTION,NO_REALIZED_FUTURE_WEATHER_USED
2026-06-22,7,2026-08-10,33,CTS-001,ECOM,SCENARIO_ANALOG,FORWARD_SCENARIO_BAND,0,0,2,20,10,8,ADEQUATE,0.2768123586781817,0.1275897427512807,0.75,-3.0,4.0,-0.8304370760345452,0.0,0.5103589710051228,0.0,1.340796047039668,-0.11574644854582675,-1.7218772381796588,0.7335096988927445,CONDITIONAL_P75_SCENARIO_EXPOSURE_X_FROZEN_SKU_POLICY_CAP,HISTORICAL_PUBLIC_WEATHER_DERIVED_OVERLAY,PROJECT_ASSUMPTION,NO_REALIZED_FUTURE_WEATHER_USED
2026-06-22,8,2026-08-17,34,CTS-001,ECOM,SCENARIO_ANALOG,FORWARD_SCENARIO_BAND,0,0,2,20,11,7,ADEQUATE,0.2768123586781817,0.1132400358187258,0.75,-3.0,4.0,-0.8304370760345452,0.0,0.4529601432749032,0.0,1.2833972193094483,-0.3044849149256478,-0.9978179599553544,0.7335096988927445,CONDITIONAL_P75_SCENARIO_EXPOSURE_X_FROZEN_SKU_POLICY_CAP,HISTORICAL_PUBLIC_WEATHER_DERIVED_OVERLAY,PROJECT_ASSUMPTION,NO_REALIZED_FUTURE_WEATHER_USED
2026-06-22,9,2026-08-24,35,CTS-001,ECOM,SCENARIO_ANALOG,FORWARD_SCENARIO_BAND,0,0,2,20,14,5,ADEQUATE,0.2768123586781817,0.1132400358187258,0.75,-3.0,4.0,-0.8304370760345452,0.0,0.4529601432749032,0.0,1.2833972193094483,-0.3774769327596421,-0.9978179599553544,0.5220640888997975,CONDITIONAL_P75_SCENARIO_EXPOSURE_X_FROZEN_SKU_POLICY_CAP,HISTORICAL_PUBLIC_WEATHER_DERIVED_OVERLAY,PROJECT_ASSUMPTION,NO_REALIZED_FUTURE_WEATHER_USED
2026-06-22,10,2026-08-31,36,CTS-001,ECOM,SCENARIO_ANALOG,FORWARD_SCENARIO_BAND,0,0,3,28,20,8,ADEQUATE,0.2768123586781817,0.13077438304484088,0.75,-3.0,4.0,-0.8304370760345452,0.0,0.5230975321793635,0.0,1.3535346082139088,-0.38702585502256526,-0.9978179599553544,0.5220640888997975,CONDITIONAL_P75_SCENARIO_EXPOSURE_X_FROZEN_SKU_POLICY_CAP,HISTORICAL_PUBLIC_WEATHER_DERIVED_OVERLAY,PROJECT_ASSUMPTION,NO_REALIZED_FUTURE_WEATHER_USED
2026-06-22,11,2026-09-07,37,CTS-001,ECOM,SCENARIO_ANALOG,FORWARD_SCENARIO_BAND,0,0,2,20,16,5,ADEQUATE,0.27796430759790997,0.1833774247231861,0.75,-3.0,4.0,-0.83389292279373,0.0,0.7335096988927444,0.0,1.5674026216864743,-0.4160124282769614,-0.9978179599553544,0.5220640888997975,CONDITIONAL_P75_SCENARIO_EXPOSURE_X_FROZEN_SKU_POLICY_CAP,HISTORICAL_PUBLIC_WEATHER_DERIVED_OVERLAY,PROJECT_ASSUMPTION,NO_REALIZED_FUTURE_WEATHER_USED
2026-06-22,12,2026-09-14,38,CTS-001,ECOM,SCENARIO_ANALOG,FORWARD_SCENARIO_BAND,0,0,2,20,17,5,ADEQUATE,0.2814201543570948,0.1833774247231861,0.75,-3.0,4.0,-0.8442604630712843,0.0,0.7335096988927444,0.0,1.5777701619640288,-0.4475562516787623,-1.26107155603313,0.5220640888997975,CONDITIONAL_P75_SCENARIO_EXPOSURE_X_FROZEN_SKU_POLICY_CAP,HISTORICAL_PUBLIC_WEATHER_DERIVED_OVERLAY,PROJECT_ASSUMPTION,NO_REALIZED_FUTURE_WEATHER_USED
2026-06-22,13,2026-09-21,39,CTS-001,ECOM,SCENARIO_ANALOG,FORWARD_SCENARIO_BAND,0,0,2,20,17,5,ADEQUATE,0.3900523944969076,0.1833774247231861,0.75,-3.0,4.0,-1.1701571834907227,0.0,0.7335096988927444,0.0,1.903666882383467,-0.4281186006872893,-1.26107155603313,0.5220640888997975,CONDITIONAL_P75_SCENARIO_EXPOSURE_X_FROZEN_SKU_POLICY_CAP,HISTORICAL_PUBLIC_WEATHER_DERIVED_OVERLAY,PROJECT_ASSUMPTION,NO_REALIZED_FUTURE_WEATHER_USED
2026-06-22,1,2026-06-29,27,CTS-001,RETAIL,NOWCAST_REQUIRED,POINT_IN_TIME_NOWCAST_NOT_SUPPLIED,0,0,3,28,19,6,ADEQUATE,0.29904425284198366,0.11258669781589457,0.75,-3.0,4.0,-0.897132758525951,0.0,0.4503467912635783,0.0,1.3474795497895293,-0.30624204241828384,-1.445145755536824,0.8166454464487569,CONDITIONAL_P75_SCENARIO_EXPOSURE_X_FROZEN_SKU_POLICY_CAP,HISTORICAL_PUBLIC_WEATHER_DERIVED_OVERLAY,PROJECT_ASSUMPTION,NO_REALIZED_FUTURE_WEATHER_USED
2026-06-22,2,2026-07-06,28,CTS-001,RETAIL,NOWCAST_REQUIRED,POINT_IN_TIME_NOWCAST_NOT_SUPPLIED,0,0,2,20,13,4,ADEQUATE,0.2830757385358141,0.11133906612001332,0.75,-3.0,4.0,-0.8492272156074423,0.0,0.4453562644800533,0.0,1.2945834800874956,-0.2023216416856012,-1.445145755536824,0.4428610010882908,CONDITIONAL_P75_SCENARIO_EXPOSURE_X_FROZEN_SKU_POLICY_CAP,HISTORICAL_PUBLIC_WEATHER_DERIVED_OVERLAY,PROJECT_ASSUMPTION,NO_REALIZED_FUTURE_WEATHER_USED
2026-06-22,3,2026-07-13,29,CTS-001,RETAIL,NOWCAST_REQUIRED,POINT_IN_TIME_NOWCAST_NOT_SUPPLIED,0,0,2,20,12,5,ADEQUATE,0.305962646111525,0.1132105136638352,0.75,-3.0,4.0,-0.917887938334575,0.0,0.4528420546553408,0.0,1.370729992989916,-0.2023216416856012,-1.699088435475982,0.6912844614173594,CONDITIONAL_P75_SCENARIO_EXPOSURE_X_FROZEN_SKU_POLICY_CAP,HISTORICAL_PUBLIC_WEATHER_DERIVED_OVERLAY,PROJECT_ASSUMPTION,NO_REALIZED_FUTURE_WEATHER_USED
2026-06-22,4,2026-07-20,30,CTS-001,RETAIL,SCENARIO_ANALOG,FORWARD_SCENARIO_BAND,0,0,2,20,10,7,ADEQUATE,0.35173646126294694,0.14176818281320624,0.75,-3.0,4.0,-1.0552093837888408,0.0,0.567072731252825,0.0,1.6222821150416658,-0.06589536976307026,-1.699088435475982,0.7318366325120109,CONDITIONAL_P75_SCENARIO_EXPOSURE_X_FROZEN_SKU_POLICY_CAP,HISTORICAL_PUBLIC_WEATHER_DERIVED_OVERLAY,PROJECT_ASSUMPTION,NO_REALIZED_FUTURE_WEATHER_USED
2026-06-22,5,2026-07-27,31,CTS-001,RETAIL,SCENARIO_ANALOG,FORWARD_SCENARIO_BAND,0,0,2,20,10,9,ADEQUATE,0.35173646126294694,0.1132105136638352,0.75,-3.0,4.0,-1.0552093837888408,0.0,0.4528420546553408,0.0,1.5080514384441814,-0.06589536976307026,-1.699088435475982,0.7318366325120109,CONDITIONAL_P75_SCENARIO_EXPOSURE_X_FROZEN_SKU_POLICY_CAP,HISTORICAL_PUBLIC_WEATHER_DERIVED_OVERLAY,PROJECT_ASSUMPTION,NO_REALIZED_FUTURE_WEATHER_USED
2026-06-22,6,2026-08-03,32,CTS-001,RETAIL,SCENARIO_ANALOG,FORWARD_SCENARIO_BAND,0,0,2,20,8,9,ADEQUATE,0.33273561686326253,0.1132105136638352,0.75,-3.0,4.0,-0.9982068505897876,0.0,0.4528420546553408,0.0,1.4510489052451283,0.0,-1.699088435475982,0.7318366325120109,CONDITIONAL_P75_SCENARIO_EXPOSURE_X_FROZEN_SKU_POLICY_CAP,HISTORICAL_PUBLIC_WEATHER_DERIVED_OVERLAY,PROJECT_ASSUMPTION,NO_REALIZED_FUTURE_WEATHER_USED
2026-06-22,7,2026-08-10,33,CTS-001,RETAIL,SCENARIO_ANALOG,FORWARD_SCENARIO_BAND,0,0,2,20,10,8,ADEQUATE,0.2830757385358141,0.12811316408646134,0.75,-3.0,4.0,-0.8492272156074423,0.0,0.5124526563458454,0.0,1.3616798719532877,-0.1130761849086114,-1.699088435475982,0.7318366325120109,CONDITIONAL_P75_SCENARIO_EXPOSURE_X_FROZEN_SKU_POLICY_CAP,HISTORICAL_PUBLIC_WEATHER_DERIVED_OVERLAY,PROJECT_ASSUMPTION,NO_REALIZED_FUTURE_WEATHER_USED
2026-06-22,8,2026-08-17,34,CTS-001,RETAIL,SCENARIO_ANALOG,FORWARD_SCENARIO_BAND,0,0,2,20,11,7,ADEQUATE,0.2830757385358141,0.1132105136638352,0.75,-3.0,4.0,-0.8492272156074423,0.0,0.4528420546553408,0.0,1.3020692702627832,-0.31115659843883725,-1.0005618233005835,0.7318366325120109,CONDITIONAL_P75_SCENARIO_EXPOSURE_X_FROZEN_SKU_POLICY_CAP,HISTORICAL_PUBLIC_WEATHER_DERIVED_OVERLAY,PROJECT_ASSUMPTION,NO_REALIZED_FUTURE_WEATHER_USED
2026-06-22,9,2026-08-24,35,CTS-001,RETAIL,SCENARIO_ANALOG,FORWARD_SCENARIO_BAND,0,0,2,20,14,5,ADEQUATE,0.2830757385358141,0.1132105136638352,0.75,-3.0,4.0,-0.8492272156074423,0.0,0.4528420546553408,0.0,1.3020692702627832,-0.39627299400627647,-1.0005618233005835,0.5171200003935847,CONDITIONAL_P75_SCENARIO_EXPOSURE_X_FROZEN_SKU_POLICY_CAP,HISTORICAL_PUBLIC_WEATHER_DERIVED_OVERLAY,PROJECT_ASSUMPTION,NO_REALIZED_FUTURE_WEATHER_USED
2026-06-22,10,2026-08-31,36,CTS-001,RETAIL,SCENARIO_ANALOG,FORWARD_SCENARIO_BAND,0,0,3,28,20,8,ADEQUATE,0.2830757385358141,0.13064767477987707,0.75,-3.0,4.0,-0.8492272156074423,0.0,0.5225906991195083,0.0,1.3718179147269507,-0.3963851609521013,-1.0005618233005835,0.5171200003935847,CONDITIONAL_P75_SCENARIO_EXPOSURE_X_FROZEN_SKU_POLICY_CAP,HISTORICAL_PUBLIC_WEATHER_DERIVED_OVERLAY,PROJECT_ASSUMPTION,NO_REALIZED_FUTURE_WEATHER_USED
2026-06-22,11,2026-09-07,37,CTS-001,RETAIL,SCENARIO_ANALOG,FORWARD_SCENARIO_BAND,0,0,2,20,16,5,ADEQUATE,0.2830757385358141,0.1829591581280027,0.75,-3.0,4.0,-0.8492272156074423,0.0,0.7318366325120108,0.0,1.5810638481194532,-0.40540187699605884,-1.0005618233005835,0.5171200003935847,CONDITIONAL_P75_SCENARIO_EXPOSURE_X_FROZEN_SKU_POLICY_CAP,HISTORICAL_PUBLIC_WEATHER_DERIVED_OVERLAY,PROJECT_ASSUMPTION,NO_REALIZED_FUTURE_WEATHER_USED
2026-06-22,12,2026-09-14,38,CTS-001,RETAIL,SCENARIO_ANALOG,FORWARD_SCENARIO_BAND,0,0,2,20,17,5,ADEQUATE,0.2830757385358141,0.1829591581280027,0.75,-3.0,4.0,-0.8492272156074423,0.0,0.7318366325120108,0.0,1.5810638481194532,-0.4391775416911875,-1.2361486112690865,0.5171200003935847,CONDITIONAL_P75_SCENARIO_EXPOSURE_X_FROZEN_SKU_POLICY_CAP,HISTORICAL_PUBLIC_WEATHER_DERIVED_OVERLAY,PROJECT_ASSUMPTION,NO_REALIZED_FUTURE_WEATHER_USED
2026-06-22,13,2026-09-21,39,CTS-001,RETAIL,SCENARIO_ANALOG,FORWARD_SCENARIO_BAND,0,0,2,20,17,5,ADEQUATE,0.3834036536973246,0.1829591581280027,0.75,-3.0,4.0,-1.1502109610919737,0.0,0.7318366325120108,0.0,1.8820475936039847,-0.4300486587014052,-1.2361486112690865,0.5171200003935847,CONDITIONAL_P75_SCENARIO_EXPOSURE_X_FROZEN_SKU_POLICY_CAP,HISTORICAL_PUBLIC_WEATHER_DERIVED_OVERLAY,PROJECT_ASSUMPTION,NO_REALIZED_FUTURE_WEATHER_USED
2026-06-22,1,2026-06-29,27,CTS-001,WHOLESALE,NOWCAST_REQUIRED,POINT_IN_TIME_NOWCAST_NOT_SUPPLIED,0,0,3,28,19,6,ADEQUATE,0.2925542000335326,0.11296366885670547,0.75,-3.0,4.0,-0.8776626001005978,0.0,0.4518546754268219,0.0,1.3295172755274196,-0.3178006765542003,-1.406042434940043,0.8474684708112009,CONDITIONAL_P75_SCENARIO_EXPOSURE_X_FROZEN_SKU_POLICY_CAP,HISTORICAL_PUBLIC_WEATHER_DERIVED_OVERLAY,PROJECT_ASSUMPTION,NO_REALIZED_FUTURE_WEATHER_USED
2026-06-22,2,2026-07-06,28,CTS-001,WHOLESALE,NOWCAST_REQUIRED,POINT_IN_TIME_NOWCAST_NOT_SUPPLIED,0,0,2,20,13,4,ADEQUATE,0.2753486005739948,0.11188565646712702,0.75,-3.0,4.0,-0.8260458017219844,0.0,0.44754262586850807,0.0,1.2735884275904925,-0.21910359899588133,-1.406042434940043,0.4453866010893514,CONDITIONAL_P75_SCENARIO_EXPOSURE_X_FROZEN_SKU_POLICY_CAP,HISTORICAL_PUBLIC_WEATHER_DERIVED_OVERLAY,PROJECT_ASSUMPTION,NO_REALIZED_FUTURE_WEATHER_USED
2026-06-22,3,2026-07-13,29,CTS-001,WHOLESALE,NOWCAST_REQUIRED,POINT_IN_TIME_NOWCAST_NOT_SUPPLIED,0,0,2,20,12,5,ADEQUATE,0.2986567198099304,0.1135026750514947,0.75,-3.0,4.0,-0.8959701594297913,0.0,0.4540107002059788,0.0,1.34998085963577,-0.21910359899588133,-1.7023970362500989,0.6892958123046456,CONDITIONAL_P75_SCENARIO_EXPOSURE_X_FROZEN_SKU_POLICY_CAP,HISTORICAL_PUBLIC_WEATHER_DERIVED_OVERLAY,PROJECT_ASSUMPTION,NO_REALIZED_FUTURE_WEATHER_USED
2026-06-22,4,2026-07-20,30,CTS-001,WHOLESALE,SCENARIO_ANALOG,FORWARD_SCENARIO_BAND,0,0,2,20,10,7,ADEQUATE,0.34527295828180166,0.1418353016742496,0.75,-3.0,4.0,-1.035818874845405,0.0,0.5673412066969984,0.0,1.6031600815424034,-0.07155693501892305,-1.7023970362500989,0.7288622255758731,CONDITIONAL_P75_SCENARIO_EXPOSURE_X_FROZEN_SKU_POLICY_CAP,HISTORICAL_PUBLIC_WEATHER_DERIVED_OVERLAY,PROJECT_ASSUMPTION,NO_REALIZED_FUTURE_WEATHER_USED
2026-06-22,5,2026-07-27,31,CTS-001,WHOLESALE,SCENARIO_ANALOG,FORWARD_SCENARIO_BAND,0,0,2,20,10,9,ADEQUATE,0.34527295828180166,0.1135026750514947,0.75,-3.0,4.0,-1.035818874845405,0.0,0.4540107002059788,0.0,1.4898295750513837,-0.07155693501892305,-1.7023970362500989,0.7288622255758731,CONDITIONAL_P75_SCENARIO_EXPOSURE_X_FROZEN_SKU_POLICY_CAP,HISTORICAL_PUBLIC_WEATHER_DERIVED_OVERLAY,PROJECT_ASSUMPTION,NO_REALIZED_FUTURE_WEATHER_USED
2026-06-22,6,2026-08-03,32,CTS-001,WHOLESALE,SCENARIO_ANALOG,FORWARD_SCENARIO_BAND,0,0,2,20,8,9,ADEQUATE,0.32368165334216636,0.1135026750514947,0.75,-3.0,4.0,-0.9710449600264991,0.0,0.4540107002059788,0.0,1.425055660232478,0.0,-1.7023970362500989,0.7288622255758731,CONDITIONAL_P75_SCENARIO_EXPOSURE_X_FROZEN_SKU_POLICY_CAP,HISTORICAL_PUBLIC_WEATHER_DERIVED_OVERLAY,PROJECT_ASSUMPTION,NO_REALIZED_FUTURE_WEATHER_USED
2026-06-22,7,2026-08-10,33,CTS-001,WHOLESALE,SCENARIO_ANALOG,FORWARD_SCENARIO_BAND,0,0,2,20,10,8,ADEQUATE,0.2753486005739948,0.12820799455766138,0.75,-3.0,4.0,-0.8260458017219844,0.0,0.5128319782306455,0.0,1.33887777995263,-0.116169728080936,-1.7023970362500989,0.7288622255758731,CONDITIONAL_P75_SCENARIO_EXPOSURE_X_FROZEN_SKU_POLICY_CAP,HISTORICAL_PUBLIC_WEATHER_DERIVED_OVERLAY,PROJECT_ASSUMPTION,NO_REALIZED_FUTURE_WEATHER_USED
2026-06-22,8,2026-08-17,34,CTS-001,WHOLESALE,SCENARIO_ANALOG,FORWARD_SCENARIO_BAND,0,0,2,20,11,7,ADEQUATE,0.2753486005739948,0.1135026750514947,0.75,-3.0,4.0,-0.8260458017219844,0.0,0.4540107002059788,0.0,1.2800565019279633,-0.3021872788389388,-1.0182038312098216,0.7288622255758731,CONDITIONAL_P75_SCENARIO_EXPOSURE_X_FROZEN_SKU_POLICY_CAP,HISTORICAL_PUBLIC_WEATHER_DERIVED_OVERLAY,PROJECT_ASSUMPTION,NO_REALIZED_FUTURE_WEATHER_USED
2026-06-22,9,2026-08-24,35,CTS-001,WHOLESALE,SCENARIO_ANALOG,FORWARD_SCENARIO_BAND,0,0,2,20,14,5,ADEQUATE,0.2753486005739948,0.1135026750514947,0.75,-3.0,4.0,-0.8260458017219844,0.0,0.4540107002059788,0.0,1.2800565019279633,-0.3720351015160056,-1.0182038312098216,0.4870338517475281,CONDITIONAL_P75_SCENARIO_EXPOSURE_X_FROZEN_SKU_POLICY_CAP,HISTORICAL_PUBLIC_WEATHER_DERIVED_OVERLAY,PROJECT_ASSUMPTION,NO_REALIZED_FUTURE_WEATHER_USED
2026-06-22,10,2026-08-31,36,CTS-001,WHOLESALE,SCENARIO_ANALOG,FORWARD_SCENARIO_BAND,0,0,3,28,20,8,ADEQUATE,0.2753486005739948,0.13068089538711308,0.75,-3.0,4.0,-0.8260458017219844,0.0,0.5227235815484523,0.0,1.3487693832704366,-0.3773339154066562,-1.0182038312098216,0.4870338517475281,CONDITIONAL_P75_SCENARIO_EXPOSURE_X_FROZEN_SKU_POLICY_CAP,HISTORICAL_PUBLIC_WEATHER_DERIVED_OVERLAY,PROJECT_ASSUMPTION,NO_REALIZED_FUTURE_WEATHER_USED
2026-06-22,11,2026-09-07,37,CTS-001,WHOLESALE,SCENARIO_ANALOG,FORWARD_SCENARIO_BAND,0,0,2,20,16,5,ADEQUATE,0.27769394137426473,0.1822155563939682,0.75,-3.0,4.0,-0.8330818241227942,0.0,0.7288622255758728,0.0,1.561944049698667,-0.4076211709568549,-1.0182038312098216,0.4870338517475281,CONDITIONAL_P75_SCENARIO_EXPOSURE_X_FROZEN_SKU_POLICY_CAP,HISTORICAL_PUBLIC_WEATHER_DERIVED_OVERLAY,PROJECT_ASSUMPTION,NO_REALIZED_FUTURE_WEATHER_USED
2026-06-22,12,2026-09-14,38,CTS-001,WHOLESALE,SCENARIO_ANALOG,FORWARD_SCENARIO_BAND,0,0,2,20,17,5,ADEQUATE,0.2847299637750745,0.1822155563939682,0.75,-3.0,4.0,-0.8541898913252235,0.0,0.7288622255758728,0.0,1.5830521169010963,-0.4548817167356314,-1.2743496097522244,0.4870338517475281,CONDITIONAL_P75_SCENARIO_EXPOSURE_X_FROZEN_SKU_POLICY_CAP,HISTORICAL_PUBLIC_WEATHER_DERIVED_OVERLAY,PROJECT_ASSUMPTION,NO_REALIZED_FUTURE_WEATHER_USED
2026-06-22,13,2026-09-21,39,CTS-001,WHOLESALE,SCENARIO_ANALOG,FORWARD_SCENARIO_BAND,0,0,2,20,17,5,ADEQUATE,0.3852501223560646,0.1822155563939682,0.75,-3.0,4.0,-1.155750367068194,0.0,0.7288622255758728,0.0,1.8846125926440667,-0.4298932750760832,-1.2743496097522244,0.4870338517475281,CONDITIONAL_P75_SCENARIO_EXPOSURE_X_FROZEN_SKU_POLICY_CAP,HISTORICAL_PUBLIC_WEATHER_DERIVED_OVERLAY,PROJECT_ASSUMPTION,NO_REALIZED_FUTURE_WEATHER_USED
2026-06-22,1,2026-06-29,27,IMH-001,ECOM,NOWCAST_REQUIRED,POINT_IN_TIME_NOWCAST_NOT_SUPPLIED,0,0,3,28,19,6,ADEQUATE,0.27909766265231306,0.11414801321394526,0.75,-4.0,5.0,-1.1163906506092522,0.0,0.5707400660697263,0.0,1.6871307166789786,-0.38876836814023236,-1.7875566493359545,1.1019766325577725,CONDITIONAL_P75_SCENARIO_EXPOSURE_X_FROZEN_SKU_POLICY_CAP,HISTORICAL_PUBLIC_WEATHER_DERIVED_OVERLAY,PROJECT_ASSUMPTION,NO_REALIZED_FUTURE_WEATHER_USED
2026-06-22,2,2026-07-06,28,IMH-001,ECOM,NOWCAST_REQUIRED,POINT_IN_TIME_NOWCAST_NOT_SUPPLIED,0,0,2,20,13,4,ADEQUATE,0.2697095530761241,0.09328255687584075,0.75,-4.0,5.0,-1.0788382123044964,0.0,0.46641278437920375,0.0,1.5452509966837003,-0.3164581142935512,-1.7875566493359545,0.4142491435339425,CONDITIONAL_P75_SCENARIO_EXPOSURE_X_FROZEN_SKU_POLICY_CAP,HISTORICAL_PUBLIC_WEATHER_DERIVED_OVERLAY,PROJECT_ASSUMPTION,NO_REALIZED_FUTURE_WEATHER_USED
2026-06-22,3,2026-07-13,29,IMH-001,ECOM,NOWCAST_REQUIRED,POINT_IN_TIME_NOWCAST_NOT_SUPPLIED,0,0,2,20,12,5,ADEQUATE,0.30741079381429526,0.1245807413829975,0.75,-4.0,5.0,-1.229643175257181,0.0,0.6229037069149875,0.0,1.8525468821721685,-0.3164581142935512,-2.347845926236268,0.9701034010318728,CONDITIONAL_P75_SCENARIO_EXPOSURE_X_FROZEN_SKU_POLICY_CAP,HISTORICAL_PUBLIC_WEATHER_DERIVED_OVERLAY,PROJECT_ASSUMPTION,NO_REALIZED_FUTURE_WEATHER_USED
2026-06-22,4,2026-07-20,30,IMH-001,ECOM,SCENARIO_ANALOG,FORWARD_SCENARIO_BAND,0,0,2,20,10,7,ADEQUATE,0.38281327529063747,0.13001471898232647,0.75,-4.0,5.0,-1.5312531011625499,0.0,0.6500735949116323,0.0,2.181326696074182,-0.1248289440364375,-2.347845926236268,0.9701034010318728,CONDITIONAL_P75_SCENARIO_EXPOSURE_X_FROZEN_SKU_POLICY_CAP,HISTORICAL_PUBLIC_WEATHER_DERIVED_OVERLAY,PROJECT_ASSUMPTION,NO_REALIZED_FUTURE_WEATHER_USED
2026-06-22,5,2026-07-27,31,IMH-001,ECOM,SCENARIO_ANALOG,FORWARD_SCENARIO_BAND,0,0,2,20,10,9,ADEQUATE,0.38281327529063747,0.1245807413829975,0.75,-4.0,5.0,-1.5312531011625499,0.0,0.6229037069149875,0.0,2.1541568080775373,-0.1248289440364375,-2.347845926236268,0.9701034010318728,CONDITIONAL_P75_SCENARIO_EXPOSURE_X_FROZEN_SKU_POLICY_CAP,HISTORICAL_PUBLIC_WEATHER_DERIVED_OVERLAY,PROJECT_ASSUMPTION,NO_REALIZED_FUTURE_WEATHER_USED
2026-06-22,6,2026-08-03,32,IMH-001,ECOM,SCENARIO_ANALOG,FORWARD_SCENARIO_BAND,0,0,2,20,8,9,ADEQUATE,0.3102794324450986,0.1245807413829975,0.75,-4.0,5.0,-1.2411177297803944,0.0,0.6229037069149875,0.0,1.8640214366953818,0.0,-2.347845926236268,0.9701034010318728,CONDITIONAL_P75_SCENARIO_EXPOSURE_X_FROZEN_SKU_POLICY_CAP,HISTORICAL_PUBLIC_WEATHER_DERIVED_OVERLAY,PROJECT_ASSUMPTION,NO_REALIZED_FUTURE_WEATHER_USED
2026-06-22,7,2026-08-10,33,IMH-001,ECOM,SCENARIO_ANALOG,FORWARD_SCENARIO_BAND,0,0,2,20,10,8,ADEQUATE,0.2642281634293429,0.13773045835171424,0.75,-4.0,5.0,-1.0569126537173716,0.0,0.6886522917585712,0.0,1.7455649454759428,-0.1841161355205046,-2.347845926236268,0.9701034010318728,CONDITIONAL_P75_SCENARIO_EXPOSURE_X_FROZEN_SKU_POLICY_CAP,HISTORICAL_PUBLIC_WEATHER_DERIVED_OVERLAY,PROJECT_ASSUMPTION,NO_REALIZED_FUTURE_WEATHER_USED
2026-06-22,8,2026-08-17,34,IMH-001,ECOM,SCENARIO_ANALOG,FORWARD_SCENARIO_BAND,0,0,2,20,11,7,ADEQUATE,0.2587467737825617,0.1245807413829975,0.75,-4.0,5.0,-1.034987095130247,0.0,0.6229037069149875,0.0,1.6578908020452343,-0.3682322710410092,-1.3697365328391933,0.8858980462893223,CONDITIONAL_P75_SCENARIO_EXPOSURE_X_FROZEN_SKU_POLICY_CAP,HISTORICAL_PUBLIC_WEATHER_DERIVED_OVERLAY,PROJECT_ASSUMPTION,NO_REALIZED_FUTURE_WEATHER_USED
2026-06-22,9,2026-08-24,35,IMH-001,ECOM,SCENARIO_ANALOG,FORWARD_SCENARIO_BAND,0,0,2,20,14,5,ADEQUATE,0.2477839944889993,0.1245807413829975,0.75,-4.0,5.0,-0.9911359779559972,0.0,0.6229037069149875,0.0,1.6140396848709848,-0.4067284614617799,-1.3697365328391933,0.911321343752795,CONDITIONAL_P75_SCENARIO_EXPOSURE_X_FROZEN_SKU_POLICY_CAP,HISTORICAL_PUBLIC_WEATHER_DERIVED_OVERLAY,PROJECT_ASSUMPTION,NO_REALIZED_FUTURE_WEATHER_USED
2026-06-22,10,2026-08-31,36,IMH-001,ECOM,SCENARIO_ANALOG,FORWARD_SCENARIO_BAND,0,0,3,28,20,8,ADEQUATE,0.259753752437476,0.13773045835171424,0.75,-4.0,5.0,-1.039015009749904,0.0,0.6886522917585712,0.0,1.7276673015084754,-0.4717738087072705,-1.4424126977144742,0.911321343752795,CONDITIONAL_P75_SCENARIO_EXPOSURE_X_FROZEN_SKU_POLICY_CAP,HISTORICAL_PUBLIC_WEATHER_DERIVED_OVERLAY,PROJECT_ASSUMPTION,NO_REALIZED_FUTURE_WEATHER_USED
2026-06-22,11,2026-09-07,37,IMH-001,ECOM,SCENARIO_ANALOG,FORWARD_SCENARIO_BAND,0,0,2,20,16,5,ADEQUATE,0.2771137371433202,0.1771796092578644,0.75,-4.0,5.0,-1.1084549485732809,0.0,0.885898046289322,0.0,1.9943529948626029,-0.5396900842160097,-1.4424126977144742,0.911321343752795,CONDITIONAL_P75_SCENARIO_EXPOSURE_X_FROZEN_SKU_POLICY_CAP,HISTORICAL_PUBLIC_WEATHER_DERIVED_OVERLAY,PROJECT_ASSUMPTION,NO_REALIZED_FUTURE_WEATHER_USED
2026-06-22,12,2026-09-14,38,IMH-001,ECOM,SCENARIO_ANALOG,FORWARD_SCENARIO_BAND,0,0,2,20,17,5,ADEQUATE,0.339149491899501,0.1771796092578644,0.75,-4.0,5.0,-1.356597967598004,0.0,0.885898046289322,0.0,2.242496013887326,-0.581057202900029,-1.537201429428236,0.911321343752795,CONDITIONAL_P75_SCENARIO_EXPOSURE_X_FROZEN_SKU_POLICY_CAP,HISTORICAL_PUBLIC_WEATHER_DERIVED_OVERLAY,PROJECT_ASSUMPTION,NO_REALIZED_FUTURE_WEATHER_USED
2026-06-22,13,2026-09-21,39,IMH-001,ECOM,SCENARIO_ANALOG,FORWARD_SCENARIO_BAND,0,0,2,20,17,5,ADEQUATE,0.3723647358719969,0.1771796092578644,0.75,-4.0,5.0,-1.4894589434879877,0.0,0.885898046289322,0.0,2.37535698977731,-0.638318537345149,-1.6391274892048098,0.911321343752795,CONDITIONAL_P75_SCENARIO_EXPOSURE_X_FROZEN_SKU_POLICY_CAP,HISTORICAL_PUBLIC_WEATHER_DERIVED_OVERLAY,PROJECT_ASSUMPTION,NO_REALIZED_FUTURE_WEATHER_USED
2026-06-22,1,2026-06-29,27,IMH-001,RETAIL,NOWCAST_REQUIRED,POINT_IN_TIME_NOWCAST_NOT_SUPPLIED,0,0,3,28,19,6,ADEQUATE,0.2869631711395563,0.10767984190127342,0.75,-4.0,5.0,-1.147852684558225,0.0,0.5383992095063671,0.0,1.686251894064592,-0.3593147226274447,-1.8463035642685268,1.0602682355759616,CONDITIONAL_P75_SCENARIO_EXPOSURE_X_FROZEN_SKU_POLICY_CAP,HISTORICAL_PUBLIC_WEATHER_DERIVED_OVERLAY,PROJECT_ASSUMPTION,NO_REALIZED_FUTURE_WEATHER_USED
2026-06-22,2,2026-07-06,28,IMH-001,RETAIL,NOWCAST_REQUIRED,POINT_IN_TIME_NOWCAST_NOT_SUPPLIED,0,0,2,20,13,4,ADEQUATE,0.2633838221602913,0.08790483623066307,0.75,-4.0,5.0,-1.0535352886411653,0.0,0.4395241811533154,0.0,1.4930594697944808,-0.30028129037587803,-1.8463035642685268,0.3900866669767895,CONDITIONAL_P75_SCENARIO_EXPOSURE_X_FROZEN_SKU_POLICY_CAP,HISTORICAL_PUBLIC_WEATHER_DERIVED_OVERLAY,PROJECT_ASSUMPTION,NO_REALIZED_FUTURE_WEATHER_USED
2026-06-22,3,2026-07-13,29,IMH-001,RETAIL,NOWCAST_REQUIRED,POINT_IN_TIME_NOWCAST_NOT_SUPPLIED,0,0,2,20,12,5,ADEQUATE,0.3079414761523341,0.1175673447365786,0.75,-4.0,5.0,-1.2317659046093363,0.0,0.587836723682893,0.0,1.8196026282922293,-0.30028129037587803,-2.3880295385483103,0.9604609708826146,CONDITIONAL_P75_SCENARIO_EXPOSURE_X_FROZEN_SKU_POLICY_CAP,HISTORICAL_PUBLIC_WEATHER_DERIVED_OVERLAY,PROJECT_ASSUMPTION,NO_REALIZED_FUTURE_WEATHER_USED
2026-06-22,4,2026-07-20,30,IMH-001,RETAIL,SCENARIO_ANALOG,FORWARD_SCENARIO_BAND,0,0,2,20,10,7,ADEQUATE,0.39705678413641954,0.1350547637859404,0.75,-4.0,5.0,-1.5882271365456782,0.0,0.675273818929702,0.0,2.26350095547538,-0.11130868561865065,-2.3880295385483103,0.990960344534202,CONDITIONAL_P75_SCENARIO_EXPOSURE_X_FROZEN_SKU_POLICY_CAP,HISTORICAL_PUBLIC_WEATHER_DERIVED_OVERLAY,PROJECT_ASSUMPTION,NO_REALIZED_FUTURE_WEATHER_USED
2026-06-22,5,2026-07-27,31,IMH-001,RETAIL,SCENARIO_ANALOG,FORWARD_SCENARIO_BAND,0,0,2,20,10,9,ADEQUATE,0.39705678413641954,0.1175673447365786,0.75,-4.0,5.0,-1.5882271365456782,0.0,0.587836723682893,0.0,2.176063860228571,-0.11130868561865065,-2.3880295385483103,0.990960344534202,CONDITIONAL_P75_SCENARIO_EXPOSURE_X_FROZEN_SKU_POLICY_CAP,HISTORICAL_PUBLIC_WEATHER_DERIVED_OVERLAY,PROJECT_ASSUMPTION,NO_REALIZED_FUTURE_WEATHER_USED
2026-06-22,6,2026-08-03,32,IMH-001,RETAIL,SCENARIO_ANALOG,FORWARD_SCENARIO_BAND,0,0,2,20,8,9,ADEQUATE,0.31029887639067444,0.1175673447365786,0.75,-4.0,5.0,-1.2411955055626978,0.0,0.587836723682893,0.0,1.8290322292455907,0.0,-2.3880295385483103,0.990960344534202,CONDITIONAL_P75_SCENARIO_EXPOSURE_X_FROZEN_SKU_POLICY_CAP,HISTORICAL_PUBLIC_WEATHER_DERIVED_OVERLAY,PROJECT_ASSUMPTION,NO_REALIZED_FUTURE_WEATHER_USED
2026-06-22,7,2026-08-10,33,IMH-001,RETAIL,SCENARIO_ANALOG,FORWARD_SCENARIO_BAND,0,0,2,20,10,8,ADEQUATE,0.2560332325063096,0.13619855709656467,0.75,-4.0,5.0,-1.0241329300252384,0.0,0.6809927854828234,0.0,1.705125715508062,-0.17404456524728215,-2.3880295385483103,0.990960344534202,CONDITIONAL_P75_SCENARIO_EXPOSURE_X_FROZEN_SKU_POLICY_CAP,HISTORICAL_PUBLIC_WEATHER_DERIVED_OVERLAY,PROJECT_ASSUMPTION,NO_REALIZED_FUTURE_WEATHER_USED
2026-06-22,8,2026-08-17,34,IMH-001,RETAIL,SCENARIO_ANALOG,FORWARD_SCENARIO_BAND,0,0,2,20,11,7,ADEQUATE,0.24868264285232786,0.1175673447365786,0.75,-4.0,5.0,-0.9947305714093114,0.0,0.587836723682893,0.0,1.5825672950922045,-0.3480891304945643,-1.4688128829015936,0.990960344534202,CONDITIONAL_P75_SCENARIO_EXPOSURE_X_FROZEN_SKU_POLICY_CAP,HISTORICAL_PUBLIC_WEATHER_DERIVED_OVERLAY,PROJECT_ASSUMPTION,NO_REALIZED_FUTURE_WEATHER_USED
2026-06-22,9,2026-08-24,35,IMH-001,RETAIL,SCENARIO_ANALOG,FORWARD_SCENARIO_BAND,0,0,2,20,14,5,ADEQUATE,0.2339814635443644,0.1175673447365786,0.75,-4.0,5.0,-0.9359258541774576,0.0,0.587836723682893,0.0,1.5237625778603505,-0.39874546767124397,-1.4688128829015936,0.897637617772548,CONDITIONAL_P75_SCENARIO_EXPOSURE_X_FROZEN_SKU_POLICY_CAP,HISTORICAL_PUBLIC_WEATHER_DERIVED_OVERLAY,PROJECT_ASSUMPTION,NO_REALIZED_FUTURE_WEATHER_USED
2026-06-22,10,2026-08-31,36,IMH-001,RETAIL,SCENARIO_ANALOG,FORWARD_SCENARIO_BAND,0,0,3,28,20,8,ADEQUATE,0.25165585827945897,0.13772352577914404,0.75,-4.0,5.0,-1.0066234331178359,0.0,0.6886176288957202,0.0,1.695241062013556,-0.4598355918971191,-1.5565662383454109,0.897637617772548,CONDITIONAL_P75_SCENARIO_EXPOSURE_X_FROZEN_SKU_POLICY_CAP,HISTORICAL_PUBLIC_WEATHER_DERIVED_OVERLAY,PROJECT_ASSUMPTION,NO_REALIZED_FUTURE_WEATHER_USED
2026-06-22,11,2026-09-07,37,IMH-001,RETAIL,SCENARIO_ANALOG,FORWARD_SCENARIO_BAND,0,0,2,20,16,5,ADEQUATE,0.270287070639445,0.1981920689068404,0.75,-4.0,5.0,-1.08114828255778,0.0,0.990960344534202,0.0,2.072108627091982,-0.5024780418825237,-1.5565662383454109,0.897637617772548,CONDITIONAL_P75_SCENARIO_EXPOSURE_X_FROZEN_SKU_POLICY_CAP,HISTORICAL_PUBLIC_WEATHER_DERIVED_OVERLAY,PROJECT_ASSUMPTION,NO_REALIZED_FUTURE_WEATHER_USED
2026-06-22,12,2026-09-14,38,IMH-001,RETAIL,SCENARIO_ANALOG,FORWARD_SCENARIO_BAND,0,0,2,20,17,5,ADEQUATE,0.3379086716002356,0.1981920689068404,0.75,-4.0,5.0,-1.3516346864009423,0.0,0.990960344534202,0.0,2.3425950309351444,-0.5346867048187329,-1.6201152899897402,0.897637617772548,CONDITIONAL_P75_SCENARIO_EXPOSURE_X_FROZEN_SKU_POLICY_CAP,HISTORICAL_PUBLIC_WEATHER_DERIVED_OVERLAY,PROJECT_ASSUMPTION,NO_REALIZED_FUTURE_WEATHER_USED
2026-06-22,13,2026-09-21,39,IMH-001,RETAIL,SCENARIO_ANALOG,FORWARD_SCENARIO_BAND,0,0,2,20,17,5,ADEQUATE,0.351548808280943,0.1981920689068404,0.75,-4.0,5.0,-1.406195233123772,0.0,0.990960344534202,0.0,2.397155577657974,-0.6051383919727216,-1.6201152899897402,0.897637617772548,CONDITIONAL_P75_SCENARIO_EXPOSURE_X_FROZEN_SKU_POLICY_CAP,HISTORICAL_PUBLIC_WEATHER_DERIVED_OVERLAY,PROJECT_ASSUMPTION,NO_REALIZED_FUTURE_WEATHER_USED
2026-06-22,1,2026-06-29,27,IMH-001,WHOLESALE,NOWCAST_REQUIRED,POINT_IN_TIME_NOWCAST_NOT_SUPPLIED,0,0,3,28,19,6,ADEQUATE,0.2900127629350482,0.09692579392105792,0.75,-4.0,5.0,-1.1600510517401927,0.0,0.4846289696052896,0.0,1.6446800213454824,-0.39788685569051696,-1.8494534916407632,1.0294969248132133,CONDITIONAL_P75_SCENARIO_EXPOSURE_X_FROZEN_SKU_POLICY_CAP,HISTORICAL_PUBLIC_WEATHER_DERIVED_OVERLAY,PROJECT_ASSUMPTION,NO_REALIZED_FUTURE_WEATHER_USED
2026-06-22,2,2026-07-06,28,IMH-001,WHOLESALE,NOWCAST_REQUIRED,POINT_IN_TIME_NOWCAST_NOT_SUPPLIED,0,0,2,20,13,4,ADEQUATE,0.2906340227352518,0.08586878397065957,0.75,-4.0,5.0,-1.1625360909410072,0.0,0.42934391985329784,0.0,1.591880010794305,-0.31868491094902107,-1.8494534916407632,0.4017013949773023,CONDITIONAL_P75_SCENARIO_EXPOSURE_X_FROZEN_SKU_POLICY_CAP,HISTORICAL_PUBLIC_WEATHER_DERIVED_OVERLAY,PROJECT_ASSUMPTION,NO_REALIZED_FUTURE_WEATHER_USED
2026-06-22,3,2026-07-13,29,IMH-001,WHOLESALE,NOWCAST_REQUIRED,POINT_IN_TIME_NOWCAST_NOT_SUPPLIED,0,0,2,20,12,5,ADEQUATE,0.3259431876186559,0.1024542988962571,0.75,-4.0,5.0,-1.3037727504746237,0.0,0.5122714944812855,0.0,1.816044244955909,-0.32066648528927777,-2.316138954799872,0.8770334716066006,CONDITIONAL_P75_SCENARIO_EXPOSURE_X_FROZEN_SKU_POLICY_CAP,HISTORICAL_PUBLIC_WEATHER_DERIVED_OVERLAY,PROJECT_ASSUMPTION,NO_REALIZED_FUTURE_WEATHER_USED
2026-06-22,4,2026-07-20,30,IMH-001,WHOLESALE,SCENARIO_ANALOG,FORWARD_SCENARIO_BAND,0,0,2,20,10,7,ADEQUATE,0.3965615173854641,0.12603481458519966,0.75,-4.0,5.0,-1.5862460695418563,0.0,0.6301740729259984,0.0,2.2164201424678547,-0.1137763131565068,-2.316138954799872,0.8770334716066006,CONDITIONAL_P75_SCENARIO_EXPOSURE_X_FROZEN_SKU_POLICY_CAP,HISTORICAL_PUBLIC_WEATHER_DERIVED_OVERLAY,PROJECT_ASSUMPTION,NO_REALIZED_FUTURE_WEATHER_USED
2026-06-22,5,2026-07-27,31,IMH-001,WHOLESALE,SCENARIO_ANALOG,FORWARD_SCENARIO_BAND,0,0,2,20,10,9,ADEQUATE,0.3965615173854641,0.1024542988962571,0.75,-4.0,5.0,-1.5862460695418563,0.0,0.5122714944812855,0.0,2.0985175640231417,-0.1137763131565068,-2.316138954799872,0.8770334716066006,CONDITIONAL_P75_SCENARIO_EXPOSURE_X_FROZEN_SKU_POLICY_CAP,HISTORICAL_PUBLIC_WEATHER_DERIVED_OVERLAY,PROJECT_ASSUMPTION,NO_REALIZED_FUTURE_WEATHER_USED
2026-06-22,6,2026-08-03,32,IMH-001,WHOLESALE,SCENARIO_ANALOG,FORWARD_SCENARIO_BAND,0,0,2,20,8,9,ADEQUATE,0.3260658592590218,0.1024542988962571,0.75,-4.0,5.0,-1.3042634370360873,0.0,0.5122714944812855,0.0,1.8165349315173729,0.0,-2.316138954799872,0.8770334716066006,CONDITIONAL_P75_SCENARIO_EXPOSURE_X_FROZEN_SKU_POLICY_CAP,HISTORICAL_PUBLIC_WEATHER_DERIVED_OVERLAY,PROJECT_ASSUMPTION,NO_REALIZED_FUTURE_WEATHER_USED
2026-06-22,7,2026-08-10,33,IMH-001,WHOLESALE,SCENARIO_ANALOG,FORWARD_SCENARIO_BAND,0,0,2,20,10,8,ADEQUATE,0.27911746200358467,0.11977306171592755,0.75,-4.0,5.0,-1.1164698480143387,0.0,0.5988653085796378,0.0,1.7153351565939765,-0.232999812376524,-2.316138954799872,0.8770334716066006,CONDITIONAL_P75_SCENARIO_EXPOSURE_X_FROZEN_SKU_POLICY_CAP,HISTORICAL_PUBLIC_WEATHER_DERIVED_OVERLAY,PROJECT_ASSUMPTION,NO_REALIZED_FUTURE_WEATHER_USED
2026-06-22,8,2026-08-17,34,IMH-001,WHOLESALE,SCENARIO_ANALOG,FORWARD_SCENARIO_BAND,0,0,2,20,11,7,ADEQUATE,0.2676009012719176,0.1024542988962571,0.75,-4.0,5.0,-1.0704036050876704,0.0,0.5122714944812855,0.0,1.5826750995689558,-0.465999624753048,-1.3925073266655494,0.8586467508746944,CONDITIONAL_P75_SCENARIO_EXPOSURE_X_FROZEN_SKU_POLICY_CAP,HISTORICAL_PUBLIC_WEATHER_DERIVED_OVERLAY,PROJECT_ASSUMPTION,NO_REALIZED_FUTURE_WEATHER_USED
2026-06-22,9,2026-08-24,35,IMH-001,WHOLESALE,SCENARIO_ANALOG,FORWARD_SCENARIO_BAND,0,0,2,20,14,5,ADEQUATE,0.2445677798085834,0.1024542988962571,0.75,-4.0,5.0,-0.9782711192343336,0.0,0.5122714944812855,0.0,1.4905426137156192,-0.465999624753048,-1.3925073266655494,0.8993024355307623,CONDITIONAL_P75_SCENARIO_EXPOSURE_X_FROZEN_SKU_POLICY_CAP,HISTORICAL_PUBLIC_WEATHER_DERIVED_OVERLAY,PROJECT_ASSUMPTION,NO_REALIZED_FUTURE_WEATHER_USED
2026-06-22,10,2026-08-31,36,IMH-001,WHOLESALE,SCENARIO_ANALOG,FORWARD_SCENARIO_BAND,0,0,3,28,20,8,ADEQUATE,0.25608434054025053,0.11977306171592755,0.75,-4.0,5.0,-1.0243373621610021,0.0,0.5988653085796378,0.0,1.62320267074064,-0.46832411829633525,-1.6289915788597291,0.8993024355307623,CONDITIONAL_P75_SCENARIO_EXPOSURE_X_FROZEN_SKU_POLICY_CAP,HISTORICAL_PUBLIC_WEATHER_DERIVED_OVERLAY,PROJECT_ASSUMPTION,NO_REALIZED_FUTURE_WEATHER_USED
2026-06-22,11,2026-09-07,37,IMH-001,WHOLESALE,SCENARIO_ANALOG,FORWARD_SCENARIO_BAND,0,0,2,20,16,5,ADEQUATE,0.27045754277303435,0.1717293501749389,0.75,-4.0,5.0,-1.0818301710921374,0.0,0.8586467508746944,0.0,1.9404769219668319,-0.5097811770672389,-1.6289915788597291,0.8993024355307623,CONDITIONAL_P75_SCENARIO_EXPOSURE_X_FROZEN_SKU_POLICY_CAP,HISTORICAL_PUBLIC_WEATHER_DERIVED_OVERLAY,PROJECT_ASSUMPTION,NO_REALIZED_FUTURE_WEATHER_USED
2026-06-22,12,2026-09-14,38,IMH-001,WHOLESALE,SCENARIO_ANALOG,FORWARD_SCENARIO_BAND,0,0,2,20,17,5,ADEQUATE,0.3481268316663873,0.1717293501749389,0.75,-4.0,5.0,-1.3925073266655492,0.0,0.8586467508746944,0.0,2.2511540775402437,-0.5489137422948555,-1.6289915788597291,0.8993024355307623,CONDITIONAL_P75_SCENARIO_EXPOSURE_X_FROZEN_SKU_POLICY_CAP,HISTORICAL_PUBLIC_WEATHER_DERIVED_OVERLAY,PROJECT_ASSUMPTION,NO_REALIZED_FUTURE_WEATHER_USED
2026-06-22,13,2026-09-21,39,IMH-001,WHOLESALE,SCENARIO_ANALOG,FORWARD_SCENARIO_BAND,0,0,2,20,17,5,ADEQUATE,0.3635864181603148,0.1717293501749389,0.75,-4.0,5.0,-1.4543456726412591,0.0,0.8586467508746944,0.0,2.3129924235159534,-0.6488347444851605,-1.6292215541001167,0.8993024355307623,CONDITIONAL_P75_SCENARIO_EXPOSURE_X_FROZEN_SKU_POLICY_CAP,HISTORICAL_PUBLIC_WEATHER_DERIVED_OVERLAY,PROJECT_ASSUMPTION,NO_REALIZED_FUTURE_WEATHER_USED
