planning_cycle,forecast_as_of_date,planning_month,horizon_month_number,sku_id,channel_id,previous_cycle_units,cycle02_units,revision_units,revision_pct,lifecycle_phase,evidence_cutoff,forecast_version,provenance
CYCLE_02_2026-09,2026-09-28,2026-09,0,HIS-001,ECOM,606.65,595.8,-10.85,-1.789,ACTUALIZED (LAUNCH month),W4,ACTUALIZED_PERIOD,ACTUALIZED from W1-W4 observed sales (operational; no hidden truth). September complete under Thursday-month rule.
CYCLE_02_2026-09,2026-09-28,2026-09,0,HIS-001,RETAIL,471.86,402.9,-68.96,-14.615,ACTUALIZED (LAUNCH month),W4,ACTUALIZED_PERIOD,ACTUALIZED from W1-W4 observed sales (operational; no hidden truth). September complete under Thursday-month rule.
CYCLE_02_2026-09,2026-09-28,2026-09,0,HIS-001,WHOLESALE,269.63,184.2,-85.43,-31.684,ACTUALIZED (LAUNCH month),W4,ACTUALIZED_PERIOD,ACTUALIZED from W1-W4 observed sales (operational; no hidden truth). September complete under Thursday-month rule.
CYCLE_02_2026-09,2026-09-28,2026-10,1,HIS-001,ECOM,1287.36,1208.46,-78.9,-6.129,RAMP,W4,CYCLE_02_ANALYTICAL_UPDATE,DERIVED: Cycle-01 V3 approved x Method-B lifecycle attenuation of W4 forward revision -0.0613; SYNTHETIC ROLLING-FORECAST GOVERNANCE WEIGHTS 1.00/0.50/0.25
CYCLE_02_2026-09,2026-09-28,2026-10,1,HIS-001,RETAIL,1001.28,939.91,-61.37,-6.129,RAMP,W4,CYCLE_02_ANALYTICAL_UPDATE,DERIVED: Cycle-01 V3 approved x Method-B lifecycle attenuation of W4 forward revision -0.0613; SYNTHETIC ROLLING-FORECAST GOVERNANCE WEIGHTS 1.00/0.50/0.25
CYCLE_02_2026-09,2026-09-28,2026-10,1,HIS-001,WHOLESALE,572.14,537.07,-35.07,-6.129,RAMP,W4,CYCLE_02_ANALYTICAL_UPDATE,DERIVED: Cycle-01 V3 approved x Method-B lifecycle attenuation of W4 forward revision -0.0613; SYNTHETIC ROLLING-FORECAST GOVERNANCE WEIGHTS 1.00/0.50/0.25
CYCLE_02_2026-09,2026-09-28,2026-11,2,HIS-001,ECOM,1515.7,1422.8,-92.9,-6.129,RAMP,W4,CYCLE_02_ANALYTICAL_UPDATE,DERIVED: Cycle-01 V3 approved x Method-B lifecycle attenuation of W4 forward revision -0.0613; SYNTHETIC ROLLING-FORECAST GOVERNANCE WEIGHTS 1.00/0.50/0.25
CYCLE_02_2026-09,2026-09-28,2026-11,2,HIS-001,RETAIL,1178.87,1106.61,-72.26,-6.129,RAMP,W4,CYCLE_02_ANALYTICAL_UPDATE,DERIVED: Cycle-01 V3 approved x Method-B lifecycle attenuation of W4 forward revision -0.0613; SYNTHETIC ROLLING-FORECAST GOVERNANCE WEIGHTS 1.00/0.50/0.25
CYCLE_02_2026-09,2026-09-28,2026-11,2,HIS-001,WHOLESALE,673.64,632.35,-41.29,-6.129,RAMP,W4,CYCLE_02_ANALYTICAL_UPDATE,DERIVED: Cycle-01 V3 approved x Method-B lifecycle attenuation of W4 forward revision -0.0613; SYNTHETIC ROLLING-FORECAST GOVERNANCE WEIGHTS 1.00/0.50/0.25
CYCLE_02_2026-09,2026-09-28,2026-12,3,HIS-001,ECOM,2120.42,1990.46,-129.96,-6.129,SEASONAL PEAK,W4,CYCLE_02_ANALYTICAL_UPDATE,DERIVED: Cycle-01 V3 approved x Method-B lifecycle attenuation of W4 forward revision -0.0613; SYNTHETIC ROLLING-FORECAST GOVERNANCE WEIGHTS 1.00/0.50/0.25
CYCLE_02_2026-09,2026-09-28,2026-12,3,HIS-001,RETAIL,1649.18,1548.1,-101.08,-6.129,SEASONAL PEAK,W4,CYCLE_02_ANALYTICAL_UPDATE,DERIVED: Cycle-01 V3 approved x Method-B lifecycle attenuation of W4 forward revision -0.0613; SYNTHETIC ROLLING-FORECAST GOVERNANCE WEIGHTS 1.00/0.50/0.25
CYCLE_02_2026-09,2026-09-28,2026-12,3,HIS-001,WHOLESALE,942.42,884.66,-57.76,-6.129,SEASONAL PEAK,W4,CYCLE_02_ANALYTICAL_UPDATE,DERIVED: Cycle-01 V3 approved x Method-B lifecycle attenuation of W4 forward revision -0.0613; SYNTHETIC ROLLING-FORECAST GOVERNANCE WEIGHTS 1.00/0.50/0.25
CYCLE_02_2026-09,2026-09-28,2027-01,4,HIS-001,ECOM,1532.82,1485.85,-46.97,-3.065,NORMALIZATION,W4,CYCLE_02_ANALYTICAL_UPDATE,DERIVED: Cycle-01 V3 approved x Method-B lifecycle attenuation of W4 forward revision -0.0613; SYNTHETIC ROLLING-FORECAST GOVERNANCE WEIGHTS 1.00/0.50/0.25
CYCLE_02_2026-09,2026-09-28,2027-01,4,HIS-001,RETAIL,1192.19,1155.65,-36.54,-3.065,NORMALIZATION,W4,CYCLE_02_ANALYTICAL_UPDATE,DERIVED: Cycle-01 V3 approved x Method-B lifecycle attenuation of W4 forward revision -0.0613; SYNTHETIC ROLLING-FORECAST GOVERNANCE WEIGHTS 1.00/0.50/0.25
CYCLE_02_2026-09,2026-09-28,2027-01,4,HIS-001,WHOLESALE,681.23,660.35,-20.88,-3.065,NORMALIZATION,W4,CYCLE_02_ANALYTICAL_UPDATE,DERIVED: Cycle-01 V3 approved x Method-B lifecycle attenuation of W4 forward revision -0.0613; SYNTHETIC ROLLING-FORECAST GOVERNANCE WEIGHTS 1.00/0.50/0.25
CYCLE_02_2026-09,2026-09-28,2027-02,5,HIS-001,ECOM,1397.84,1355.0,-42.84,-3.065,NORMALIZATION,W4,CYCLE_02_ANALYTICAL_UPDATE,DERIVED: Cycle-01 V3 approved x Method-B lifecycle attenuation of W4 forward revision -0.0613; SYNTHETIC ROLLING-FORECAST GOVERNANCE WEIGHTS 1.00/0.50/0.25
CYCLE_02_2026-09,2026-09-28,2027-02,5,HIS-001,RETAIL,1087.21,1053.89,-33.32,-3.065,NORMALIZATION,W4,CYCLE_02_ANALYTICAL_UPDATE,DERIVED: Cycle-01 V3 approved x Method-B lifecycle attenuation of W4 forward revision -0.0613; SYNTHETIC ROLLING-FORECAST GOVERNANCE WEIGHTS 1.00/0.50/0.25
CYCLE_02_2026-09,2026-09-28,2027-02,5,HIS-001,WHOLESALE,621.25,602.21,-19.04,-3.065,NORMALIZATION,W4,CYCLE_02_ANALYTICAL_UPDATE,DERIVED: Cycle-01 V3 approved x Method-B lifecycle attenuation of W4 forward revision -0.0613; SYNTHETIC ROLLING-FORECAST GOVERNANCE WEIGHTS 1.00/0.50/0.25
CYCLE_02_2026-09,2026-09-28,2027-03,6,HIS-001,ECOM,1164.86,1129.16,-35.7,-3.065,NORMALIZATION,W4,CYCLE_02_ANALYTICAL_UPDATE,DERIVED: Cycle-01 V3 approved x Method-B lifecycle attenuation of W4 forward revision -0.0613; SYNTHETIC ROLLING-FORECAST GOVERNANCE WEIGHTS 1.00/0.50/0.25
CYCLE_02_2026-09,2026-09-28,2027-03,6,HIS-001,RETAIL,905.98,878.22,-27.76,-3.065,NORMALIZATION,W4,CYCLE_02_ANALYTICAL_UPDATE,DERIVED: Cycle-01 V3 approved x Method-B lifecycle attenuation of W4 forward revision -0.0613; SYNTHETIC ROLLING-FORECAST GOVERNANCE WEIGHTS 1.00/0.50/0.25
CYCLE_02_2026-09,2026-09-28,2027-03,6,HIS-001,WHOLESALE,517.72,501.85,-15.87,-3.065,NORMALIZATION,W4,CYCLE_02_ANALYTICAL_UPDATE,DERIVED: Cycle-01 V3 approved x Method-B lifecycle attenuation of W4 forward revision -0.0613; SYNTHETIC ROLLING-FORECAST GOVERNANCE WEIGHTS 1.00/0.50/0.25
CYCLE_02_2026-09,2026-09-28,2027-04,7,HIS-001,ECOM,1169.93,1134.08,-35.85,-3.065,NORMALIZATION,W4,CYCLE_02_ANALYTICAL_UPDATE,DERIVED: Cycle-01 V3 approved x Method-B lifecycle attenuation of W4 forward revision -0.0613; SYNTHETIC ROLLING-FORECAST GOVERNANCE WEIGHTS 1.00/0.50/0.25
CYCLE_02_2026-09,2026-09-28,2027-04,7,HIS-001,RETAIL,909.92,882.03,-27.89,-3.065,NORMALIZATION,W4,CYCLE_02_ANALYTICAL_UPDATE,DERIVED: Cycle-01 V3 approved x Method-B lifecycle attenuation of W4 forward revision -0.0613; SYNTHETIC ROLLING-FORECAST GOVERNANCE WEIGHTS 1.00/0.50/0.25
CYCLE_02_2026-09,2026-09-28,2027-04,7,HIS-001,WHOLESALE,519.97,504.04,-15.93,-3.065,NORMALIZATION,W4,CYCLE_02_ANALYTICAL_UPDATE,DERIVED: Cycle-01 V3 approved x Method-B lifecycle attenuation of W4 forward revision -0.0613; SYNTHETIC ROLLING-FORECAST GOVERNANCE WEIGHTS 1.00/0.50/0.25
CYCLE_02_2026-09,2026-09-28,2027-05,8,HIS-001,ECOM,745.29,722.45,-22.84,-3.065,NORMALIZATION,W4,CYCLE_02_ANALYTICAL_UPDATE,DERIVED: Cycle-01 V3 approved x Method-B lifecycle attenuation of W4 forward revision -0.0613; SYNTHETIC ROLLING-FORECAST GOVERNANCE WEIGHTS 1.00/0.50/0.25
CYCLE_02_2026-09,2026-09-28,2027-05,8,HIS-001,RETAIL,579.68,561.92,-17.76,-3.065,NORMALIZATION,W4,CYCLE_02_ANALYTICAL_UPDATE,DERIVED: Cycle-01 V3 approved x Method-B lifecycle attenuation of W4 forward revision -0.0613; SYNTHETIC ROLLING-FORECAST GOVERNANCE WEIGHTS 1.00/0.50/0.25
CYCLE_02_2026-09,2026-09-28,2027-05,8,HIS-001,WHOLESALE,331.23,321.08,-10.15,-3.065,NORMALIZATION,W4,CYCLE_02_ANALYTICAL_UPDATE,DERIVED: Cycle-01 V3 approved x Method-B lifecycle attenuation of W4 forward revision -0.0613; SYNTHETIC ROLLING-FORECAST GOVERNANCE WEIGHTS 1.00/0.50/0.25
CYCLE_02_2026-09,2026-09-28,2027-06,9,HIS-001,ECOM,647.28,627.44,-19.84,-3.065,NORMALIZATION,W4,CYCLE_02_ANALYTICAL_UPDATE,DERIVED: Cycle-01 V3 approved x Method-B lifecycle attenuation of W4 forward revision -0.0613; SYNTHETIC ROLLING-FORECAST GOVERNANCE WEIGHTS 1.00/0.50/0.25
CYCLE_02_2026-09,2026-09-28,2027-06,9,HIS-001,RETAIL,503.44,488.01,-15.43,-3.065,NORMALIZATION,W4,CYCLE_02_ANALYTICAL_UPDATE,DERIVED: Cycle-01 V3 approved x Method-B lifecycle attenuation of W4 forward revision -0.0613; SYNTHETIC ROLLING-FORECAST GOVERNANCE WEIGHTS 1.00/0.50/0.25
CYCLE_02_2026-09,2026-09-28,2027-06,9,HIS-001,WHOLESALE,287.66,278.84,-8.82,-3.065,NORMALIZATION,W4,CYCLE_02_ANALYTICAL_UPDATE,DERIVED: Cycle-01 V3 approved x Method-B lifecycle attenuation of W4 forward revision -0.0613; SYNTHETIC ROLLING-FORECAST GOVERNANCE WEIGHTS 1.00/0.50/0.25
CYCLE_02_2026-09,2026-09-28,2027-07,10,HIS-001,ECOM,748.5,737.03,-11.47,-1.532,SECOND-SEASON / MATURATION,W4,CYCLE_02_ANALYTICAL_UPDATE,DERIVED: Cycle-01 V3 approved x Method-B lifecycle attenuation of W4 forward revision -0.0613; SYNTHETIC ROLLING-FORECAST GOVERNANCE WEIGHTS 1.00/0.50/0.25
CYCLE_02_2026-09,2026-09-28,2027-07,10,HIS-001,RETAIL,582.16,573.24,-8.92,-1.532,SECOND-SEASON / MATURATION,W4,CYCLE_02_ANALYTICAL_UPDATE,DERIVED: Cycle-01 V3 approved x Method-B lifecycle attenuation of W4 forward revision -0.0613; SYNTHETIC ROLLING-FORECAST GOVERNANCE WEIGHTS 1.00/0.50/0.25
CYCLE_02_2026-09,2026-09-28,2027-07,10,HIS-001,WHOLESALE,332.65,327.55,-5.1,-1.532,SECOND-SEASON / MATURATION,W4,CYCLE_02_ANALYTICAL_UPDATE,DERIVED: Cycle-01 V3 approved x Method-B lifecycle attenuation of W4 forward revision -0.0613; SYNTHETIC ROLLING-FORECAST GOVERNANCE WEIGHTS 1.00/0.50/0.25
CYCLE_02_2026-09,2026-09-28,2027-08,11,HIS-001,ECOM,665.94,655.74,-10.2,-1.532,SECOND-SEASON / MATURATION,W4,CYCLE_02_ANALYTICAL_UPDATE,DERIVED: Cycle-01 V3 approved x Method-B lifecycle attenuation of W4 forward revision -0.0613; SYNTHETIC ROLLING-FORECAST GOVERNANCE WEIGHTS 1.00/0.50/0.25
CYCLE_02_2026-09,2026-09-28,2027-08,11,HIS-001,RETAIL,517.95,510.01,-7.94,-1.532,SECOND-SEASON / MATURATION,W4,CYCLE_02_ANALYTICAL_UPDATE,DERIVED: Cycle-01 V3 approved x Method-B lifecycle attenuation of W4 forward revision -0.0613; SYNTHETIC ROLLING-FORECAST GOVERNANCE WEIGHTS 1.00/0.50/0.25
CYCLE_02_2026-09,2026-09-28,2027-08,11,HIS-001,WHOLESALE,295.96,291.43,-4.53,-1.532,SECOND-SEASON / MATURATION,W4,CYCLE_02_ANALYTICAL_UPDATE,DERIVED: Cycle-01 V3 approved x Method-B lifecycle attenuation of W4 forward revision -0.0613; SYNTHETIC ROLLING-FORECAST GOVERNANCE WEIGHTS 1.00/0.50/0.25
CYCLE_02_2026-09,2026-09-28,2027-09,12,HIS-001,ECOM,1066.29,1049.95,-16.34,-1.532,SECOND-SEASON / MATURATION,W4,CYCLE_02_ANALYTICAL_UPDATE,DERIVED: Cycle-01 V3 approved x Method-B lifecycle attenuation of W4 forward revision -0.0613; SYNTHETIC ROLLING-FORECAST GOVERNANCE WEIGHTS 1.00/0.50/0.25
CYCLE_02_2026-09,2026-09-28,2027-09,12,HIS-001,RETAIL,829.35,816.64,-12.71,-1.532,SECOND-SEASON / MATURATION,W4,CYCLE_02_ANALYTICAL_UPDATE,DERIVED: Cycle-01 V3 approved x Method-B lifecycle attenuation of W4 forward revision -0.0613; SYNTHETIC ROLLING-FORECAST GOVERNANCE WEIGHTS 1.00/0.50/0.25
CYCLE_02_2026-09,2026-09-28,2027-09,12,HIS-001,WHOLESALE,473.91,466.65,-7.26,-1.532,SECOND-SEASON / MATURATION,W4,CYCLE_02_ANALYTICAL_UPDATE,DERIVED: Cycle-01 V3 approved x Method-B lifecycle attenuation of W4 forward revision -0.0613; SYNTHETIC ROLLING-FORECAST GOVERNANCE WEIGHTS 1.00/0.50/0.25
CYCLE_02_2026-09,2026-09-28,2027-10,13,HIS-001,ECOM,1222.58,1203.85,-18.73,-1.532,SECOND-SEASON / MATURATION,W4,CYCLE_02_ANALYTICAL_UPDATE,DERIVED: Cycle-01 V3 approved x Method-B lifecycle attenuation of W4 forward revision -0.0613; SYNTHETIC ROLLING-FORECAST GOVERNANCE WEIGHTS 1.00/0.50/0.25
CYCLE_02_2026-09,2026-09-28,2027-10,13,HIS-001,RETAIL,950.91,936.34,-14.57,-1.532,SECOND-SEASON / MATURATION,W4,CYCLE_02_ANALYTICAL_UPDATE,DERIVED: Cycle-01 V3 approved x Method-B lifecycle attenuation of W4 forward revision -0.0613; SYNTHETIC ROLLING-FORECAST GOVERNANCE WEIGHTS 1.00/0.50/0.25
CYCLE_02_2026-09,2026-09-28,2027-10,13,HIS-001,WHOLESALE,543.38,535.05,-8.33,-1.532,SECOND-SEASON / MATURATION,W4,CYCLE_02_ANALYTICAL_UPDATE,DERIVED: Cycle-01 V3 approved x Method-B lifecycle attenuation of W4 forward revision -0.0613; SYNTHETIC ROLLING-FORECAST GOVERNANCE WEIGHTS 1.00/0.50/0.25
CYCLE_02_2026-09,2026-09-28,2027-11,14,HIS-001,ECOM,1485.4,1462.64,-22.76,-1.532,SECOND-SEASON / MATURATION,W4,CYCLE_02_ANALYTICAL_UPDATE,DERIVED: Cycle-01 V3 approved x Method-B lifecycle attenuation of W4 forward revision -0.0613; SYNTHETIC ROLLING-FORECAST GOVERNANCE WEIGHTS 1.00/0.50/0.25
CYCLE_02_2026-09,2026-09-28,2027-11,14,HIS-001,RETAIL,1155.31,1137.61,-17.7,-1.532,SECOND-SEASON / MATURATION,W4,CYCLE_02_ANALYTICAL_UPDATE,DERIVED: Cycle-01 V3 approved x Method-B lifecycle attenuation of W4 forward revision -0.0613; SYNTHETIC ROLLING-FORECAST GOVERNANCE WEIGHTS 1.00/0.50/0.25
CYCLE_02_2026-09,2026-09-28,2027-11,14,HIS-001,WHOLESALE,660.19,650.07,-10.12,-1.532,SECOND-SEASON / MATURATION,W4,CYCLE_02_ANALYTICAL_UPDATE,DERIVED: Cycle-01 V3 approved x Method-B lifecycle attenuation of W4 forward revision -0.0613; SYNTHETIC ROLLING-FORECAST GOVERNANCE WEIGHTS 1.00/0.50/0.25
CYCLE_02_2026-09,2026-09-28,2027-12,15,HIS-001,ECOM,2025.25,1994.22,-31.03,-1.532,SECOND-SEASON / MATURATION,W4,CYCLE_02_ANALYTICAL_UPDATE,DERIVED: Cycle-01 V3 approved x Method-B lifecycle attenuation of W4 forward revision -0.0613; SYNTHETIC ROLLING-FORECAST GOVERNANCE WEIGHTS 1.00/0.50/0.25
CYCLE_02_2026-09,2026-09-28,2027-12,15,HIS-001,RETAIL,1575.21,1551.07,-24.14,-1.532,SECOND-SEASON / MATURATION,W4,CYCLE_02_ANALYTICAL_UPDATE,DERIVED: Cycle-01 V3 approved x Method-B lifecycle attenuation of W4 forward revision -0.0613; SYNTHETIC ROLLING-FORECAST GOVERNANCE WEIGHTS 1.00/0.50/0.25
CYCLE_02_2026-09,2026-09-28,2027-12,15,HIS-001,WHOLESALE,900.13,886.34,-13.79,-1.532,SECOND-SEASON / MATURATION,W4,CYCLE_02_ANALYTICAL_UPDATE,DERIVED: Cycle-01 V3 approved x Method-B lifecycle attenuation of W4 forward revision -0.0613; SYNTHETIC ROLLING-FORECAST GOVERNANCE WEIGHTS 1.00/0.50/0.25
CYCLE_02_2026-09,2026-09-28,2028-01,16,HIS-001,ECOM,1481.66,1458.96,-22.7,-1.532,SECOND-SEASON / MATURATION,W4,CYCLE_02_ANALYTICAL_UPDATE,DERIVED: Cycle-01 V3 approved x Method-B lifecycle attenuation of W4 forward revision -0.0613; SYNTHETIC ROLLING-FORECAST GOVERNANCE WEIGHTS 1.00/0.50/0.25
CYCLE_02_2026-09,2026-09-28,2028-01,16,HIS-001,RETAIL,1152.38,1134.72,-17.66,-1.532,SECOND-SEASON / MATURATION,W4,CYCLE_02_ANALYTICAL_UPDATE,DERIVED: Cycle-01 V3 approved x Method-B lifecycle attenuation of W4 forward revision -0.0613; SYNTHETIC ROLLING-FORECAST GOVERNANCE WEIGHTS 1.00/0.50/0.25
CYCLE_02_2026-09,2026-09-28,2028-01,16,HIS-001,WHOLESALE,658.52,648.43,-10.09,-1.532,SECOND-SEASON / MATURATION,W4,CYCLE_02_ANALYTICAL_UPDATE,DERIVED: Cycle-01 V3 approved x Method-B lifecycle attenuation of W4 forward revision -0.0613; SYNTHETIC ROLLING-FORECAST GOVERNANCE WEIGHTS 1.00/0.50/0.25
CYCLE_02_2026-09,2026-09-28,2028-02,17,HIS-001,ECOM,1351.17,1330.47,-20.7,-1.532,SECOND-SEASON / MATURATION,W4,CYCLE_02_ANALYTICAL_UPDATE,DERIVED: Cycle-01 V3 approved x Method-B lifecycle attenuation of W4 forward revision -0.0613; SYNTHETIC ROLLING-FORECAST GOVERNANCE WEIGHTS 1.00/0.50/0.25
CYCLE_02_2026-09,2026-09-28,2028-02,17,HIS-001,RETAIL,1050.91,1034.81,-16.1,-1.532,SECOND-SEASON / MATURATION,W4,CYCLE_02_ANALYTICAL_UPDATE,DERIVED: Cycle-01 V3 approved x Method-B lifecycle attenuation of W4 forward revision -0.0613; SYNTHETIC ROLLING-FORECAST GOVERNANCE WEIGHTS 1.00/0.50/0.25
CYCLE_02_2026-09,2026-09-28,2028-02,17,HIS-001,WHOLESALE,600.52,591.32,-9.2,-1.532,SECOND-SEASON / MATURATION,W4,CYCLE_02_ANALYTICAL_UPDATE,DERIVED: Cycle-01 V3 approved x Method-B lifecycle attenuation of W4 forward revision -0.0613; SYNTHETIC ROLLING-FORECAST GOVERNANCE WEIGHTS 1.00/0.50/0.25
CYCLE_02_2026-09,2026-09-28,2028-03,18,HIS-001,ECOM,,1370.51,,,SECOND-SEASON / MATURATION,W4,CYCLE_02_NEW_HORIZON_MONTH,"NEW month generated from FROZEN cold-start seasonal foundation (0.60 APS+0.40 IMH, 5 Thursday-weeks, V0 Base scale, second-season 1.00, 45/35/20) x frozen V3/V0=1.10000 (approved-plan basis, consistent with continuing months) x 0.25 W4 attenuation. No literal Cycle-01 value (did not exist)."
CYCLE_02_2026-09,2026-09-28,2028-03,18,HIS-001,RETAIL,,1065.95,,,SECOND-SEASON / MATURATION,W4,CYCLE_02_NEW_HORIZON_MONTH,"NEW month generated from FROZEN cold-start seasonal foundation (0.60 APS+0.40 IMH, 5 Thursday-weeks, V0 Base scale, second-season 1.00, 45/35/20) x frozen V3/V0=1.10000 (approved-plan basis, consistent with continuing months) x 0.25 W4 attenuation. No literal Cycle-01 value (did not exist)."
CYCLE_02_2026-09,2026-09-28,2028-03,18,HIS-001,WHOLESALE,,609.11,,,SECOND-SEASON / MATURATION,W4,CYCLE_02_NEW_HORIZON_MONTH,"NEW month generated from FROZEN cold-start seasonal foundation (0.60 APS+0.40 IMH, 5 Thursday-weeks, V0 Base scale, second-season 1.00, 45/35/20) x frozen V3/V0=1.10000 (approved-plan basis, consistent with continuing months) x 0.25 W4 attenuation. No literal Cycle-01 value (did not exist)."
