sku_id,channel_id,model,screen_folds,pooled_wape_pct,pooled_bias_pct,pooled_mae_units,mean_fold_wape_pct,std_fold_wape_pct,worst_fold_wape_pct,nonconverged_folds,warning_folds
APS-001,ECOM,SARIMA_011_011,9-12,11.023054661272432,2.921761145578582,29.67596450462561,11.24773930364964,5.186261459719693,18.17431011660477,0,4
APS-001,RETAIL,SARIMA_011_011,9-12,9.388696949987791,1.7079746741217576,18.155054000567688,9.650040152525534,2.0585090566033712,11.90835835067759,0,4
APS-001,WHOLESALE,SARIMA_011_011,9-12,18.529760829748835,2.2726393563952345,29.40828539535414,17.32088236509143,4.157918651109153,20.95954304484605,0,4
CTS-001,ECOM,SARIMA_011_011,9-12,8.284567209786605,0.3091365462972345,40.94097626761496,8.587115730648428,2.684487241441565,12.177687665348769,0,4
CTS-001,RETAIL,SARIMA_011_011,9-12,7.13406288256416,0.3030381672420412,24.879163712715034,7.2725860421726605,2.005608609076116,10.165087708491967,0,4
CTS-001,WHOLESALE,SARIMA_011_011,9-12,18.36114185710922,3.262383301164442,51.29923642198908,18.851588805697023,3.974986496334685,22.410214911434768,0,4
IMH-001,ECOM,SARIMA_011_011,9-12,7.1015820301005474,-1.1898879301422323,51.644344626873185,6.850792648569625,2.3619174758236716,8.653190550552123,0,4
IMH-001,RETAIL,SARIMA_011_011,9-12,8.142926541101696,0.2970008519524182,43.21844180067722,8.490574512803493,2.5184955303961645,12.250812976561564,0,4
IMH-001,WHOLESALE,SARIMA_011_011,9-12,19.66652420585989,1.201810181872967,82.43107191820053,20.360927491466047,6.197923812510831,29.129167158775626,0,4
