fold,sku_id,channel_id,forecast_date,actual_units,model,forecast_units,train_end
9,APS-001,ECOM,2025-06-30,145.0,SARIMA_011_011,123.0004606119927,2025-06-23
9,APS-001,ECOM,2025-07-07,131.0,SARIMA_011_011,127.96596103232807,2025-06-23
9,APS-001,ECOM,2025-07-14,128.0,SARIMA_011_011,134.89945775373377,2025-06-23
9,APS-001,ECOM,2025-07-21,137.0,SARIMA_011_011,139.85980279452411,2025-06-23
9,APS-001,ECOM,2025-07-28,125.0,SARIMA_011_011,144.4095111465005,2025-06-23
9,APS-001,ECOM,2025-08-04,152.0,SARIMA_011_011,149.81429617703955,2025-06-23
9,APS-001,ECOM,2025-08-11,157.0,SARIMA_011_011,156.6337206099422,2025-06-23
9,APS-001,ECOM,2025-08-18,161.0,SARIMA_011_011,150.16572302919658,2025-06-23
9,APS-001,ECOM,2025-08-25,159.0,SARIMA_011_011,145.90494174403005,2025-06-23
9,APS-001,ECOM,2025-09-01,222.0,SARIMA_011_011,224.46290332103834,2025-06-23
9,APS-001,ECOM,2025-09-08,238.0,SARIMA_011_011,219.1379497709085,2025-06-23
9,APS-001,ECOM,2025-09-15,230.0,SARIMA_011_011,220.4866494666361,2025-06-23
9,APS-001,ECOM,2025-09-22,233.0,SARIMA_011_011,218.2206293992096,2025-06-23
10,APS-001,ECOM,2025-09-29,207.0,SARIMA_011_011,274.8883156517217,2025-09-22
10,APS-001,ECOM,2025-10-06,338.0,SARIMA_011_011,308.635234239839,2025-09-22
10,APS-001,ECOM,2025-10-13,331.0,SARIMA_011_011,296.22118067407746,2025-09-22
10,APS-001,ECOM,2025-10-20,348.0,SARIMA_011_011,319.0269273630737,2025-09-22
10,APS-001,ECOM,2025-10-27,285.0,SARIMA_011_011,322.33431643796933,2025-09-22
10,APS-001,ECOM,2025-11-03,336.0,SARIMA_011_011,363.1372027898371,2025-09-22
10,APS-001,ECOM,2025-11-10,409.0,SARIMA_011_011,383.5917890117037,2025-09-22
10,APS-001,ECOM,2025-11-17,367.0,SARIMA_011_011,367.3581114831978,2025-09-22
10,APS-001,ECOM,2025-11-24,470.0,SARIMA_011_011,427.56747089973703,2025-09-22
10,APS-001,ECOM,2025-12-01,494.0,SARIMA_011_011,438.959318726776,2025-09-22
10,APS-001,ECOM,2025-12-08,473.0,SARIMA_011_011,412.33213921456246,2025-09-22
10,APS-001,ECOM,2025-12-15,446.7720720898293,SARIMA_011_011,386.61588402214437,2025-09-22
10,APS-001,ECOM,2025-12-22,407.9829882839476,SARIMA_011_011,392.2148687717356,2025-09-22
11,APS-001,ECOM,2025-12-29,413.1410583773791,SARIMA_011_011,387.38734339413594,2025-12-22
11,APS-001,ECOM,2026-01-05,347.8626345028023,SARIMA_011_011,432.93649504375463,2025-12-22
11,APS-001,ECOM,2026-01-12,366.6013236261215,SARIMA_011_011,472.8230230400496,2025-12-22
11,APS-001,ECOM,2026-01-19,408.2005318404603,SARIMA_011_011,462.7529215624107,2025-12-22
11,APS-001,ECOM,2026-01-26,384.86798457967086,SARIMA_011_011,402.636411414147,2025-12-22
11,APS-001,ECOM,2026-02-02,334.1492272482536,SARIMA_011_011,418.90011728057266,2025-12-22
11,APS-001,ECOM,2026-02-09,400.95630701893214,SARIMA_011_011,418.0832192400912,2025-12-22
11,APS-001,ECOM,2026-02-16,337.77046839080253,SARIMA_011_011,380.27715194965174,2025-12-22
11,APS-001,ECOM,2026-02-23,406.0,SARIMA_011_011,363.4143833270081,2025-12-22
11,APS-001,ECOM,2026-03-02,317.1995073553593,SARIMA_011_011,326.55266977805627,2025-12-22
11,APS-001,ECOM,2026-03-09,284.75447428492544,SARIMA_011_011,300.1006007102651,2025-12-22
11,APS-001,ECOM,2026-03-16,295.5893666219314,SARIMA_011_011,286.9715994167614,2025-12-22
11,APS-001,ECOM,2026-03-23,273.51474565576723,SARIMA_011_011,269.2650759067333,2025-12-22
12,APS-001,ECOM,2026-03-30,241.7672714141635,SARIMA_011_011,247.81251914052646,2026-03-23
12,APS-001,ECOM,2026-04-06,217.0,SARIMA_011_011,237.0396553865248,2026-03-23
12,APS-001,ECOM,2026-04-13,193.0,SARIMA_011_011,232.41997467496853,2026-03-23
12,APS-001,ECOM,2026-04-20,189.0,SARIMA_011_011,210.94066824949226,2026-03-23
12,APS-001,ECOM,2026-04-27,188.1669818892873,SARIMA_011_011,215.1242966379923,2026-03-23
12,APS-001,ECOM,2026-05-04,164.0,SARIMA_011_011,206.06094238604882,2026-03-23
12,APS-001,ECOM,2026-05-11,161.0,SARIMA_011_011,214.08276814608072,2026-03-23
12,APS-001,ECOM,2026-05-18,154.0,SARIMA_011_011,195.08923829469802,2026-03-23
12,APS-001,ECOM,2026-05-25,234.0,SARIMA_011_011,195.40461646901352,2026-03-23
12,APS-001,ECOM,2026-06-01,133.0,SARIMA_011_011,174.34282768625164,2026-03-23
12,APS-001,ECOM,2026-06-08,130.0,SARIMA_011_011,174.59992526545543,2026-03-23
12,APS-001,ECOM,2026-06-15,160.0,SARIMA_011_011,170.38065072413784,2026-03-23
12,APS-001,ECOM,2026-06-22,133.0,SARIMA_011_011,165.07910065134277,2026-03-23
9,APS-001,RETAIL,2025-06-30,97.0,SARIMA_011_011,104.50308370662044,2025-06-23
9,APS-001,RETAIL,2025-07-07,115.0,SARIMA_011_011,106.36271113746557,2025-06-23
9,APS-001,RETAIL,2025-07-14,72.0,SARIMA_011_011,102.35593214602842,2025-06-23
9,APS-001,RETAIL,2025-07-21,98.0,SARIMA_011_011,97.32175457526436,2025-06-23
9,APS-001,RETAIL,2025-07-28,72.0,SARIMA_011_011,111.18973348526016,2025-06-23
9,APS-001,RETAIL,2025-08-04,121.0,SARIMA_011_011,118.92326839435222,2025-06-23
9,APS-001,RETAIL,2025-08-11,112.0,SARIMA_011_011,120.90846163671513,2025-06-23
9,APS-001,RETAIL,2025-08-18,107.0,SARIMA_011_011,119.48426040681032,2025-06-23
9,APS-001,RETAIL,2025-08-25,98.0,SARIMA_011_011,114.6395947917375,2025-06-23
9,APS-001,RETAIL,2025-09-01,145.0,SARIMA_011_011,165.47818298497833,2025-06-23
9,APS-001,RETAIL,2025-09-08,168.0,SARIMA_011_011,170.68474455663673,2025-06-23
9,APS-001,RETAIL,2025-09-15,160.0,SARIMA_011_011,177.11443833285932,2025-06-23
9,APS-001,RETAIL,2025-09-22,151.0,SARIMA_011_011,164.78001465570807,2025-06-23
10,APS-001,RETAIL,2025-09-29,166.0,SARIMA_011_011,199.50893441136515,2025-09-22
10,APS-001,RETAIL,2025-10-06,235.0,SARIMA_011_011,217.19244328726063,2025-09-22
10,APS-001,RETAIL,2025-10-13,223.0,SARIMA_011_011,212.41613070795873,2025-09-22
10,APS-001,RETAIL,2025-10-20,226.0,SARIMA_011_011,228.85342420924542,2025-09-22
10,APS-001,RETAIL,2025-10-27,220.0,SARIMA_011_011,233.78393743698874,2025-09-22
10,APS-001,RETAIL,2025-11-03,277.0,SARIMA_011_011,261.15600953129973,2025-09-22
10,APS-001,RETAIL,2025-11-10,352.0,SARIMA_011_011,262.9677264481349,2025-09-22
10,APS-001,RETAIL,2025-11-17,299.0,SARIMA_011_011,255.59235567640812,2025-09-22
10,APS-001,RETAIL,2025-11-24,291.0,SARIMA_011_011,300.81455187843125,2025-09-22
10,APS-001,RETAIL,2025-12-01,365.0391706474035,SARIMA_011_011,286.3156487525685,2025-09-22
10,APS-001,RETAIL,2025-12-08,336.4730811124273,SARIMA_011_011,293.78246680499865,2025-09-22
10,APS-001,RETAIL,2025-12-15,303.10316599391723,SARIMA_011_011,301.14107851250105,2025-09-22
10,APS-001,RETAIL,2025-12-22,292.37842907722654,SARIMA_011_011,271.87920142017737,2025-09-22
11,APS-001,RETAIL,2025-12-29,293.98783893299577,SARIMA_011_011,307.5304612230151,2025-12-22
11,APS-001,RETAIL,2026-01-05,291.1536341773468,SARIMA_011_011,289.72551132700437,2025-12-22
11,APS-001,RETAIL,2026-01-12,269.7274820781547,SARIMA_011_011,326.5657010473895,2025-12-22
11,APS-001,RETAIL,2026-01-19,357.76923311466174,SARIMA_011_011,349.0951241274957,2025-12-22
11,APS-001,RETAIL,2026-01-26,242.13307043323024,SARIMA_011_011,281.43981283441553,2025-12-22
11,APS-001,RETAIL,2026-02-02,255.25,SARIMA_011_011,282.0697593805798,2025-12-22
11,APS-001,RETAIL,2026-02-09,267.8201399075184,SARIMA_011_011,284.226825175554,2025-12-22
11,APS-001,RETAIL,2026-02-16,279.30852747447,SARIMA_011_011,289.34736514910674,2025-12-22
11,APS-001,RETAIL,2026-02-23,266.213489311448,SARIMA_011_011,277.3654444078549,2025-12-22
11,APS-001,RETAIL,2026-03-02,223.74746551785296,SARIMA_011_011,237.35109142027974,2025-12-22
11,APS-001,RETAIL,2026-03-09,190.35420276805365,SARIMA_011_011,217.87420540939507,2025-12-22
11,APS-001,RETAIL,2026-03-16,209.0,SARIMA_011_011,209.21376185847757,2025-12-22
11,APS-001,RETAIL,2026-03-23,208.375,SARIMA_011_011,193.29720966830126,2025-12-22
12,APS-001,RETAIL,2026-03-30,192.04817149109076,SARIMA_011_011,167.621863705081,2026-03-23
12,APS-001,RETAIL,2026-04-06,147.0,SARIMA_011_011,168.14848240943653,2026-03-23
12,APS-001,RETAIL,2026-04-13,137.77487445054112,SARIMA_011_011,149.7009383448941,2026-03-23
12,APS-001,RETAIL,2026-04-20,125.1781956224911,SARIMA_011_011,134.69412199034332,2026-03-23
12,APS-001,RETAIL,2026-04-27,135.0,SARIMA_011_011,147.72950943768092,2026-03-23
12,APS-001,RETAIL,2026-05-04,127.0,SARIMA_011_011,124.00327866883616,2026-03-23
12,APS-001,RETAIL,2026-05-11,107.4772217006198,SARIMA_011_011,124.84964888121863,2026-03-23
12,APS-001,RETAIL,2026-05-18,113.0,SARIMA_011_011,118.86473018220292,2026-03-23
12,APS-001,RETAIL,2026-05-25,124.0,SARIMA_011_011,122.38579339926861,2026-03-23
12,APS-001,RETAIL,2026-06-01,96.0,SARIMA_011_011,105.66902475646584,2026-03-23
12,APS-001,RETAIL,2026-06-08,98.0,SARIMA_011_011,109.05113508120661,2026-03-23
12,APS-001,RETAIL,2026-06-15,100.0,SARIMA_011_011,107.93551074416585,2026-03-23
12,APS-001,RETAIL,2026-06-22,96.0,SARIMA_011_011,102.14818238413086,2026-03-23
9,APS-001,WHOLESALE,2025-06-30,89.0,SARIMA_011_011,80.17144987721153,2025-06-23
9,APS-001,WHOLESALE,2025-07-07,74.0,SARIMA_011_011,93.68058415321782,2025-06-23
9,APS-001,WHOLESALE,2025-07-14,98.0,SARIMA_011_011,79.42298441218678,2025-06-23
9,APS-001,WHOLESALE,2025-07-21,96.0,SARIMA_011_011,83.17929243480688,2025-06-23
9,APS-001,WHOLESALE,2025-07-28,82.0,SARIMA_011_011,87.92209601776185,2025-06-23
9,APS-001,WHOLESALE,2025-08-04,90.00000000000001,SARIMA_011_011,89.4230870093968,2025-06-23
9,APS-001,WHOLESALE,2025-08-11,65.0,SARIMA_011_011,103.17325788210135,2025-06-23
9,APS-001,WHOLESALE,2025-08-18,95.0,SARIMA_011_011,85.05093528996036,2025-06-23
9,APS-001,WHOLESALE,2025-08-25,94.0,SARIMA_011_011,95.92340280205393,2025-06-23
9,APS-001,WHOLESALE,2025-09-01,114.0,SARIMA_011_011,134.93097023012427,2025-06-23
9,APS-001,WHOLESALE,2025-09-08,132.0,SARIMA_011_011,129.9148774473071,2025-06-23
9,APS-001,WHOLESALE,2025-09-15,131.0,SARIMA_011_011,132.9426734403819,2025-06-23
9,APS-001,WHOLESALE,2025-09-22,139.41543555682165,SARIMA_011_011,153.24066198574877,2025-06-23
10,APS-001,WHOLESALE,2025-09-29,189.0,SARIMA_011_011,200.90479285303064,2025-09-22
10,APS-001,WHOLESALE,2025-10-06,231.0,SARIMA_011_011,182.45761754684779,2025-09-22
10,APS-001,WHOLESALE,2025-10-13,139.0,SARIMA_011_011,193.22220088362798,2025-09-22
10,APS-001,WHOLESALE,2025-10-20,119.0,SARIMA_011_011,199.90512028521863,2025-09-22
10,APS-001,WHOLESALE,2025-10-27,223.0,SARIMA_011_011,202.9045813344446,2025-09-22
10,APS-001,WHOLESALE,2025-11-03,216.0,SARIMA_011_011,256.22940215939633,2025-09-22
10,APS-001,WHOLESALE,2025-11-10,200.0,SARIMA_011_011,259.15536645598,2025-09-22
10,APS-001,WHOLESALE,2025-11-17,250.95478589887853,SARIMA_011_011,275.30754018684286,2025-09-22
10,APS-001,WHOLESALE,2025-11-24,242.00000000000003,SARIMA_011_011,304.6651139708191,2025-09-22
10,APS-001,WHOLESALE,2025-12-01,340.43142383274784,SARIMA_011_011,308.3544418756655,2025-09-22
10,APS-001,WHOLESALE,2025-12-08,229.49527876559412,SARIMA_011_011,316.0593217066014,2025-09-22
10,APS-001,WHOLESALE,2025-12-15,294.30997289324944,SARIMA_011_011,216.88558456320345,2025-09-22
10,APS-001,WHOLESALE,2025-12-22,245.7074411179063,SARIMA_011_011,231.8479390235559,2025-09-22
11,APS-001,WHOLESALE,2025-12-29,250.6027536416755,SARIMA_011_011,186.80199831139421,2025-12-22
11,APS-001,WHOLESALE,2026-01-05,167.10796186623267,SARIMA_011_011,243.68526614177057,2025-12-22
11,APS-001,WHOLESALE,2026-01-12,179.95657080880054,SARIMA_011_011,240.21100515132366,2025-12-22
11,APS-001,WHOLESALE,2026-01-19,201.60962819079097,SARIMA_011_011,264.6266579404402,2025-12-22
11,APS-001,WHOLESALE,2026-01-26,254.0853502359416,SARIMA_011_011,214.98708207223086,2025-12-22
11,APS-001,WHOLESALE,2026-02-02,229.3010682194104,SARIMA_011_011,187.68680123594035,2025-12-22
11,APS-001,WHOLESALE,2026-02-09,249.57867232009372,SARIMA_011_011,222.95834663218432,2025-12-22
11,APS-001,WHOLESALE,2026-02-16,261.7959303721706,SARIMA_011_011,216.29866748535798,2025-12-22
11,APS-001,WHOLESALE,2026-02-23,207.50641543611405,SARIMA_011_011,166.6464829011071,2025-12-22
11,APS-001,WHOLESALE,2026-03-02,229.95491821893685,SARIMA_011_011,173.51858567549925,2025-12-22
11,APS-001,WHOLESALE,2026-03-09,155.6095278424043,SARIMA_011_011,167.2739535416338,2025-12-22
11,APS-001,WHOLESALE,2026-03-16,167.56662894473018,SARIMA_011_011,150.7816059660253,2025-12-22
11,APS-001,WHOLESALE,2026-03-23,160.68211083799076,SARIMA_011_011,167.44603125019609,2025-12-22
12,APS-001,WHOLESALE,2026-03-30,126.10992270341715,SARIMA_011_011,150.1748526211329,2026-03-23
12,APS-001,WHOLESALE,2026-04-06,127.0,SARIMA_011_011,143.54340473100734,2026-03-23
12,APS-001,WHOLESALE,2026-04-13,132.09354326986434,SARIMA_011_011,120.28017410478697,2026-03-23
12,APS-001,WHOLESALE,2026-04-20,114.5463236664164,SARIMA_011_011,112.05956281994847,2026-03-23
12,APS-001,WHOLESALE,2026-04-27,110.5,SARIMA_011_011,114.25050984311453,2026-03-23
12,APS-001,WHOLESALE,2026-05-04,73.375,SARIMA_011_011,78.84764913614269,2026-03-23
12,APS-001,WHOLESALE,2026-05-11,128.18630558816648,SARIMA_011_011,99.0517776019383,2026-03-23
12,APS-001,WHOLESALE,2026-05-18,70.0,SARIMA_011_011,106.2039945466586,2026-03-23
12,APS-001,WHOLESALE,2026-05-25,93.0,SARIMA_011_011,108.6381201253754,2026-03-23
12,APS-001,WHOLESALE,2026-06-01,72.35339721840137,SARIMA_011_011,81.70228219542423,2026-03-23
12,APS-001,WHOLESALE,2026-06-08,75.0,SARIMA_011_011,81.69741138415988,2026-03-23
12,APS-001,WHOLESALE,2026-06-15,114.0,SARIMA_011_011,69.70178990648506,2026-03-23
12,APS-001,WHOLESALE,2026-06-22,82.0,SARIMA_011_011,74.44426560347794,2026-03-23
9,CTS-001,ECOM,2025-06-30,411.0,SARIMA_011_011,444.1879552354858,2025-06-23
9,CTS-001,ECOM,2025-07-07,453.0,SARIMA_011_011,442.55483049704844,2025-06-23
9,CTS-001,ECOM,2025-07-14,417.0,SARIMA_011_011,425.8538584731721,2025-06-23
9,CTS-001,ECOM,2025-07-21,430.0,SARIMA_011_011,420.1651514062456,2025-06-23
9,CTS-001,ECOM,2025-07-28,453.0,SARIMA_011_011,439.7198560434774,2025-06-23
9,CTS-001,ECOM,2025-08-04,458.0,SARIMA_011_011,436.4140156818053,2025-06-23
9,CTS-001,ECOM,2025-08-11,510.0,SARIMA_011_011,449.5294746025427,2025-06-23
9,CTS-001,ECOM,2025-08-18,398.0,SARIMA_011_011,443.3055324113259,2025-06-23
9,CTS-001,ECOM,2025-08-25,414.00000000000006,SARIMA_011_011,419.3922379396184,2025-06-23
9,CTS-001,ECOM,2025-09-01,580.0,SARIMA_011_011,516.284570380151,2025-06-23
9,CTS-001,ECOM,2025-09-08,576.0,SARIMA_011_011,516.9910183058017,2025-06-23
9,CTS-001,ECOM,2025-09-15,557.0,SARIMA_011_011,502.43260395652,2025-06-23
9,CTS-001,ECOM,2025-09-22,550.897363703278,SARIMA_011_011,538.0744579125942,2025-06-23
10,CTS-001,ECOM,2025-09-29,583.0,SARIMA_011_011,564.9023822412533,2025-09-22
10,CTS-001,ECOM,2025-10-06,606.0,SARIMA_011_011,592.3312462340609,2025-09-22
10,CTS-001,ECOM,2025-10-13,628.9999999999999,SARIMA_011_011,593.5386701943767,2025-09-22
10,CTS-001,ECOM,2025-10-20,581.0,SARIMA_011_011,601.6526353048644,2025-09-22
10,CTS-001,ECOM,2025-10-27,695.0,SARIMA_011_011,652.6889543875875,2025-09-22
10,CTS-001,ECOM,2025-11-03,643.0,SARIMA_011_011,625.0982190850536,2025-09-22
10,CTS-001,ECOM,2025-11-10,682.8445338487589,SARIMA_011_011,674.2829583981458,2025-09-22
10,CTS-001,ECOM,2025-11-17,595.50841510194,SARIMA_011_011,653.9919138916179,2025-09-22
10,CTS-001,ECOM,2025-11-24,770.0,SARIMA_011_011,696.8637430017054,2025-09-22
10,CTS-001,ECOM,2025-12-01,753.0,SARIMA_011_011,582.6534548249318,2025-09-22
10,CTS-001,ECOM,2025-12-08,660.0,SARIMA_011_011,642.0874317079299,2025-09-22
10,CTS-001,ECOM,2025-12-15,590.625,SARIMA_011_011,634.0405694639342,2025-09-22
10,CTS-001,ECOM,2025-12-22,664.5,SARIMA_011_011,622.4304284227954,2025-09-22
11,CTS-001,ECOM,2025-12-29,552.1318701896416,SARIMA_011_011,457.74223324771964,2025-12-22
11,CTS-001,ECOM,2026-01-05,399.4330218856404,SARIMA_011_011,438.95142654208126,2025-12-22
11,CTS-001,ECOM,2026-01-12,305.0,SARIMA_011_011,459.1159540451836,2025-12-22
11,CTS-001,ECOM,2026-01-19,403.125,SARIMA_011_011,423.56985366307794,2025-12-22
11,CTS-001,ECOM,2026-01-26,393.2524663238576,SARIMA_011_011,434.2895675291314,2025-12-22
11,CTS-001,ECOM,2026-02-02,376.0,SARIMA_011_011,466.18813901732375,2025-12-22
11,CTS-001,ECOM,2026-02-09,330.0,SARIMA_011_011,434.07189470601213,2025-12-22
11,CTS-001,ECOM,2026-02-16,432.1014301179917,SARIMA_011_011,421.0088914662174,2025-12-22
11,CTS-001,ECOM,2026-02-23,389.0,SARIMA_011_011,404.3792947153843,2025-12-22
11,CTS-001,ECOM,2026-03-02,464.35046299646194,SARIMA_011_011,442.55432229644515,2025-12-22
11,CTS-001,ECOM,2026-03-09,450.4004346676137,SARIMA_011_011,435.02382170329895,2025-12-22
11,CTS-001,ECOM,2026-03-16,437.0,SARIMA_011_011,436.85681420138445,2025-12-22
11,CTS-001,ECOM,2026-03-23,395.0,SARIMA_011_011,436.12666239220266,2025-12-22
12,CTS-001,ECOM,2026-03-30,370.071989736282,SARIMA_011_011,476.2244907132627,2026-03-23
12,CTS-001,ECOM,2026-04-06,422.0,SARIMA_011_011,468.2549385443855,2026-03-23
12,CTS-001,ECOM,2026-04-13,420.0,SARIMA_011_011,479.07172075366805,2026-03-23
12,CTS-001,ECOM,2026-04-20,390.2672088384656,SARIMA_011_011,416.2667357090262,2026-03-23
12,CTS-001,ECOM,2026-04-27,450.0,SARIMA_011_011,454.4814492531867,2026-03-23
12,CTS-001,ECOM,2026-05-04,445.0,SARIMA_011_011,466.49161174803555,2026-03-23
12,CTS-001,ECOM,2026-05-11,531.9075796794857,SARIMA_011_011,480.49007264431884,2026-03-23
12,CTS-001,ECOM,2026-05-18,459.0,SARIMA_011_011,472.63328528242386,2026-03-23
12,CTS-001,ECOM,2026-05-25,422.0,SARIMA_011_011,462.7359283719164,2026-03-23
12,CTS-001,ECOM,2026-06-01,435.83025784522687,SARIMA_011_011,450.1746668281065,2026-03-23
12,CTS-001,ECOM,2026-06-08,423.0,SARIMA_011_011,447.1310903938119,2026-03-23
12,CTS-001,ECOM,2026-06-15,528.0,SARIMA_011_011,442.6689280234127,2026-03-23
12,CTS-001,ECOM,2026-06-22,412.3025413553473,SARIMA_011_011,439.0181297380909,2026-03-23
9,CTS-001,RETAIL,2025-06-30,316.0,SARIMA_011_011,290.2928167590516,2025-06-23
9,CTS-001,RETAIL,2025-07-07,320.0,SARIMA_011_011,313.3441046430862,2025-06-23
9,CTS-001,RETAIL,2025-07-14,324.0,SARIMA_011_011,282.54269979962896,2025-06-23
9,CTS-001,RETAIL,2025-07-21,289.0,SARIMA_011_011,293.81937127942706,2025-06-23
9,CTS-001,RETAIL,2025-07-28,306.0,SARIMA_011_011,324.7603230715797,2025-06-23
9,CTS-001,RETAIL,2025-08-04,300.0,SARIMA_011_011,320.32942607792,2025-06-23
9,CTS-001,RETAIL,2025-08-11,325.0,SARIMA_011_011,324.0542802733913,2025-06-23
9,CTS-001,RETAIL,2025-08-18,304.0,SARIMA_011_011,323.0908998692998,2025-06-23
9,CTS-001,RETAIL,2025-08-25,316.0,SARIMA_011_011,347.133420269083,2025-06-23
9,CTS-001,RETAIL,2025-09-01,423.0,SARIMA_011_011,354.369380941695,2025-06-23
9,CTS-001,RETAIL,2025-09-08,380.0,SARIMA_011_011,387.85364092243236,2025-06-23
9,CTS-001,RETAIL,2025-09-15,451.00000000000006,SARIMA_011_011,401.8964470701977,2025-06-23
9,CTS-001,RETAIL,2025-09-22,389.0,SARIMA_011_011,392.3335538632028,2025-06-23
10,CTS-001,RETAIL,2025-09-29,381.0,SARIMA_011_011,423.26598728590017,2025-09-22
10,CTS-001,RETAIL,2025-10-06,424.0,SARIMA_011_011,438.00331814718993,2025-09-22
10,CTS-001,RETAIL,2025-10-13,437.00000000000006,SARIMA_011_011,493.5265931005702,2025-09-22
10,CTS-001,RETAIL,2025-10-20,443.0,SARIMA_011_011,437.0521893308393,2025-09-22
10,CTS-001,RETAIL,2025-10-27,466.0,SARIMA_011_011,438.812473388738,2025-09-22
10,CTS-001,RETAIL,2025-11-03,434.00000000000006,SARIMA_011_011,430.3942318109861,2025-09-22
10,CTS-001,RETAIL,2025-11-10,421.0,SARIMA_011_011,460.2165631621028,2025-09-22
10,CTS-001,RETAIL,2025-11-17,480.0,SARIMA_011_011,509.90719062661987,2025-09-22
10,CTS-001,RETAIL,2025-11-24,556.0,SARIMA_011_011,510.84514371152875,2025-09-22
10,CTS-001,RETAIL,2025-12-01,443.40195526588406,SARIMA_011_011,424.0873625449693,2025-09-22
10,CTS-001,RETAIL,2025-12-08,432.5081593166295,SARIMA_011_011,457.3676146847382,2025-09-22
10,CTS-001,RETAIL,2025-12-15,454.156702234229,SARIMA_011_011,442.9449598508091,2025-09-22
10,CTS-001,RETAIL,2025-12-22,509.46629350396233,SARIMA_011_011,434.99304758521384,2025-09-22
11,CTS-001,RETAIL,2025-12-29,366.8636605839308,SARIMA_011_011,299.66152001888963,2025-12-22
11,CTS-001,RETAIL,2026-01-05,252.0444937388803,SARIMA_011_011,260.29662942526215,2025-12-22
11,CTS-001,RETAIL,2026-01-12,273.0852498374759,SARIMA_011_011,307.11232630462115,2025-12-22
11,CTS-001,RETAIL,2026-01-19,291.0,SARIMA_011_011,282.5947684612157,2025-12-22
11,CTS-001,RETAIL,2026-01-26,282.1212422516274,SARIMA_011_011,280.79056664575313,2025-12-22
11,CTS-001,RETAIL,2026-02-02,283.0,SARIMA_011_011,293.98182282096377,2025-12-22
11,CTS-001,RETAIL,2026-02-09,240.0,SARIMA_011_011,311.82838227980886,2025-12-22
11,CTS-001,RETAIL,2026-02-16,321.0,SARIMA_011_011,303.8507208660328,2025-12-22
11,CTS-001,RETAIL,2026-02-23,257.0,SARIMA_011_011,293.60335333971705,2025-12-22
11,CTS-001,RETAIL,2026-03-02,293.0,SARIMA_011_011,326.4782144982505,2025-12-22
11,CTS-001,RETAIL,2026-03-09,295.0,SARIMA_011_011,311.48105955640176,2025-12-22
11,CTS-001,RETAIL,2026-03-16,287.0,SARIMA_011_011,300.03696743544225,2025-12-22
11,CTS-001,RETAIL,2026-03-23,235.0,SARIMA_011_011,289.9039391447122,2025-12-22
12,CTS-001,RETAIL,2026-03-30,279.0,SARIMA_011_011,308.9988919945712,2026-03-23
12,CTS-001,RETAIL,2026-04-06,296.0,SARIMA_011_011,311.45489516952017,2026-03-23
12,CTS-001,RETAIL,2026-04-13,297.0,SARIMA_011_011,296.252433925511,2026-03-23
12,CTS-001,RETAIL,2026-04-20,304.0,SARIMA_011_011,298.8068064884321,2026-03-23
12,CTS-001,RETAIL,2026-04-27,318.0,SARIMA_011_011,285.5753460677097,2026-03-23
12,CTS-001,RETAIL,2026-05-04,340.0,SARIMA_011_011,322.34847943020435,2026-03-23
12,CTS-001,RETAIL,2026-05-11,393.0763632245655,SARIMA_011_011,330.9369216079304,2026-03-23
12,CTS-001,RETAIL,2026-05-18,321.0,SARIMA_011_011,320.8947351418043,2026-03-23
12,CTS-001,RETAIL,2026-05-25,317.0,SARIMA_011_011,325.9553306970806,2026-03-23
12,CTS-001,RETAIL,2026-06-01,314.3113462239036,SARIMA_011_011,313.3270946415507,2026-03-23
12,CTS-001,RETAIL,2026-06-08,299.0,SARIMA_011_011,326.5351184247076,2026-03-23
12,CTS-001,RETAIL,2026-06-15,340.00000000000006,SARIMA_011_011,313.34778902671394,2026-03-23
12,CTS-001,RETAIL,2026-06-22,315.3226738776333,SARIMA_011_011,316.02101312445564,2026-03-23
9,CTS-001,WHOLESALE,2025-06-30,187.0,SARIMA_011_011,274.25362905373447,2025-06-23
9,CTS-001,WHOLESALE,2025-07-07,221.00000000000003,SARIMA_011_011,310.7146147798944,2025-06-23
9,CTS-001,WHOLESALE,2025-07-14,212.0,SARIMA_011_011,277.2284628368946,2025-06-23
9,CTS-001,WHOLESALE,2025-07-21,253.0,SARIMA_011_011,269.24093637202543,2025-06-23
9,CTS-001,WHOLESALE,2025-07-28,347.0,SARIMA_011_011,300.2308835339738,2025-06-23
9,CTS-001,WHOLESALE,2025-08-04,211.0,SARIMA_011_011,256.7485990496542,2025-06-23
9,CTS-001,WHOLESALE,2025-08-11,260.0,SARIMA_011_011,265.4841914653322,2025-06-23
9,CTS-001,WHOLESALE,2025-08-18,211.0,SARIMA_011_011,302.4401518367484,2025-06-23
9,CTS-001,WHOLESALE,2025-08-25,239.0,SARIMA_011_011,269.4220840638964,2025-06-23
9,CTS-001,WHOLESALE,2025-09-01,398.0,SARIMA_011_011,372.9794211046009,2025-06-23
9,CTS-001,WHOLESALE,2025-09-08,413.0,SARIMA_011_011,390.00701482969555,2025-06-23
9,CTS-001,WHOLESALE,2025-09-15,237.0,SARIMA_011_011,353.7243389508135,2025-06-23
9,CTS-001,WHOLESALE,2025-09-22,249.13685533898888,SARIMA_011_011,376.5910246289779,2025-06-23
10,CTS-001,WHOLESALE,2025-09-29,412.0,SARIMA_011_011,353.44458545835136,2025-09-22
10,CTS-001,WHOLESALE,2025-10-06,327.0,SARIMA_011_011,333.96393851728874,2025-09-22
10,CTS-001,WHOLESALE,2025-10-13,374.0,SARIMA_011_011,332.9751995829152,2025-09-22
10,CTS-001,WHOLESALE,2025-10-20,423.00000000000006,SARIMA_011_011,337.4092373110708,2025-09-22
10,CTS-001,WHOLESALE,2025-10-27,372.0,SARIMA_011_011,400.22224730286393,2025-09-22
10,CTS-001,WHOLESALE,2025-11-03,437.0,SARIMA_011_011,382.2581735267851,2025-09-22
10,CTS-001,WHOLESALE,2025-11-10,297.2520322239045,SARIMA_011_011,402.7022592573614,2025-09-22
10,CTS-001,WHOLESALE,2025-11-17,527.2190178659379,SARIMA_011_011,454.1170250305634,2025-09-22
10,CTS-001,WHOLESALE,2025-11-24,525.8558682337625,SARIMA_011_011,456.08528122725113,2025-09-22
10,CTS-001,WHOLESALE,2025-12-01,261.7953822659147,SARIMA_011_011,365.87600281247813,2025-09-22
10,CTS-001,WHOLESALE,2025-12-08,280.8304454580508,SARIMA_011_011,338.9393714570054,2025-09-22
10,CTS-001,WHOLESALE,2025-12-15,341.0283175176544,SARIMA_011_011,346.87821920540495,2025-09-22
10,CTS-001,WHOLESALE,2025-12-22,264.60476279121724,SARIMA_011_011,300.05189732080197,2025-09-22
11,CTS-001,WHOLESALE,2025-12-29,379.99144826463055,SARIMA_011_011,211.08854938123292,2025-12-22
11,CTS-001,WHOLESALE,2026-01-05,197.04290851177933,SARIMA_011_011,173.05506700037455,2025-12-22
11,CTS-001,WHOLESALE,2026-01-12,177.25,SARIMA_011_011,223.29757400936867,2025-12-22
11,CTS-001,WHOLESALE,2026-01-19,161.0,SARIMA_011_011,200.50793109502894,2025-12-22
11,CTS-001,WHOLESALE,2026-01-26,209.779711480894,SARIMA_011_011,182.68030156796033,2025-12-22
11,CTS-001,WHOLESALE,2026-02-02,188.0,SARIMA_011_011,250.4867777619196,2025-12-22
11,CTS-001,WHOLESALE,2026-02-09,267.0,SARIMA_011_011,213.37105179178025,2025-12-22
11,CTS-001,WHOLESALE,2026-02-16,188.0,SARIMA_011_011,238.8451984908213,2025-12-22
11,CTS-001,WHOLESALE,2026-02-23,276.0,SARIMA_011_011,234.96573437156496,2025-12-22
11,CTS-001,WHOLESALE,2026-03-02,151.0,SARIMA_011_011,225.8250190073436,2025-12-22
11,CTS-001,WHOLESALE,2026-03-09,227.5,SARIMA_011_011,241.52374710020447,2025-12-22
11,CTS-001,WHOLESALE,2026-03-16,239.0,SARIMA_011_011,229.1493647014489,2025-12-22
11,CTS-001,WHOLESALE,2026-03-23,203.0,SARIMA_011_011,225.26883549499536,2025-12-22
12,CTS-001,WHOLESALE,2026-03-30,234.35998101619776,SARIMA_011_011,276.1229655280821,2026-03-23
12,CTS-001,WHOLESALE,2026-04-06,252.00000000000003,SARIMA_011_011,287.3056386330041,2026-03-23
12,CTS-001,WHOLESALE,2026-04-13,298.7462804790289,SARIMA_011_011,217.79108611230055,2026-03-23
12,CTS-001,WHOLESALE,2026-04-20,190.7368157358052,SARIMA_011_011,230.45880017239799,2026-03-23
12,CTS-001,WHOLESALE,2026-04-27,234.0,SARIMA_011_011,251.35734206134805,2026-03-23
12,CTS-001,WHOLESALE,2026-05-04,268.96162997005,SARIMA_011_011,269.4521966211465,2026-03-23
12,CTS-001,WHOLESALE,2026-05-11,347.70990263611293,SARIMA_011_011,260.3388953939265,2026-03-23
12,CTS-001,WHOLESALE,2026-05-18,253.0,SARIMA_011_011,181.9433869820205,2026-03-23
12,CTS-001,WHOLESALE,2026-05-25,253.89206189784667,SARIMA_011_011,273.72286704955053,2026-03-23
12,CTS-001,WHOLESALE,2026-06-01,301.447933204697,SARIMA_011_011,268.27772298370627,2026-03-23
12,CTS-001,WHOLESALE,2026-06-08,233.0,SARIMA_011_011,231.59691712334967,2026-03-23
12,CTS-001,WHOLESALE,2026-06-15,279.3333826719655,SARIMA_011_011,258.56569258631214,2026-03-23
12,CTS-001,WHOLESALE,2026-06-22,234.81721019688013,SARIMA_011_011,321.2730646719307,2026-03-23
9,IMH-001,ECOM,2025-06-30,449.0,SARIMA_011_011,439.99442326180576,2025-06-23
9,IMH-001,ECOM,2025-07-07,433.0,SARIMA_011_011,463.01199621892886,2025-06-23
9,IMH-001,ECOM,2025-07-14,428.0,SARIMA_011_011,442.93790958126334,2025-06-23
9,IMH-001,ECOM,2025-07-21,435.0,SARIMA_011_011,436.7115798339537,2025-06-23
9,IMH-001,ECOM,2025-07-28,422.0,SARIMA_011_011,458.67584199854605,2025-06-23
9,IMH-001,ECOM,2025-08-04,495.0,SARIMA_011_011,496.2038894149832,2025-06-23
9,IMH-001,ECOM,2025-08-11,530.0,SARIMA_011_011,486.4775733955669,2025-06-23
9,IMH-001,ECOM,2025-08-18,472.0,SARIMA_011_011,484.2312072270649,2025-06-23
9,IMH-001,ECOM,2025-08-25,475.0,SARIMA_011_011,456.1970306625992,2025-06-23
9,IMH-001,ECOM,2025-09-01,676.0,SARIMA_011_011,639.7788961877995,2025-06-23
9,IMH-001,ECOM,2025-09-08,635.0,SARIMA_011_011,624.7302899747386,2025-06-23
9,IMH-001,ECOM,2025-09-15,656.0,SARIMA_011_011,656.007124980935,2025-06-23
9,IMH-001,ECOM,2025-09-22,658.0,SARIMA_011_011,637.9837637483458,2025-06-23
10,IMH-001,ECOM,2025-09-29,682.9999999999999,SARIMA_011_011,738.097531997204,2025-09-22
10,IMH-001,ECOM,2025-10-06,789.0,SARIMA_011_011,784.1044438237827,2025-09-22
10,IMH-001,ECOM,2025-10-13,777.0,SARIMA_011_011,797.104929541814,2025-09-22
10,IMH-001,ECOM,2025-10-20,813.0,SARIMA_011_011,857.8585653313801,2025-09-22
10,IMH-001,ECOM,2025-10-27,1126.0,SARIMA_011_011,956.8543256004659,2025-09-22
10,IMH-001,ECOM,2025-11-03,1084.0,SARIMA_011_011,918.8558168749064,2025-09-22
10,IMH-001,ECOM,2025-11-10,962.0,SARIMA_011_011,909.3536014139704,2025-09-22
10,IMH-001,ECOM,2025-11-17,991.0,SARIMA_011_011,981.7177490205106,2025-09-22
10,IMH-001,ECOM,2025-11-24,1032.0,SARIMA_011_011,1047.8580961828397,2025-09-22
10,IMH-001,ECOM,2025-12-01,1265.0,SARIMA_011_011,1034.9041557543778,2025-09-22
10,IMH-001,ECOM,2025-12-08,1194.0,SARIMA_011_011,1030.8505311620665,2025-09-22
10,IMH-001,ECOM,2025-12-15,948.995993924285,SARIMA_011_011,1016.2712351387078,2025-09-22
10,IMH-001,ECOM,2025-12-22,1052.6984220532308,SARIMA_011_011,998.0799382797329,2025-09-22
11,IMH-001,ECOM,2025-12-29,1081.0843679866116,SARIMA_011_011,924.5564428982024,2025-12-22
11,IMH-001,ECOM,2026-01-05,881.9040238417333,SARIMA_011_011,890.1889114772572,2025-12-22
11,IMH-001,ECOM,2026-01-12,944.9353439364334,SARIMA_011_011,1030.8315951538166,2025-12-22
11,IMH-001,ECOM,2026-01-19,994.9579718127128,SARIMA_011_011,1017.2681766071827,2025-12-22
11,IMH-001,ECOM,2026-01-26,921.9331503070088,SARIMA_011_011,1011.8090209176559,2025-12-22
11,IMH-001,ECOM,2026-02-02,898.9965767754403,SARIMA_011_011,841.1712857563593,2025-12-22
11,IMH-001,ECOM,2026-02-09,918.8662320626904,SARIMA_011_011,907.8200011651362,2025-12-22
11,IMH-001,ECOM,2026-02-16,985.0812452969932,SARIMA_011_011,912.1944003514654,2025-12-22
11,IMH-001,ECOM,2026-02-23,938.0155263687296,SARIMA_011_011,795.3268770484416,2025-12-22
11,IMH-001,ECOM,2026-03-02,672.562682241002,SARIMA_011_011,754.5275164156966,2025-12-22
11,IMH-001,ECOM,2026-03-09,764.9151024887228,SARIMA_011_011,715.0699841856172,2025-12-22
11,IMH-001,ECOM,2026-03-16,733.7243555094576,SARIMA_011_011,740.7675367478727,2025-12-22
11,IMH-001,ECOM,2026-03-23,675.6289255717275,SARIMA_011_011,662.0214560531861,2025-12-22
12,IMH-001,ECOM,2026-03-30,646.9390133542281,SARIMA_011_011,677.4305766767374,2026-03-23
12,IMH-001,ECOM,2026-04-06,612.3228096974074,SARIMA_011_011,614.9981656697295,2026-03-23
12,IMH-001,ECOM,2026-04-13,455.0,SARIMA_011_011,648.8567097320292,2026-03-23
12,IMH-001,ECOM,2026-04-20,638.0391920942,SARIMA_011_011,578.4180974976339,2026-03-23
12,IMH-001,ECOM,2026-04-27,575.0,SARIMA_011_011,558.1299106628535,2026-03-23
12,IMH-001,ECOM,2026-05-04,558.0,SARIMA_011_011,559.2002868786608,2026-03-23
12,IMH-001,ECOM,2026-05-11,562.0,SARIMA_011_011,593.2618257006101,2026-03-23
12,IMH-001,ECOM,2026-05-18,535.0,SARIMA_011_011,551.7686753237816,2026-03-23
12,IMH-001,ECOM,2026-05-25,486.0,SARIMA_011_011,533.8622458808628,2026-03-23
12,IMH-001,ECOM,2026-06-01,500.0,SARIMA_011_011,507.34231497807184,2026-03-23
12,IMH-001,ECOM,2026-06-08,456.0,SARIMA_011_011,515.8332976467372,2026-03-23
12,IMH-001,ECOM,2026-06-15,457.0,SARIMA_011_011,509.86314587648803,2026-03-23
12,IMH-001,ECOM,2026-06-22,440.0,SARIMA_011_011,518.2667601720821,2026-03-23
9,IMH-001,RETAIL,2025-06-30,304.0,SARIMA_011_011,314.5399330240827,2025-06-23
9,IMH-001,RETAIL,2025-07-07,311.0,SARIMA_011_011,285.0934925149862,2025-06-23
9,IMH-001,RETAIL,2025-07-14,328.0,SARIMA_011_011,305.5398192085375,2025-06-23
9,IMH-001,RETAIL,2025-07-21,298.0,SARIMA_011_011,317.5645643088417,2025-06-23
9,IMH-001,RETAIL,2025-07-28,315.0,SARIMA_011_011,322.3939693635993,2025-06-23
9,IMH-001,RETAIL,2025-08-04,343.0,SARIMA_011_011,347.45159413977166,2025-06-23
9,IMH-001,RETAIL,2025-08-11,340.0,SARIMA_011_011,340.0182200502983,2025-06-23
9,IMH-001,RETAIL,2025-08-18,340.0,SARIMA_011_011,334.20316940252843,2025-06-23
9,IMH-001,RETAIL,2025-08-25,417.0,SARIMA_011_011,325.6128917758274,2025-06-23
9,IMH-001,RETAIL,2025-09-01,450.0,SARIMA_011_011,412.4863381709786,2025-06-23
9,IMH-001,RETAIL,2025-09-08,505.0,SARIMA_011_011,483.88186828946004,2025-06-23
9,IMH-001,RETAIL,2025-09-15,484.0,SARIMA_011_011,451.47999662080696,2025-06-23
9,IMH-001,RETAIL,2025-09-22,503.2500168481173,SARIMA_011_011,430.49267926593086,2025-06-23
10,IMH-001,RETAIL,2025-09-29,526.0,SARIMA_011_011,521.9720090130083,2025-09-22
10,IMH-001,RETAIL,2025-10-06,497.0,SARIMA_011_011,555.3963741572521,2025-09-22
10,IMH-001,RETAIL,2025-10-13,590.0,SARIMA_011_011,630.620686981742,2025-09-22
10,IMH-001,RETAIL,2025-10-20,601.0,SARIMA_011_011,654.6337526187311,2025-09-22
10,IMH-001,RETAIL,2025-10-27,718.0,SARIMA_011_011,689.1417106295173,2025-09-22
10,IMH-001,RETAIL,2025-11-03,680.0,SARIMA_011_011,650.7744126068334,2025-09-22
10,IMH-001,RETAIL,2025-11-10,607.0,SARIMA_011_011,686.6527554439947,2025-09-22
10,IMH-001,RETAIL,2025-11-17,772.8418370985906,SARIMA_011_011,796.3136108617349,2025-09-22
10,IMH-001,RETAIL,2025-11-24,815.9999999999999,SARIMA_011_011,830.4361475092427,2025-09-22
10,IMH-001,RETAIL,2025-12-01,877.4673116689896,SARIMA_011_011,747.250994429839,2025-09-22
10,IMH-001,RETAIL,2025-12-08,756.1678823814136,SARIMA_011_011,802.791147251058,2025-09-22
10,IMH-001,RETAIL,2025-12-15,795.5798400712952,SARIMA_011_011,836.5099623284846,2025-09-22
10,IMH-001,RETAIL,2025-12-22,964.076284776779,SARIMA_011_011,868.2535232032444,2025-09-22
11,IMH-001,RETAIL,2025-12-29,855.9574025254484,SARIMA_011_011,786.1800453615695,2025-12-22
11,IMH-001,RETAIL,2026-01-05,746.8060620310005,SARIMA_011_011,767.4093590378033,2025-12-22
11,IMH-001,RETAIL,2026-01-12,596.2317419124281,SARIMA_011_011,712.3034485894665,2025-12-22
11,IMH-001,RETAIL,2026-01-19,849.7996493228873,SARIMA_011_011,702.7003942232675,2025-12-22
11,IMH-001,RETAIL,2026-01-26,727.7210081739297,SARIMA_011_011,698.8745919846949,2025-12-22
11,IMH-001,RETAIL,2026-02-02,650.8540789783866,SARIMA_011_011,673.7518477660211,2025-12-22
11,IMH-001,RETAIL,2026-02-09,654.0317463397067,SARIMA_011_011,699.4061531126703,2025-12-22
11,IMH-001,RETAIL,2026-02-16,691.8026437589534,SARIMA_011_011,701.3379261494797,2025-12-22
11,IMH-001,RETAIL,2026-02-23,608.548198073598,SARIMA_011_011,590.8168094491068,2025-12-22
11,IMH-001,RETAIL,2026-03-02,612.8018997922587,SARIMA_011_011,555.9130287860328,2025-12-22
11,IMH-001,RETAIL,2026-03-09,459.6252355419275,SARIMA_011_011,501.57500248070835,2025-12-22
11,IMH-001,RETAIL,2026-03-16,566.0,SARIMA_011_011,521.2510965043934,2025-12-22
11,IMH-001,RETAIL,2026-03-23,510.8051203868144,SARIMA_011_011,486.1009106981872,2025-12-22
12,IMH-001,RETAIL,2026-03-30,377.9426469217724,SARIMA_011_011,495.51387424360877,2026-03-23
12,IMH-001,RETAIL,2026-04-06,417.0,SARIMA_011_011,449.2917238349032,2026-03-23
12,IMH-001,RETAIL,2026-04-13,415.0,SARIMA_011_011,446.7439516191626,2026-03-23
12,IMH-001,RETAIL,2026-04-20,477.6148130875248,SARIMA_011_011,411.97783353608645,2026-03-23
12,IMH-001,RETAIL,2026-04-27,449.0,SARIMA_011_011,433.8317711591485,2026-03-23
12,IMH-001,RETAIL,2026-05-04,393.0,SARIMA_011_011,401.40967881855244,2026-03-23
12,IMH-001,RETAIL,2026-05-11,361.9846563305432,SARIMA_011_011,397.9015816400097,2026-03-23
12,IMH-001,RETAIL,2026-05-18,364.0,SARIMA_011_011,433.3860073843082,2026-03-23
12,IMH-001,RETAIL,2026-05-25,337.0,SARIMA_011_011,387.06600336996604,2026-03-23
12,IMH-001,RETAIL,2026-06-01,316.0,SARIMA_011_011,366.1998340698665,2026-03-23
12,IMH-001,RETAIL,2026-06-08,282.00000000000006,SARIMA_011_011,365.7238105790848,2026-03-23
12,IMH-001,RETAIL,2026-06-15,395.0,SARIMA_011_011,380.51733003243794,2026-03-23
12,IMH-001,RETAIL,2026-06-22,343.0,SARIMA_011_011,372.1894364768646,2026-03-23
9,IMH-001,WHOLESALE,2025-06-30,221.0,SARIMA_011_011,266.774158357119,2025-06-23
9,IMH-001,WHOLESALE,2025-07-07,287.0,SARIMA_011_011,276.0228226383943,2025-06-23
9,IMH-001,WHOLESALE,2025-07-14,233.0,SARIMA_011_011,296.2716254453717,2025-06-23
9,IMH-001,WHOLESALE,2025-07-21,206.0,SARIMA_011_011,258.2869615364662,2025-06-23
9,IMH-001,WHOLESALE,2025-07-28,299.0,SARIMA_011_011,257.066864700686,2025-06-23
9,IMH-001,WHOLESALE,2025-08-04,267.0,SARIMA_011_011,297.0236463528617,2025-06-23
9,IMH-001,WHOLESALE,2025-08-11,188.00000000000003,SARIMA_011_011,284.0105718615918,2025-06-23
9,IMH-001,WHOLESALE,2025-08-18,214.0,SARIMA_011_011,335.53597928361415,2025-06-23
9,IMH-001,WHOLESALE,2025-08-25,218.875,SARIMA_011_011,315.5163429069667,2025-06-23
9,IMH-001,WHOLESALE,2025-09-01,526.0,SARIMA_011_011,342.547292647195,2025-06-23
9,IMH-001,WHOLESALE,2025-09-08,335.0,SARIMA_011_011,449.8205027593982,2025-06-23
9,IMH-001,WHOLESALE,2025-09-15,354.99999999999994,SARIMA_011_011,376.32559303248627,2025-06-23
9,IMH-001,WHOLESALE,2025-09-22,213.01156146346057,SARIMA_011_011,372.7973420801044,2025-06-23
10,IMH-001,WHOLESALE,2025-09-29,366.0,SARIMA_011_011,495.1366022142068,2025-09-22
10,IMH-001,WHOLESALE,2025-10-06,479.0,SARIMA_011_011,443.97792210769387,2025-09-22
10,IMH-001,WHOLESALE,2025-10-13,654.0,SARIMA_011_011,495.4665234903132,2025-09-22
10,IMH-001,WHOLESALE,2025-10-20,754.0000000000001,SARIMA_011_011,456.81931805208836,2025-09-22
10,IMH-001,WHOLESALE,2025-10-27,308.0,SARIMA_011_011,568.6694042948596,2025-09-22
10,IMH-001,WHOLESALE,2025-11-03,513.0,SARIMA_011_011,528.7762395085593,2025-09-22
10,IMH-001,WHOLESALE,2025-11-10,650.0,SARIMA_011_011,554.7473269579261,2025-09-22
10,IMH-001,WHOLESALE,2025-11-17,780.625,SARIMA_011_011,608.8913967414686,2025-09-22
10,IMH-001,WHOLESALE,2025-11-24,787.70909787084,SARIMA_011_011,687.9119093766141,2025-09-22
10,IMH-001,WHOLESALE,2025-12-01,647.2622782004518,SARIMA_011_011,548.5882246805534,2025-09-22
10,IMH-001,WHOLESALE,2025-12-08,625.242831981586,SARIMA_011_011,598.9626325668179,2025-09-22
10,IMH-001,WHOLESALE,2025-12-15,674.1219750132933,SARIMA_011_011,646.7037262901575,2025-09-22
10,IMH-001,WHOLESALE,2025-12-22,443.0801065407427,SARIMA_011_011,591.0040294212872,2025-09-22
11,IMH-001,WHOLESALE,2025-12-29,727.8378999242145,SARIMA_011_011,606.6466141518968,2025-12-22
11,IMH-001,WHOLESALE,2026-01-05,435.2486739203405,SARIMA_011_011,588.5399732000101,2025-12-22
11,IMH-001,WHOLESALE,2026-01-12,517.75,SARIMA_011_011,533.9828904391,2025-12-22
11,IMH-001,WHOLESALE,2026-01-19,698.7226434493491,SARIMA_011_011,573.7169780913689,2025-12-22
11,IMH-001,WHOLESALE,2026-01-26,516.2241428657919,SARIMA_011_011,515.6126843574292,2025-12-22
11,IMH-001,WHOLESALE,2026-02-02,640.3110605961219,SARIMA_011_011,541.9543238463388,2025-12-22
11,IMH-001,WHOLESALE,2026-02-09,515.5569756657786,SARIMA_011_011,495.4887653525293,2025-12-22
11,IMH-001,WHOLESALE,2026-02-16,445.173812261572,SARIMA_011_011,503.3935106542409,2025-12-22
11,IMH-001,WHOLESALE,2026-02-23,558.0579825692928,SARIMA_011_011,494.94180381521693,2025-12-22
11,IMH-001,WHOLESALE,2026-03-02,426.0,SARIMA_011_011,449.549620170475,2025-12-22
11,IMH-001,WHOLESALE,2026-03-09,350.32508152978465,SARIMA_011_011,431.6011403010356,2025-12-22
11,IMH-001,WHOLESALE,2026-03-16,346.5,SARIMA_011_011,407.5185171820284,2025-12-22
11,IMH-001,WHOLESALE,2026-03-23,232.00000000000003,SARIMA_011_011,431.69344360679605,2025-12-22
12,IMH-001,WHOLESALE,2026-03-30,343.0,SARIMA_011_011,377.77499783119805,2026-03-23
12,IMH-001,WHOLESALE,2026-04-06,432.0,SARIMA_011_011,398.78133446434043,2026-03-23
12,IMH-001,WHOLESALE,2026-04-13,219.0,SARIMA_011_011,336.1440954618438,2026-03-23
12,IMH-001,WHOLESALE,2026-04-20,472.0,SARIMA_011_011,314.20863594377516,2026-03-23
12,IMH-001,WHOLESALE,2026-04-27,303.0,SARIMA_011_011,308.3010188718708,2026-03-23
12,IMH-001,WHOLESALE,2026-05-04,401.0,SARIMA_011_011,307.40587122107456,2026-03-23
12,IMH-001,WHOLESALE,2026-05-11,364.5,SARIMA_011_011,328.34847873371297,2026-03-23
12,IMH-001,WHOLESALE,2026-05-18,264.5,SARIMA_011_011,338.9257487247051,2026-03-23
12,IMH-001,WHOLESALE,2026-05-25,275.0,SARIMA_011_011,300.23988915363265,2026-03-23
12,IMH-001,WHOLESALE,2026-06-01,259.0,SARIMA_011_011,269.7759011048738,2026-03-23
12,IMH-001,WHOLESALE,2026-06-08,299.0,SARIMA_011_011,282.1227899684941,2026-03-23
12,IMH-001,WHOLESALE,2026-06-15,226.8560275730789,SARIMA_011_011,273.4820323889589,2026-03-23
12,IMH-001,WHOLESALE,2026-06-22,282.0,SARIMA_011_011,293.6265769491093,2026-03-23
