sku_id,channel_id,base_13w_demand_units,mild_13w_demand_units,severe_13w_demand_units,base_13w_fill_rate,severe_13w_fill_rate,min_weekly_base_fill_rate,worst_base_service_week,worst_week_service_gap_units,weeks_below_service_target,max_consecutive_weeks_below_target,weekly_service_exception_flag,base_final_inventory_units,base_final_wos,ending_safety_stock_units,base_safety_gap_units,forward_committed_receipts_13w,chase_capacity_units,recommended_reallocation_units,recommended_chase_release_units,contingency_chase_option_units,priority_tier,risk_type,planner_action,action_reason,base_13w_lost_revenue_opportunity_cad,severe_13w_lost_revenue_opportunity_cad,base_13w_carrying_cost_proxy_cad,data_classification,provenance
APS-001,ECOM,2333.223,2305.283,2355.215,1.0,1.0,1.0,2026-06-29,0.0,0,0,0,305.373,1.25,610.714,305.341,1747.184,381.66,0.0,0.0,326.177,P2,LOW_COVERAGE_RISK,PROTECT,"Base-case fill rate meets the governed service target, but ending inventory is below the 2.5-week safety-stock policy. Protect inventory and retain contingency chase capacity; do not release it yet.",0.0,0.0,21642.102,DERIVED,DERIVED from frozen DemandIQ_Step4D_Final_13Week_Forecast.csv and DemandIQ_Step5_IBP_Decision_Plan.csv
APS-001,RETAIL,1591.495,1572.43,1606.158,1.0,1.0,1.0,2026-06-29,0.0,0,0,0,46.707,0.281,415.224,368.516,1060.193,249.185,0.0,0.0,249.185,P2,LOW_COVERAGE_RISK,PROTECT,"Base-case fill rate meets the governed service target, but ending inventory is below the 2.5-week safety-stock policy. Protect inventory and retain contingency chase capacity; do not release it yet.",0.0,0.0,10340.301,DERIVED,DERIVED from frozen DemandIQ_Step4D_Final_13Week_Forecast.csv and DemandIQ_Step5_IBP_Decision_Plan.csv
APS-001,WHOLESALE,1309.511,1293.3319999999999,1321.767,0.935,0.927,0.332,2026-08-24,62.506,2,1,1,0.0,0.0,335.369,335.369,793.479,217.519,0.0,0.0,0.0,P1,WEEKLY_SERVICE_RISK,ESCALATE,"Base 13-week service meets target, but the series misses the 92% service target in 2 forecast weeks. Worst week 2026-08-24 falls to 33.2% fill with a 62.5-unit gap. Escalate for S&OE review and validate receipt timing, reallocation and chase feasibility before any release.",35175.203,40251.626,3706.361,DERIVED,DERIVED from frozen DemandIQ_Step4D_Final_13Week_Forecast.csv and DemandIQ_Step5_IBP_Decision_Plan.csv
CTS-001,ECOM,6535.567,6475.859,6571.1759999999995,1.0,1.0,1.0,2026-06-29,0.0,0,0,0,368.542,0.635,1452.01,1083.468,4859.201999999999,686.945,0.0,0.0,686.945,P2,LOW_COVERAGE_RISK,PROTECT,"Base-case fill rate meets the governed service target, but ending inventory is below the 2.5-week safety-stock policy. Protect inventory and retain contingency chase capacity; do not release it yet.",0.0,0.0,43747.478,DERIVED,DERIVED from frozen DemandIQ_Step4D_Final_13Week_Forecast.csv and DemandIQ_Step5_IBP_Decision_Plan.csv
CTS-001,RETAIL,4558.386,4516.292,4583.317,0.956,0.951,0.654,2026-08-24,122.844,2,1,1,0.0,0.0,1028.153,1028.153,3436.294,459.413,0.0,0.0,0.0,P1,WEEKLY_SERVICE_RISK,ESCALATE,"Base 13-week service meets target, but the series misses the 92% service target in 2 forecast weeks. Worst week 2026-08-24 falls to 65.4% fill with a 122.8-unit gap. Escalate for S&OE review and validate receipt timing, reallocation and chase feasibility before any release.",123855.957,138896.7,19143.477,DERIVED,DERIVED from frozen DemandIQ_Step4D_Final_13Week_Forecast.csv and DemandIQ_Step5_IBP_Decision_Plan.csv
CTS-001,WHOLESALE,3602.8379999999997,3570.232,3622.588,1.0,1.0,1.0,2026-06-29,0.0,0,0,0,310.656,0.911,852.699,542.043,3044.062,340.385,0.0,0.0,340.385,P2,LOW_COVERAGE_RISK,PROTECT,"Base-case fill rate meets the governed service target, but ending inventory is below the 2.5-week safety-stock policy. Protect inventory and retain contingency chase capacity; do not release it yet.",0.0,0.0,17897.756,DERIVED,DERIVED from frozen DemandIQ_Step4D_Final_13Week_Forecast.csv and DemandIQ_Step5_IBP_Decision_Plan.csv
IMH-001,ECOM,7362.241,7272.629,7413.7919999999995,1.0,1.0,1.0,2026-06-29,0.0,0,0,0,393.86,0.54,1822.083,1428.223,5374.8769999999995,914.628,0.0,0.0,914.628,P2,LOW_COVERAGE_RISK,PROTECT,"Base-case fill rate meets the governed service target, but ending inventory is below the 2.5-week safety-stock policy. Protect inventory and retain contingency chase capacity; do not release it yet.",0.0,0.0,28691.117,DERIVED,DERIVED from frozen DemandIQ_Step4D_Final_13Week_Forecast.csv and DemandIQ_Step5_IBP_Decision_Plan.csv
IMH-001,RETAIL,5049.376,4988.665,5085.68,1.0,1.0,1.0,2026-06-29,0.0,0,0,0,297.254,0.598,1242.162,944.908,3320.9030000000002,712.025,0.0,0.0,712.025,P2,LOW_COVERAGE_RISK,PROTECT,"Base-case fill rate meets the governed service target, but ending inventory is below the 2.5-week safety-stock policy. Protect inventory and retain contingency chase capacity; do not release it yet.",0.0,0.0,20380.389,DERIVED,DERIVED from frozen DemandIQ_Step4D_Final_13Week_Forecast.csv and DemandIQ_Step5_IBP_Decision_Plan.csv
IMH-001,WHOLESALE,4092.023,4041.378,4117.554,0.961,0.955,0.741,2026-08-24,78.388,2,1,1,0.0,0.0,964.185,964.185,2960.871,500.082,0.0,0.0,0.0,P1,WEEKLY_SERVICE_RISK,ESCALATE,"Base 13-week service meets target, but the series misses the 92% service target in 2 forecast weeks. Worst week 2026-08-24 falls to 74.1% fill with a 78.4-unit gap. Escalate for S&OE review and validate receipt timing, reallocation and chase feasibility before any release.",33436.964,38718.609,6327.247,DERIVED,DERIVED from frozen DemandIQ_Step4D_Final_13Week_Forecast.csv and DemandIQ_Step5_IBP_Decision_Plan.csv
