forecast_origin,forecast_week_start,horizon_week,sku_id,channel_id,champion_model,champion_family,training_weeks,champion_backtest_wape_pct,champion_backtest_bias_pct,base_forecast_units,iso_week,weather_horizon_mode,weather_data_status,nowcast_available_flag,future_realized_weather_used_flag,analog_week_radius_used,analog_observation_count,mild_positive_analog_count,severe_positive_analog_count,scenario_support_flag,mild_scenario_exposure_share,severe_scenario_exposure_share,scenario_exposure_quantile,sku_mild_policy_cap_pct,sku_severe_policy_cap_pct,mild_scenario_adjustment_pct,normal_scenario_adjustment_pct,severe_scenario_adjustment_pct,recommended_base_adjustment_pct,scenario_width_pp,analog_net_adjustment_median_pct,analog_net_adjustment_min_pct,analog_net_adjustment_max_pct,scenario_method,scenario_provenance,scenario_threshold_provenance,nowcast_governance,mild_scenario_forecast_units,normal_scenario_forecast_units,severe_scenario_forecast_units,operational_forecast_units,scenario_range_units,scenario_range_pct,planner_status,forecast_target,model_selection_status,weather_framework_status,forecast_provenance
2026-06-22,2026-06-29,1,APS-001,ECOM,HW_Damped_Mul,ETS,260,10.55,-3.09,136.169,27,NOWCAST_REQUIRED,POINT_IN_TIME_NOWCAST_NOT_SUPPLIED,0,0,3,28,19,6,ADEQUATE,0.2749152121961388,0.1375201202869258,0.75,-4.0,6.0,-1.0996608487845552,0.0,0.8251207217215553,0.0,1.9247815705061104,-0.3799847385487939,-1.808488392688945,1.420576018607136,CONDITIONAL_P75_SCENARIO_EXPOSURE_X_FROZEN_SKU_POLICY_CAP,HISTORICAL_PUBLIC_WEATHER_DERIVED_OVERLAY,PROJECT_ASSUMPTION,NO_REALIZED_FUTURE_WEATHER_USED,134.671,136.169,137.292,136.169,2.621,1.925,BASE_FORECAST_PENDING_NOWCAST,RECONSTRUCTED_DEMAND_UNITS,FROZEN_STEP4B_CHAMPION,FROZEN_STEP4C,DERIVED_FROM_SYNTHETIC_CASE_STUDY_DEMAND
2026-06-22,2026-06-29,1,APS-001,RETAIL,HW_Damped_Mul,ETS,260,8.83,-0.97,96.43,27,NOWCAST_REQUIRED,POINT_IN_TIME_NOWCAST_NOT_SUPPLIED,0,0,3,28,19,6,ADEQUATE,0.272856760151387,0.135095910446063,0.75,-4.0,6.0,-1.0914270406055482,0.0,0.810575462676378,0.0,1.9020025032819263,-0.3820759290345392,-1.7982486361723968,1.4134016770402718,CONDITIONAL_P75_SCENARIO_EXPOSURE_X_FROZEN_SKU_POLICY_CAP,HISTORICAL_PUBLIC_WEATHER_DERIVED_OVERLAY,PROJECT_ASSUMPTION,NO_REALIZED_FUTURE_WEATHER_USED,95.377,96.43,97.211,96.43,1.834,1.902,BASE_FORECAST_PENDING_NOWCAST,RECONSTRUCTED_DEMAND_UNITS,FROZEN_STEP4B_CHAMPION,FROZEN_STEP4C,DERIVED_FROM_SYNTHETIC_CASE_STUDY_DEMAND
2026-06-22,2026-06-29,1,APS-001,WHOLESALE,HW_Damped_Add,ETS,260,18.26,-0.35,79.012,27,NOWCAST_REQUIRED,POINT_IN_TIME_NOWCAST_NOT_SUPPLIED,0,0,3,28,19,6,ADEQUATE,0.2837693856343823,0.1406683488653746,0.75,-4.0,6.0,-1.1350775425375297,0.0,0.844010093192248,0.0,1.9790876357297773,-0.3821562456799473,-1.85188555812248,1.4268499773519217,CONDITIONAL_P75_SCENARIO_EXPOSURE_X_FROZEN_SKU_POLICY_CAP,HISTORICAL_PUBLIC_WEATHER_DERIVED_OVERLAY,PROJECT_ASSUMPTION,NO_REALIZED_FUTURE_WEATHER_USED,78.116,79.012,79.679,79.012,1.564,1.979,BASE_FORECAST_PENDING_NOWCAST,RECONSTRUCTED_DEMAND_UNITS,FROZEN_STEP4B_CHAMPION,FROZEN_STEP4C,DERIVED_FROM_SYNTHETIC_CASE_STUDY_DEMAND
2026-06-22,2026-06-29,1,CTS-001,ECOM,HW_Damped_Mul,ETS,260,8.37,-1.12,466.673,27,NOWCAST_REQUIRED,POINT_IN_TIME_NOWCAST_NOT_SUPPLIED,0,0,3,28,19,6,ADEQUATE,0.2961906879149319,0.1124657195383551,0.75,-3.0,4.0,-0.8885720637447959,0.0,0.4498628781534204,0.0,1.3384349418982162,-0.3076046550256573,-1.4235317213974017,0.8202790800684194,CONDITIONAL_P75_SCENARIO_EXPOSURE_X_FROZEN_SKU_POLICY_CAP,HISTORICAL_PUBLIC_WEATHER_DERIVED_OVERLAY,PROJECT_ASSUMPTION,NO_REALIZED_FUTURE_WEATHER_USED,462.527,466.673,468.773,466.673,6.246,1.338,BASE_FORECAST_PENDING_NOWCAST,RECONSTRUCTED_DEMAND_UNITS,FROZEN_STEP4B_CHAMPION,FROZEN_STEP4C,DERIVED_FROM_SYNTHETIC_CASE_STUDY_DEMAND
2026-06-22,2026-06-29,1,CTS-001,RETAIL,HW_Damped_Mul,ETS,260,9.18,0.8,305.563,27,NOWCAST_REQUIRED,POINT_IN_TIME_NOWCAST_NOT_SUPPLIED,0,0,3,28,19,6,ADEQUATE,0.2990442528419836,0.1125866978158945,0.75,-3.0,4.0,-0.897132758525951,0.0,0.4503467912635783,0.0,1.347479549789529,-0.3062420424182838,-1.445145755536824,0.8166454464487569,CONDITIONAL_P75_SCENARIO_EXPOSURE_X_FROZEN_SKU_POLICY_CAP,HISTORICAL_PUBLIC_WEATHER_DERIVED_OVERLAY,PROJECT_ASSUMPTION,NO_REALIZED_FUTURE_WEATHER_USED,302.822,305.563,306.939,305.563,4.117,1.347,BASE_FORECAST_PENDING_NOWCAST,RECONSTRUCTED_DEMAND_UNITS,FROZEN_STEP4B_CHAMPION,FROZEN_STEP4C,DERIVED_FROM_SYNTHETIC_CASE_STUDY_DEMAND
2026-06-22,2026-06-29,1,CTS-001,WHOLESALE,Seasonal_MA_2Y,BASELINE,260,21.73,2.41,267.0,27,NOWCAST_REQUIRED,POINT_IN_TIME_NOWCAST_NOT_SUPPLIED,0,0,3,28,19,6,ADEQUATE,0.2925542000335326,0.1129636688567054,0.75,-3.0,4.0,-0.8776626001005978,0.0,0.4518546754268219,0.0,1.3295172755274196,-0.3178006765542003,-1.406042434940043,0.8474684708112009,CONDITIONAL_P75_SCENARIO_EXPOSURE_X_FROZEN_SKU_POLICY_CAP,HISTORICAL_PUBLIC_WEATHER_DERIVED_OVERLAY,PROJECT_ASSUMPTION,NO_REALIZED_FUTURE_WEATHER_USED,264.657,267.0,268.206,267.0,3.55,1.33,BASE_FORECAST_PENDING_NOWCAST,RECONSTRUCTED_DEMAND_UNITS,FROZEN_STEP4B_CHAMPION,FROZEN_STEP4C,DERIVED_FROM_SYNTHETIC_CASE_STUDY_DEMAND
2026-06-22,2026-06-29,1,IMH-001,ECOM,HW_Damped_Mul,ETS,260,8.68,-1.32,468.52,27,NOWCAST_REQUIRED,POINT_IN_TIME_NOWCAST_NOT_SUPPLIED,0,0,3,28,19,6,ADEQUATE,0.279097662652313,0.1141480132139452,0.75,-4.0,5.0,-1.1163906506092522,0.0,0.5707400660697263,0.0,1.6871307166789786,-0.3887683681402323,-1.7875566493359545,1.1019766325577725,CONDITIONAL_P75_SCENARIO_EXPOSURE_X_FROZEN_SKU_POLICY_CAP,HISTORICAL_PUBLIC_WEATHER_DERIVED_OVERLAY,PROJECT_ASSUMPTION,NO_REALIZED_FUTURE_WEATHER_USED,463.289,468.52,471.194,468.52,7.905,1.687,BASE_FORECAST_PENDING_NOWCAST,RECONSTRUCTED_DEMAND_UNITS,FROZEN_STEP4B_CHAMPION,FROZEN_STEP4C,DERIVED_FROM_SYNTHETIC_CASE_STUDY_DEMAND
2026-06-22,2026-06-29,1,IMH-001,RETAIL,HW_Damped_Mul,ETS,260,8.48,-1.21,325.222,27,NOWCAST_REQUIRED,POINT_IN_TIME_NOWCAST_NOT_SUPPLIED,0,0,3,28,19,6,ADEQUATE,0.2869631711395563,0.1076798419012734,0.75,-4.0,5.0,-1.147852684558225,0.0,0.5383992095063671,0.0,1.686251894064592,-0.3593147226274447,-1.8463035642685268,1.0602682355759616,CONDITIONAL_P75_SCENARIO_EXPOSURE_X_FROZEN_SKU_POLICY_CAP,HISTORICAL_PUBLIC_WEATHER_DERIVED_OVERLAY,PROJECT_ASSUMPTION,NO_REALIZED_FUTURE_WEATHER_USED,321.489,325.222,326.973,325.222,5.484,1.686,BASE_FORECAST_PENDING_NOWCAST,RECONSTRUCTED_DEMAND_UNITS,FROZEN_STEP4B_CHAMPION,FROZEN_STEP4C,DERIVED_FROM_SYNTHETIC_CASE_STUDY_DEMAND
2026-06-22,2026-06-29,1,IMH-001,WHOLESALE,HW_Add_Add,ETS,260,18.55,1.41,263.528,27,NOWCAST_REQUIRED,POINT_IN_TIME_NOWCAST_NOT_SUPPLIED,0,0,3,28,19,6,ADEQUATE,0.2900127629350482,0.0969257939210579,0.75,-4.0,5.0,-1.1600510517401927,0.0,0.4846289696052896,0.0,1.6446800213454824,-0.3978868556905169,-1.8494534916407632,1.0294969248132133,CONDITIONAL_P75_SCENARIO_EXPOSURE_X_FROZEN_SKU_POLICY_CAP,HISTORICAL_PUBLIC_WEATHER_DERIVED_OVERLAY,PROJECT_ASSUMPTION,NO_REALIZED_FUTURE_WEATHER_USED,260.471,263.528,264.805,263.528,4.334,1.645,BASE_FORECAST_PENDING_NOWCAST,RECONSTRUCTED_DEMAND_UNITS,FROZEN_STEP4B_CHAMPION,FROZEN_STEP4C,DERIVED_FROM_SYNTHETIC_CASE_STUDY_DEMAND
2026-06-22,2026-07-06,2,APS-001,ECOM,HW_Damped_Mul,ETS,260,10.55,-3.09,136.925,28,NOWCAST_REQUIRED,POINT_IN_TIME_NOWCAST_NOT_SUPPLIED,0,0,2,20,13,4,ADEQUATE,0.265158391467598,0.1088894872091542,0.75,-4.0,6.0,-1.060633565870392,0.0,0.6533369232549253,0.0,1.7139704891253174,-0.287954761024276,-1.808488392688945,0.5674450240216109,CONDITIONAL_P75_SCENARIO_EXPOSURE_X_FROZEN_SKU_POLICY_CAP,HISTORICAL_PUBLIC_WEATHER_DERIVED_OVERLAY,PROJECT_ASSUMPTION,NO_REALIZED_FUTURE_WEATHER_USED,135.472,136.925,137.819,136.925,2.347,1.714,BASE_FORECAST_PENDING_NOWCAST,RECONSTRUCTED_DEMAND_UNITS,FROZEN_STEP4B_CHAMPION,FROZEN_STEP4C,DERIVED_FROM_SYNTHETIC_CASE_STUDY_DEMAND
2026-06-22,2026-07-06,2,APS-001,RETAIL,HW_Damped_Mul,ETS,260,8.83,-0.97,103.458,28,NOWCAST_REQUIRED,POINT_IN_TIME_NOWCAST_NOT_SUPPLIED,0,0,2,20,13,4,ADEQUATE,0.2658997530872485,0.108131374282692,0.75,-4.0,6.0,-1.063599012348994,0.0,0.648788245696152,0.0,1.712387258045146,-0.2921348295502688,-1.7982486361723968,0.5678946372060392,CONDITIONAL_P75_SCENARIO_EXPOSURE_X_FROZEN_SKU_POLICY_CAP,HISTORICAL_PUBLIC_WEATHER_DERIVED_OVERLAY,PROJECT_ASSUMPTION,NO_REALIZED_FUTURE_WEATHER_USED,102.358,103.458,104.129,103.458,1.772,1.712,BASE_FORECAST_PENDING_NOWCAST,RECONSTRUCTED_DEMAND_UNITS,FROZEN_STEP4B_CHAMPION,FROZEN_STEP4C,DERIVED_FROM_SYNTHETIC_CASE_STUDY_DEMAND
2026-06-22,2026-07-06,2,APS-001,WHOLESALE,HW_Damped_Add,ETS,260,18.26,-0.35,86.943,28,NOWCAST_REQUIRED,POINT_IN_TIME_NOWCAST_NOT_SUPPLIED,0,0,2,20,13,4,ADEQUATE,0.2887722122331604,0.1187350829217762,0.75,-4.0,6.0,-1.1550888489326416,0.0,0.7124104975306573,0.0,1.867499346463299,-0.2916896624550169,-1.85188555812248,0.6466106996998623,CONDITIONAL_P75_SCENARIO_EXPOSURE_X_FROZEN_SKU_POLICY_CAP,HISTORICAL_PUBLIC_WEATHER_DERIVED_OVERLAY,PROJECT_ASSUMPTION,NO_REALIZED_FUTURE_WEATHER_USED,85.938,86.943,87.562,86.943,1.624,1.867,BASE_FORECAST_PENDING_NOWCAST,RECONSTRUCTED_DEMAND_UNITS,FROZEN_STEP4B_CHAMPION,FROZEN_STEP4C,DERIVED_FROM_SYNTHETIC_CASE_STUDY_DEMAND
2026-06-22,2026-07-06,2,CTS-001,ECOM,HW_Damped_Mul,ETS,260,8.37,-1.12,478.195,28,NOWCAST_REQUIRED,POINT_IN_TIME_NOWCAST_NOT_SUPPLIED,0,0,2,20,13,4,ADEQUATE,0.2768123586781817,0.1109170869776137,0.75,-3.0,4.0,-0.8304370760345452,0.0,0.4436683479104548,0.0,1.274105423945,-0.2023616572962491,-1.4235317213974017,0.4405710827889721,CONDITIONAL_P75_SCENARIO_EXPOSURE_X_FROZEN_SKU_POLICY_CAP,HISTORICAL_PUBLIC_WEATHER_DERIVED_OVERLAY,PROJECT_ASSUMPTION,NO_REALIZED_FUTURE_WEATHER_USED,474.224,478.195,480.317,478.195,6.093,1.274,BASE_FORECAST_PENDING_NOWCAST,RECONSTRUCTED_DEMAND_UNITS,FROZEN_STEP4B_CHAMPION,FROZEN_STEP4C,DERIVED_FROM_SYNTHETIC_CASE_STUDY_DEMAND
2026-06-22,2026-07-06,2,CTS-001,RETAIL,HW_Damped_Mul,ETS,260,9.18,0.8,326.908,28,NOWCAST_REQUIRED,POINT_IN_TIME_NOWCAST_NOT_SUPPLIED,0,0,2,20,13,4,ADEQUATE,0.2830757385358141,0.1113390661200133,0.75,-3.0,4.0,-0.8492272156074423,0.0,0.4453562644800533,0.0,1.2945834800874956,-0.2023216416856012,-1.445145755536824,0.4428610010882908,CONDITIONAL_P75_SCENARIO_EXPOSURE_X_FROZEN_SKU_POLICY_CAP,HISTORICAL_PUBLIC_WEATHER_DERIVED_OVERLAY,PROJECT_ASSUMPTION,NO_REALIZED_FUTURE_WEATHER_USED,324.132,326.908,328.364,326.908,4.232,1.295,BASE_FORECAST_PENDING_NOWCAST,RECONSTRUCTED_DEMAND_UNITS,FROZEN_STEP4B_CHAMPION,FROZEN_STEP4C,DERIVED_FROM_SYNTHETIC_CASE_STUDY_DEMAND
2026-06-22,2026-07-06,2,CTS-001,WHOLESALE,Seasonal_MA_2Y,BASELINE,260,21.73,2.41,226.5,28,NOWCAST_REQUIRED,POINT_IN_TIME_NOWCAST_NOT_SUPPLIED,0,0,2,20,13,4,ADEQUATE,0.2753486005739948,0.111885656467127,0.75,-3.0,4.0,-0.8260458017219844,0.0,0.447542625868508,0.0,1.2735884275904923,-0.2191035989958813,-1.406042434940043,0.4453866010893514,CONDITIONAL_P75_SCENARIO_EXPOSURE_X_FROZEN_SKU_POLICY_CAP,HISTORICAL_PUBLIC_WEATHER_DERIVED_OVERLAY,PROJECT_ASSUMPTION,NO_REALIZED_FUTURE_WEATHER_USED,224.629,226.5,227.514,226.5,2.885,1.274,BASE_FORECAST_PENDING_NOWCAST,RECONSTRUCTED_DEMAND_UNITS,FROZEN_STEP4B_CHAMPION,FROZEN_STEP4C,DERIVED_FROM_SYNTHETIC_CASE_STUDY_DEMAND
2026-06-22,2026-07-06,2,IMH-001,ECOM,HW_Damped_Mul,ETS,260,8.68,-1.32,487.617,28,NOWCAST_REQUIRED,POINT_IN_TIME_NOWCAST_NOT_SUPPLIED,0,0,2,20,13,4,ADEQUATE,0.2697095530761241,0.0932825568758407,0.75,-4.0,5.0,-1.0788382123044964,0.0,0.4664127843792037,0.0,1.5452509966837005,-0.3164581142935512,-1.7875566493359545,0.4142491435339425,CONDITIONAL_P75_SCENARIO_EXPOSURE_X_FROZEN_SKU_POLICY_CAP,HISTORICAL_PUBLIC_WEATHER_DERIVED_OVERLAY,PROJECT_ASSUMPTION,NO_REALIZED_FUTURE_WEATHER_USED,482.356,487.617,489.891,487.617,7.535,1.545,BASE_FORECAST_PENDING_NOWCAST,RECONSTRUCTED_DEMAND_UNITS,FROZEN_STEP4B_CHAMPION,FROZEN_STEP4C,DERIVED_FROM_SYNTHETIC_CASE_STUDY_DEMAND
2026-06-22,2026-07-06,2,IMH-001,RETAIL,HW_Damped_Mul,ETS,260,8.48,-1.21,306.074,28,NOWCAST_REQUIRED,POINT_IN_TIME_NOWCAST_NOT_SUPPLIED,0,0,2,20,13,4,ADEQUATE,0.2633838221602913,0.087904836230663,0.75,-4.0,5.0,-1.0535352886411653,0.0,0.4395241811533154,0.0,1.4930594697944808,-0.300281290375878,-1.8463035642685268,0.3900866669767895,CONDITIONAL_P75_SCENARIO_EXPOSURE_X_FROZEN_SKU_POLICY_CAP,HISTORICAL_PUBLIC_WEATHER_DERIVED_OVERLAY,PROJECT_ASSUMPTION,NO_REALIZED_FUTURE_WEATHER_USED,302.85,306.074,307.42,306.074,4.57,1.493,BASE_FORECAST_PENDING_NOWCAST,RECONSTRUCTED_DEMAND_UNITS,FROZEN_STEP4B_CHAMPION,FROZEN_STEP4C,DERIVED_FROM_SYNTHETIC_CASE_STUDY_DEMAND
2026-06-22,2026-07-06,2,IMH-001,WHOLESALE,HW_Add_Add,ETS,260,18.55,1.41,284.134,28,NOWCAST_REQUIRED,POINT_IN_TIME_NOWCAST_NOT_SUPPLIED,0,0,2,20,13,4,ADEQUATE,0.2906340227352518,0.0858687839706595,0.75,-4.0,5.0,-1.1625360909410072,0.0,0.4293439198532978,0.0,1.591880010794305,-0.318684910949021,-1.8494534916407632,0.4017013949773023,CONDITIONAL_P75_SCENARIO_EXPOSURE_X_FROZEN_SKU_POLICY_CAP,HISTORICAL_PUBLIC_WEATHER_DERIVED_OVERLAY,PROJECT_ASSUMPTION,NO_REALIZED_FUTURE_WEATHER_USED,280.831,284.134,285.354,284.134,4.523,1.592,BASE_FORECAST_PENDING_NOWCAST,RECONSTRUCTED_DEMAND_UNITS,FROZEN_STEP4B_CHAMPION,FROZEN_STEP4C,DERIVED_FROM_SYNTHETIC_CASE_STUDY_DEMAND
2026-06-22,2026-07-13,3,APS-001,ECOM,HW_Damped_Mul,ETS,260,10.55,-3.09,138.086,29,NOWCAST_REQUIRED,POINT_IN_TIME_NOWCAST_NOT_SUPPLIED,0,0,2,20,12,5,ADEQUATE,0.2968834657018228,0.1518354368258117,0.75,-4.0,6.0,-1.1875338628072911,0.0,0.91101262095487,0.0,2.098546483762161,-0.287954761024276,-2.3302092155210268,1.3151850512154766,CONDITIONAL_P75_SCENARIO_EXPOSURE_X_FROZEN_SKU_POLICY_CAP,HISTORICAL_PUBLIC_WEATHER_DERIVED_OVERLAY,PROJECT_ASSUMPTION,NO_REALIZED_FUTURE_WEATHER_USED,136.446,138.086,139.344,138.086,2.898,2.099,BASE_FORECAST_PENDING_NOWCAST,RECONSTRUCTED_DEMAND_UNITS,FROZEN_STEP4B_CHAMPION,FROZEN_STEP4C,DERIVED_FROM_SYNTHETIC_CASE_STUDY_DEMAND
2026-06-22,2026-07-13,3,APS-001,RETAIL,HW_Damped_Mul,ETS,260,8.83,-0.97,89.682,29,NOWCAST_REQUIRED,POINT_IN_TIME_NOWCAST_NOT_SUPPLIED,0,0,2,20,12,5,ADEQUATE,0.2976613099533861,0.1485781785277485,0.75,-4.0,6.0,-1.1906452398135443,0.0,0.891469071166491,0.0,2.0821143109800357,-0.2921348295502688,-2.314387492838873,1.30255670751091,CONDITIONAL_P75_SCENARIO_EXPOSURE_X_FROZEN_SKU_POLICY_CAP,HISTORICAL_PUBLIC_WEATHER_DERIVED_OVERLAY,PROJECT_ASSUMPTION,NO_REALIZED_FUTURE_WEATHER_USED,88.614,89.682,90.482,89.682,1.867,2.082,BASE_FORECAST_PENDING_NOWCAST,RECONSTRUCTED_DEMAND_UNITS,FROZEN_STEP4B_CHAMPION,FROZEN_STEP4C,DERIVED_FROM_SYNTHETIC_CASE_STUDY_DEMAND
2026-06-22,2026-07-13,3,APS-001,WHOLESALE,HW_Damped_Add,ETS,260,18.26,-0.35,80.485,29,NOWCAST_REQUIRED,POINT_IN_TIME_NOWCAST_NOT_SUPPLIED,0,0,2,20,12,5,ADEQUATE,0.3087078299472933,0.1516349818371739,0.75,-4.0,6.0,-1.2348313197891732,0.0,0.9098098910230432,0.0,2.1446412108122166,-0.2916896624550169,-2.260182252635928,1.2698631523413104,CONDITIONAL_P75_SCENARIO_EXPOSURE_X_FROZEN_SKU_POLICY_CAP,HISTORICAL_PUBLIC_WEATHER_DERIVED_OVERLAY,PROJECT_ASSUMPTION,NO_REALIZED_FUTURE_WEATHER_USED,79.491,80.485,81.217,80.485,1.726,2.145,BASE_FORECAST_PENDING_NOWCAST,RECONSTRUCTED_DEMAND_UNITS,FROZEN_STEP4B_CHAMPION,FROZEN_STEP4C,DERIVED_FROM_SYNTHETIC_CASE_STUDY_DEMAND
2026-06-22,2026-07-13,3,CTS-001,ECOM,HW_Damped_Mul,ETS,260,8.37,-1.12,453.226,29,NOWCAST_REQUIRED,POINT_IN_TIME_NOWCAST_NOT_SUPPLIED,0,0,2,20,12,5,ADEQUATE,0.3008512302291117,0.1132400358187258,0.75,-3.0,4.0,-0.9025536906873352,0.0,0.4529601432749032,0.0,1.3555138339622386,-0.2023616572962491,-1.7218772381796588,0.6825554541957817,CONDITIONAL_P75_SCENARIO_EXPOSURE_X_FROZEN_SKU_POLICY_CAP,HISTORICAL_PUBLIC_WEATHER_DERIVED_OVERLAY,PROJECT_ASSUMPTION,NO_REALIZED_FUTURE_WEATHER_USED,449.135,453.226,455.279,453.226,6.144,1.356,BASE_FORECAST_PENDING_NOWCAST,RECONSTRUCTED_DEMAND_UNITS,FROZEN_STEP4B_CHAMPION,FROZEN_STEP4C,DERIVED_FROM_SYNTHETIC_CASE_STUDY_DEMAND
2026-06-22,2026-07-13,3,CTS-001,RETAIL,HW_Damped_Mul,ETS,260,9.18,0.8,299.867,29,NOWCAST_REQUIRED,POINT_IN_TIME_NOWCAST_NOT_SUPPLIED,0,0,2,20,12,5,ADEQUATE,0.305962646111525,0.1132105136638352,0.75,-3.0,4.0,-0.917887938334575,0.0,0.4528420546553408,0.0,1.370729992989916,-0.2023216416856012,-1.699088435475982,0.6912844614173594,CONDITIONAL_P75_SCENARIO_EXPOSURE_X_FROZEN_SKU_POLICY_CAP,HISTORICAL_PUBLIC_WEATHER_DERIVED_OVERLAY,PROJECT_ASSUMPTION,NO_REALIZED_FUTURE_WEATHER_USED,297.114,299.867,301.225,299.867,4.11,1.371,BASE_FORECAST_PENDING_NOWCAST,RECONSTRUCTED_DEMAND_UNITS,FROZEN_STEP4B_CHAMPION,FROZEN_STEP4C,DERIVED_FROM_SYNTHETIC_CASE_STUDY_DEMAND
2026-06-22,2026-07-13,3,CTS-001,WHOLESALE,Seasonal_MA_2Y,BASELINE,260,21.73,2.41,223.5,29,NOWCAST_REQUIRED,POINT_IN_TIME_NOWCAST_NOT_SUPPLIED,0,0,2,20,12,5,ADEQUATE,0.2986567198099304,0.1135026750514947,0.75,-3.0,4.0,-0.8959701594297913,0.0,0.4540107002059788,0.0,1.34998085963577,-0.2191035989958813,-1.7023970362500989,0.6892958123046456,CONDITIONAL_P75_SCENARIO_EXPOSURE_X_FROZEN_SKU_POLICY_CAP,HISTORICAL_PUBLIC_WEATHER_DERIVED_OVERLAY,PROJECT_ASSUMPTION,NO_REALIZED_FUTURE_WEATHER_USED,221.498,223.5,224.515,223.5,3.017,1.35,BASE_FORECAST_PENDING_NOWCAST,RECONSTRUCTED_DEMAND_UNITS,FROZEN_STEP4B_CHAMPION,FROZEN_STEP4C,DERIVED_FROM_SYNTHETIC_CASE_STUDY_DEMAND
2026-06-22,2026-07-13,3,IMH-001,ECOM,HW_Damped_Mul,ETS,260,8.68,-1.32,463.722,29,NOWCAST_REQUIRED,POINT_IN_TIME_NOWCAST_NOT_SUPPLIED,0,0,2,20,12,5,ADEQUATE,0.3074107938142952,0.1245807413829975,0.75,-4.0,5.0,-1.229643175257181,0.0,0.6229037069149875,0.0,1.8525468821721685,-0.3164581142935512,-2.347845926236268,0.9701034010318728,CONDITIONAL_P75_SCENARIO_EXPOSURE_X_FROZEN_SKU_POLICY_CAP,HISTORICAL_PUBLIC_WEATHER_DERIVED_OVERLAY,PROJECT_ASSUMPTION,NO_REALIZED_FUTURE_WEATHER_USED,458.02,463.722,466.611,463.722,8.591,1.853,BASE_FORECAST_PENDING_NOWCAST,RECONSTRUCTED_DEMAND_UNITS,FROZEN_STEP4B_CHAMPION,FROZEN_STEP4C,DERIVED_FROM_SYNTHETIC_CASE_STUDY_DEMAND
2026-06-22,2026-07-13,3,IMH-001,RETAIL,HW_Damped_Mul,ETS,260,8.48,-1.21,325.771,29,NOWCAST_REQUIRED,POINT_IN_TIME_NOWCAST_NOT_SUPPLIED,0,0,2,20,12,5,ADEQUATE,0.3079414761523341,0.1175673447365786,0.75,-4.0,5.0,-1.2317659046093363,0.0,0.587836723682893,0.0,1.8196026282922293,-0.300281290375878,-2.3880295385483103,0.9604609708826146,CONDITIONAL_P75_SCENARIO_EXPOSURE_X_FROZEN_SKU_POLICY_CAP,HISTORICAL_PUBLIC_WEATHER_DERIVED_OVERLAY,PROJECT_ASSUMPTION,NO_REALIZED_FUTURE_WEATHER_USED,321.758,325.771,327.686,325.771,5.928,1.82,BASE_FORECAST_PENDING_NOWCAST,RECONSTRUCTED_DEMAND_UNITS,FROZEN_STEP4B_CHAMPION,FROZEN_STEP4C,DERIVED_FROM_SYNTHETIC_CASE_STUDY_DEMAND
2026-06-22,2026-07-13,3,IMH-001,WHOLESALE,HW_Add_Add,ETS,260,18.55,1.41,289.541,29,NOWCAST_REQUIRED,POINT_IN_TIME_NOWCAST_NOT_SUPPLIED,0,0,2,20,12,5,ADEQUATE,0.3259431876186559,0.1024542988962571,0.75,-4.0,5.0,-1.3037727504746237,0.0,0.5122714944812855,0.0,1.816044244955909,-0.3206664852892777,-2.316138954799872,0.8770334716066006,CONDITIONAL_P75_SCENARIO_EXPOSURE_X_FROZEN_SKU_POLICY_CAP,HISTORICAL_PUBLIC_WEATHER_DERIVED_OVERLAY,PROJECT_ASSUMPTION,NO_REALIZED_FUTURE_WEATHER_USED,285.767,289.541,291.025,289.541,5.258,1.816,BASE_FORECAST_PENDING_NOWCAST,RECONSTRUCTED_DEMAND_UNITS,FROZEN_STEP4B_CHAMPION,FROZEN_STEP4C,DERIVED_FROM_SYNTHETIC_CASE_STUDY_DEMAND
2026-06-22,2026-07-20,4,APS-001,ECOM,HW_Damped_Mul,ETS,260,10.55,-3.09,144.64,30,SCENARIO_ANALOG,FORWARD_SCENARIO_BAND,0,0,2,20,10,7,ADEQUATE,0.3603336141702724,0.1366129766174496,0.75,-4.0,6.0,-1.4413344566810895,0.0,0.8196778597046979,0.0,2.261012316385788,-0.1181002951401875,-2.3302092155210268,1.3151850512154766,CONDITIONAL_P75_SCENARIO_EXPOSURE_X_FROZEN_SKU_POLICY_CAP,HISTORICAL_PUBLIC_WEATHER_DERIVED_OVERLAY,PROJECT_ASSUMPTION,NO_REALIZED_FUTURE_WEATHER_USED,142.555,144.64,145.826,144.64,3.27,2.261,BASE_WITH_MILD_NORMAL_SEVERE_SCENARIOS,RECONSTRUCTED_DEMAND_UNITS,FROZEN_STEP4B_CHAMPION,FROZEN_STEP4C,DERIVED_FROM_SYNTHETIC_CASE_STUDY_DEMAND
2026-06-22,2026-07-20,4,APS-001,RETAIL,HW_Damped_Mul,ETS,260,8.83,-0.97,91.218,30,SCENARIO_ANALOG,FORWARD_SCENARIO_BAND,0,0,2,20,10,7,ADEQUATE,0.3611844236856614,0.1344377766144792,0.75,-4.0,6.0,-1.4447376947426458,0.0,0.8066266596868752,0.0,2.251364354429521,-0.1181572942590087,-2.314387492838873,1.30255670751091,CONDITIONAL_P75_SCENARIO_EXPOSURE_X_FROZEN_SKU_POLICY_CAP,HISTORICAL_PUBLIC_WEATHER_DERIVED_OVERLAY,PROJECT_ASSUMPTION,NO_REALIZED_FUTURE_WEATHER_USED,89.9,91.218,91.953,91.218,2.054,2.251,BASE_WITH_MILD_NORMAL_SEVERE_SCENARIOS,RECONSTRUCTED_DEMAND_UNITS,FROZEN_STEP4B_CHAMPION,FROZEN_STEP4C,DERIVED_FROM_SYNTHETIC_CASE_STUDY_DEMAND
2026-06-22,2026-07-20,4,APS-001,WHOLESALE,HW_Damped_Add,ETS,260,18.26,-0.35,83.202,30,SCENARIO_ANALOG,FORWARD_SCENARIO_BAND,0,0,2,20,10,7,ADEQUATE,0.348579065375559,0.1408151169335437,0.75,-4.0,6.0,-1.394316261502236,0.0,0.8448907016012622,0.0,2.239206963103498,-0.1183293901654355,-2.260182252635928,1.2698631523413104,CONDITIONAL_P75_SCENARIO_EXPOSURE_X_FROZEN_SKU_POLICY_CAP,HISTORICAL_PUBLIC_WEATHER_DERIVED_OVERLAY,PROJECT_ASSUMPTION,NO_REALIZED_FUTURE_WEATHER_USED,82.042,83.202,83.905,83.202,1.863,2.239,BASE_WITH_MILD_NORMAL_SEVERE_SCENARIOS,RECONSTRUCTED_DEMAND_UNITS,FROZEN_STEP4B_CHAMPION,FROZEN_STEP4C,DERIVED_FROM_SYNTHETIC_CASE_STUDY_DEMAND
2026-06-22,2026-07-20,4,CTS-001,ECOM,HW_Damped_Mul,ETS,260,8.37,-1.12,451.226,30,SCENARIO_ANALOG,FORWARD_SCENARIO_BAND,0,0,2,20,10,7,ADEQUATE,0.3489289733309718,0.1403908171230942,0.75,-3.0,4.0,-1.0467869199929156,0.0,0.5615632684923768,0.0,1.6083501884852924,-0.0646170559986805,-1.7218772381796588,0.7335096988927445,CONDITIONAL_P75_SCENARIO_EXPOSURE_X_FROZEN_SKU_POLICY_CAP,HISTORICAL_PUBLIC_WEATHER_DERIVED_OVERLAY,PROJECT_ASSUMPTION,NO_REALIZED_FUTURE_WEATHER_USED,446.502,451.226,453.76,451.226,7.257,1.608,BASE_WITH_MILD_NORMAL_SEVERE_SCENARIOS,RECONSTRUCTED_DEMAND_UNITS,FROZEN_STEP4B_CHAMPION,FROZEN_STEP4C,DERIVED_FROM_SYNTHETIC_CASE_STUDY_DEMAND
2026-06-22,2026-07-20,4,CTS-001,RETAIL,HW_Damped_Mul,ETS,260,9.18,0.8,300.818,30,SCENARIO_ANALOG,FORWARD_SCENARIO_BAND,0,0,2,20,10,7,ADEQUATE,0.3517364612629469,0.1417681828132062,0.75,-3.0,4.0,-1.0552093837888408,0.0,0.567072731252825,0.0,1.6222821150416658,-0.0658953697630702,-1.699088435475982,0.7318366325120109,CONDITIONAL_P75_SCENARIO_EXPOSURE_X_FROZEN_SKU_POLICY_CAP,HISTORICAL_PUBLIC_WEATHER_DERIVED_OVERLAY,PROJECT_ASSUMPTION,NO_REALIZED_FUTURE_WEATHER_USED,297.644,300.818,302.524,300.818,4.88,1.622,BASE_WITH_MILD_NORMAL_SEVERE_SCENARIOS,RECONSTRUCTED_DEMAND_UNITS,FROZEN_STEP4B_CHAMPION,FROZEN_STEP4C,DERIVED_FROM_SYNTHETIC_CASE_STUDY_DEMAND
2026-06-22,2026-07-20,4,CTS-001,WHOLESALE,Seasonal_MA_2Y,BASELINE,260,21.73,2.41,250.0,30,SCENARIO_ANALOG,FORWARD_SCENARIO_BAND,0,0,2,20,10,7,ADEQUATE,0.3452729582818016,0.1418353016742496,0.75,-3.0,4.0,-1.035818874845405,0.0,0.5673412066969984,0.0,1.6031600815424034,-0.071556935018923,-1.7023970362500989,0.7288622255758731,CONDITIONAL_P75_SCENARIO_EXPOSURE_X_FROZEN_SKU_POLICY_CAP,HISTORICAL_PUBLIC_WEATHER_DERIVED_OVERLAY,PROJECT_ASSUMPTION,NO_REALIZED_FUTURE_WEATHER_USED,247.41,250.0,251.418,250.0,4.008,1.603,BASE_WITH_MILD_NORMAL_SEVERE_SCENARIOS,RECONSTRUCTED_DEMAND_UNITS,FROZEN_STEP4B_CHAMPION,FROZEN_STEP4C,DERIVED_FROM_SYNTHETIC_CASE_STUDY_DEMAND
2026-06-22,2026-07-20,4,IMH-001,ECOM,HW_Damped_Mul,ETS,260,8.68,-1.32,461.275,30,SCENARIO_ANALOG,FORWARD_SCENARIO_BAND,0,0,2,20,10,7,ADEQUATE,0.3828132752906374,0.1300147189823264,0.75,-4.0,5.0,-1.53125310116255,0.0,0.6500735949116323,0.0,2.181326696074182,-0.1248289440364375,-2.347845926236268,0.9701034010318728,CONDITIONAL_P75_SCENARIO_EXPOSURE_X_FROZEN_SKU_POLICY_CAP,HISTORICAL_PUBLIC_WEATHER_DERIVED_OVERLAY,PROJECT_ASSUMPTION,NO_REALIZED_FUTURE_WEATHER_USED,454.212,461.275,464.274,461.275,10.062,2.181,BASE_WITH_MILD_NORMAL_SEVERE_SCENARIOS,RECONSTRUCTED_DEMAND_UNITS,FROZEN_STEP4B_CHAMPION,FROZEN_STEP4C,DERIVED_FROM_SYNTHETIC_CASE_STUDY_DEMAND
2026-06-22,2026-07-20,4,IMH-001,RETAIL,HW_Damped_Mul,ETS,260,8.48,-1.21,322.138,30,SCENARIO_ANALOG,FORWARD_SCENARIO_BAND,0,0,2,20,10,7,ADEQUATE,0.3970567841364195,0.1350547637859404,0.75,-4.0,5.0,-1.5882271365456782,0.0,0.675273818929702,0.0,2.26350095547538,-0.1113086856186506,-2.3880295385483103,0.990960344534202,CONDITIONAL_P75_SCENARIO_EXPOSURE_X_FROZEN_SKU_POLICY_CAP,HISTORICAL_PUBLIC_WEATHER_DERIVED_OVERLAY,PROJECT_ASSUMPTION,NO_REALIZED_FUTURE_WEATHER_USED,317.022,322.138,324.314,322.138,7.292,2.264,BASE_WITH_MILD_NORMAL_SEVERE_SCENARIOS,RECONSTRUCTED_DEMAND_UNITS,FROZEN_STEP4B_CHAMPION,FROZEN_STEP4C,DERIVED_FROM_SYNTHETIC_CASE_STUDY_DEMAND
2026-06-22,2026-07-20,4,IMH-001,WHOLESALE,HW_Add_Add,ETS,260,18.55,1.41,253.75,30,SCENARIO_ANALOG,FORWARD_SCENARIO_BAND,0,0,2,20,10,7,ADEQUATE,0.3965615173854641,0.1260348145851996,0.75,-4.0,5.0,-1.5862460695418563,0.0,0.6301740729259984,0.0,2.2164201424678547,-0.1137763131565068,-2.316138954799872,0.8770334716066006,CONDITIONAL_P75_SCENARIO_EXPOSURE_X_FROZEN_SKU_POLICY_CAP,HISTORICAL_PUBLIC_WEATHER_DERIVED_OVERLAY,PROJECT_ASSUMPTION,NO_REALIZED_FUTURE_WEATHER_USED,249.724,253.75,255.349,253.75,5.624,2.216,BASE_WITH_MILD_NORMAL_SEVERE_SCENARIOS,RECONSTRUCTED_DEMAND_UNITS,FROZEN_STEP4B_CHAMPION,FROZEN_STEP4C,DERIVED_FROM_SYNTHETIC_CASE_STUDY_DEMAND
2026-06-22,2026-07-27,5,APS-001,ECOM,HW_Damped_Mul,ETS,260,10.55,-3.09,151.588,31,SCENARIO_ANALOG,FORWARD_SCENARIO_BAND,0,0,2,20,10,9,ADEQUATE,0.3603336141702724,0.1518354368258117,0.75,-4.0,6.0,-1.4413344566810895,0.0,0.91101262095487,0.0,2.35234707763596,-0.0748104724577607,-2.3302092155210268,1.3151850512154766,CONDITIONAL_P75_SCENARIO_EXPOSURE_X_FROZEN_SKU_POLICY_CAP,HISTORICAL_PUBLIC_WEATHER_DERIVED_OVERLAY,PROJECT_ASSUMPTION,NO_REALIZED_FUTURE_WEATHER_USED,149.403,151.588,152.969,151.588,3.566,2.352,BASE_WITH_MILD_NORMAL_SEVERE_SCENARIOS,RECONSTRUCTED_DEMAND_UNITS,FROZEN_STEP4B_CHAMPION,FROZEN_STEP4C,DERIVED_FROM_SYNTHETIC_CASE_STUDY_DEMAND
2026-06-22,2026-07-27,5,APS-001,RETAIL,HW_Damped_Mul,ETS,260,8.83,-0.97,97.445,31,SCENARIO_ANALOG,FORWARD_SCENARIO_BAND,0,0,2,20,10,9,ADEQUATE,0.3611844236856614,0.1485781785277485,0.75,-4.0,6.0,-1.4447376947426458,0.0,0.891469071166491,0.0,2.336206765909137,-0.0860649705912515,-2.314387492838873,1.30255670751091,CONDITIONAL_P75_SCENARIO_EXPOSURE_X_FROZEN_SKU_POLICY_CAP,HISTORICAL_PUBLIC_WEATHER_DERIVED_OVERLAY,PROJECT_ASSUMPTION,NO_REALIZED_FUTURE_WEATHER_USED,96.037,97.445,98.314,97.445,2.277,2.336,BASE_WITH_MILD_NORMAL_SEVERE_SCENARIOS,RECONSTRUCTED_DEMAND_UNITS,FROZEN_STEP4B_CHAMPION,FROZEN_STEP4C,DERIVED_FROM_SYNTHETIC_CASE_STUDY_DEMAND
2026-06-22,2026-07-27,5,APS-001,WHOLESALE,HW_Damped_Add,ETS,260,18.26,-0.35,84.324,31,SCENARIO_ANALOG,FORWARD_SCENARIO_BAND,0,0,2,20,10,9,ADEQUATE,0.348579065375559,0.1516349818371739,0.75,-4.0,6.0,-1.394316261502236,0.0,0.9098098910230432,0.0,2.304126152525279,-0.1183293901654355,-2.260182252635928,1.2698631523413104,CONDITIONAL_P75_SCENARIO_EXPOSURE_X_FROZEN_SKU_POLICY_CAP,HISTORICAL_PUBLIC_WEATHER_DERIVED_OVERLAY,PROJECT_ASSUMPTION,NO_REALIZED_FUTURE_WEATHER_USED,83.149,84.324,85.092,84.324,1.943,2.304,BASE_WITH_MILD_NORMAL_SEVERE_SCENARIOS,RECONSTRUCTED_DEMAND_UNITS,FROZEN_STEP4B_CHAMPION,FROZEN_STEP4C,DERIVED_FROM_SYNTHETIC_CASE_STUDY_DEMAND
2026-06-22,2026-07-27,5,CTS-001,ECOM,HW_Damped_Mul,ETS,260,8.37,-1.12,479.143,31,SCENARIO_ANALOG,FORWARD_SCENARIO_BAND,0,0,2,20,10,9,ADEQUATE,0.3489289733309718,0.1132400358187258,0.75,-3.0,4.0,-1.0467869199929156,0.0,0.4529601432749032,0.0,1.4997470632678187,-0.0646170559986805,-1.7218772381796588,0.7335096988927445,CONDITIONAL_P75_SCENARIO_EXPOSURE_X_FROZEN_SKU_POLICY_CAP,HISTORICAL_PUBLIC_WEATHER_DERIVED_OVERLAY,PROJECT_ASSUMPTION,NO_REALIZED_FUTURE_WEATHER_USED,474.127,479.143,481.313,479.143,7.186,1.5,BASE_WITH_MILD_NORMAL_SEVERE_SCENARIOS,RECONSTRUCTED_DEMAND_UNITS,FROZEN_STEP4B_CHAMPION,FROZEN_STEP4C,DERIVED_FROM_SYNTHETIC_CASE_STUDY_DEMAND
2026-06-22,2026-07-27,5,CTS-001,RETAIL,HW_Damped_Mul,ETS,260,9.18,0.8,332.351,31,SCENARIO_ANALOG,FORWARD_SCENARIO_BAND,0,0,2,20,10,9,ADEQUATE,0.3517364612629469,0.1132105136638352,0.75,-3.0,4.0,-1.0552093837888408,0.0,0.4528420546553408,0.0,1.5080514384441814,-0.0658953697630702,-1.699088435475982,0.7318366325120109,CONDITIONAL_P75_SCENARIO_EXPOSURE_X_FROZEN_SKU_POLICY_CAP,HISTORICAL_PUBLIC_WEATHER_DERIVED_OVERLAY,PROJECT_ASSUMPTION,NO_REALIZED_FUTURE_WEATHER_USED,328.844,332.351,333.856,332.351,5.012,1.508,BASE_WITH_MILD_NORMAL_SEVERE_SCENARIOS,RECONSTRUCTED_DEMAND_UNITS,FROZEN_STEP4B_CHAMPION,FROZEN_STEP4C,DERIVED_FROM_SYNTHETIC_CASE_STUDY_DEMAND
2026-06-22,2026-07-27,5,CTS-001,WHOLESALE,Seasonal_MA_2Y,BASELINE,260,21.73,2.41,334.5,31,SCENARIO_ANALOG,FORWARD_SCENARIO_BAND,0,0,2,20,10,9,ADEQUATE,0.3452729582818016,0.1135026750514947,0.75,-3.0,4.0,-1.035818874845405,0.0,0.4540107002059788,0.0,1.4898295750513837,-0.071556935018923,-1.7023970362500989,0.7288622255758731,CONDITIONAL_P75_SCENARIO_EXPOSURE_X_FROZEN_SKU_POLICY_CAP,HISTORICAL_PUBLIC_WEATHER_DERIVED_OVERLAY,PROJECT_ASSUMPTION,NO_REALIZED_FUTURE_WEATHER_USED,331.035,334.5,336.019,334.5,4.983,1.49,BASE_WITH_MILD_NORMAL_SEVERE_SCENARIOS,RECONSTRUCTED_DEMAND_UNITS,FROZEN_STEP4B_CHAMPION,FROZEN_STEP4C,DERIVED_FROM_SYNTHETIC_CASE_STUDY_DEMAND
2026-06-22,2026-07-27,5,IMH-001,ECOM,HW_Damped_Mul,ETS,260,8.68,-1.32,476.633,31,SCENARIO_ANALOG,FORWARD_SCENARIO_BAND,0,0,2,20,10,9,ADEQUATE,0.3828132752906374,0.1245807413829975,0.75,-4.0,5.0,-1.53125310116255,0.0,0.6229037069149875,0.0,2.1541568080775373,-0.1248289440364375,-2.347845926236268,0.9701034010318728,CONDITIONAL_P75_SCENARIO_EXPOSURE_X_FROZEN_SKU_POLICY_CAP,HISTORICAL_PUBLIC_WEATHER_DERIVED_OVERLAY,PROJECT_ASSUMPTION,NO_REALIZED_FUTURE_WEATHER_USED,469.334,476.633,479.602,476.633,10.267,2.154,BASE_WITH_MILD_NORMAL_SEVERE_SCENARIOS,RECONSTRUCTED_DEMAND_UNITS,FROZEN_STEP4B_CHAMPION,FROZEN_STEP4C,DERIVED_FROM_SYNTHETIC_CASE_STUDY_DEMAND
2026-06-22,2026-07-27,5,IMH-001,RETAIL,HW_Damped_Mul,ETS,260,8.48,-1.21,339.156,31,SCENARIO_ANALOG,FORWARD_SCENARIO_BAND,0,0,2,20,10,9,ADEQUATE,0.3970567841364195,0.1175673447365786,0.75,-4.0,5.0,-1.5882271365456782,0.0,0.587836723682893,0.0,2.176063860228571,-0.1113086856186506,-2.3880295385483103,0.990960344534202,CONDITIONAL_P75_SCENARIO_EXPOSURE_X_FROZEN_SKU_POLICY_CAP,HISTORICAL_PUBLIC_WEATHER_DERIVED_OVERLAY,PROJECT_ASSUMPTION,NO_REALIZED_FUTURE_WEATHER_USED,333.77,339.156,341.15,339.156,7.38,2.176,BASE_WITH_MILD_NORMAL_SEVERE_SCENARIOS,RECONSTRUCTED_DEMAND_UNITS,FROZEN_STEP4B_CHAMPION,FROZEN_STEP4C,DERIVED_FROM_SYNTHETIC_CASE_STUDY_DEMAND
2026-06-22,2026-07-27,5,IMH-001,WHOLESALE,HW_Add_Add,ETS,260,18.55,1.41,271.344,31,SCENARIO_ANALOG,FORWARD_SCENARIO_BAND,0,0,2,20,10,9,ADEQUATE,0.3965615173854641,0.1024542988962571,0.75,-4.0,5.0,-1.5862460695418563,0.0,0.5122714944812855,0.0,2.0985175640231417,-0.1137763131565068,-2.316138954799872,0.8770334716066006,CONDITIONAL_P75_SCENARIO_EXPOSURE_X_FROZEN_SKU_POLICY_CAP,HISTORICAL_PUBLIC_WEATHER_DERIVED_OVERLAY,PROJECT_ASSUMPTION,NO_REALIZED_FUTURE_WEATHER_USED,267.04,271.344,272.734,271.344,5.694,2.099,BASE_WITH_MILD_NORMAL_SEVERE_SCENARIOS,RECONSTRUCTED_DEMAND_UNITS,FROZEN_STEP4B_CHAMPION,FROZEN_STEP4C,DERIVED_FROM_SYNTHETIC_CASE_STUDY_DEMAND
2026-06-22,2026-08-03,6,APS-001,ECOM,HW_Damped_Mul,ETS,260,10.55,-3.09,160.112,32,SCENARIO_ANALOG,FORWARD_SCENARIO_BAND,0,0,2,20,8,9,ADEQUATE,0.3118993181437575,0.1518354368258117,0.75,-4.0,6.0,-1.2475972725750302,0.0,0.91101262095487,0.0,2.1586098935299,0.0,-2.3302092155210268,1.3151850512154766,CONDITIONAL_P75_SCENARIO_EXPOSURE_X_FROZEN_SKU_POLICY_CAP,HISTORICAL_PUBLIC_WEATHER_DERIVED_OVERLAY,PROJECT_ASSUMPTION,NO_REALIZED_FUTURE_WEATHER_USED,158.114,160.112,161.57,160.112,3.456,2.159,BASE_WITH_MILD_NORMAL_SEVERE_SCENARIOS,RECONSTRUCTED_DEMAND_UNITS,FROZEN_STEP4B_CHAMPION,FROZEN_STEP4C,DERIVED_FROM_SYNTHETIC_CASE_STUDY_DEMAND
2026-06-22,2026-08-03,6,APS-001,RETAIL,HW_Damped_Mul,ETS,260,8.83,-0.97,115.347,32,SCENARIO_ANALOG,FORWARD_SCENARIO_BAND,0,0,2,20,8,9,ADEQUATE,0.3118153545762112,0.1485781785277485,0.75,-4.0,6.0,-1.2472614183048447,0.0,0.891469071166491,0.0,2.138730489471336,0.0,-2.314387492838873,1.30255670751091,CONDITIONAL_P75_SCENARIO_EXPOSURE_X_FROZEN_SKU_POLICY_CAP,HISTORICAL_PUBLIC_WEATHER_DERIVED_OVERLAY,PROJECT_ASSUMPTION,NO_REALIZED_FUTURE_WEATHER_USED,113.908,115.347,116.375,115.347,2.467,2.139,BASE_WITH_MILD_NORMAL_SEVERE_SCENARIOS,RECONSTRUCTED_DEMAND_UNITS,FROZEN_STEP4B_CHAMPION,FROZEN_STEP4C,DERIVED_FROM_SYNTHETIC_CASE_STUDY_DEMAND
2026-06-22,2026-08-03,6,APS-001,WHOLESALE,HW_Damped_Add,ETS,260,18.26,-0.35,87.224,32,SCENARIO_ANALOG,FORWARD_SCENARIO_BAND,0,0,2,20,8,9,ADEQUATE,0.3323220065575253,0.1516349818371739,0.75,-4.0,6.0,-1.3292880262301012,0.0,0.9098098910230432,0.0,2.2390979172531447,0.0,-2.260182252635928,1.2698631523413104,CONDITIONAL_P75_SCENARIO_EXPOSURE_X_FROZEN_SKU_POLICY_CAP,HISTORICAL_PUBLIC_WEATHER_DERIVED_OVERLAY,PROJECT_ASSUMPTION,NO_REALIZED_FUTURE_WEATHER_USED,86.065,87.224,88.018,87.224,1.953,2.239,BASE_WITH_MILD_NORMAL_SEVERE_SCENARIOS,RECONSTRUCTED_DEMAND_UNITS,FROZEN_STEP4B_CHAMPION,FROZEN_STEP4C,DERIVED_FROM_SYNTHETIC_CASE_STUDY_DEMAND
2026-06-22,2026-08-03,6,CTS-001,ECOM,HW_Damped_Mul,ETS,260,8.37,-1.12,475.468,32,SCENARIO_ANALOG,FORWARD_SCENARIO_BAND,0,0,2,20,8,9,ADEQUATE,0.3262369124584197,0.1132400358187258,0.75,-3.0,4.0,-0.9787107373752592,0.0,0.4529601432749032,0.0,1.4316708806501626,0.0,-1.7218772381796588,0.7335096988927445,CONDITIONAL_P75_SCENARIO_EXPOSURE_X_FROZEN_SKU_POLICY_CAP,HISTORICAL_PUBLIC_WEATHER_DERIVED_OVERLAY,PROJECT_ASSUMPTION,NO_REALIZED_FUTURE_WEATHER_USED,470.815,475.468,477.622,475.468,6.807,1.432,BASE_WITH_MILD_NORMAL_SEVERE_SCENARIOS,RECONSTRUCTED_DEMAND_UNITS,FROZEN_STEP4B_CHAMPION,FROZEN_STEP4C,DERIVED_FROM_SYNTHETIC_CASE_STUDY_DEMAND
2026-06-22,2026-08-03,6,CTS-001,RETAIL,HW_Damped_Mul,ETS,260,9.18,0.8,326.648,32,SCENARIO_ANALOG,FORWARD_SCENARIO_BAND,0,0,2,20,8,9,ADEQUATE,0.3327356168632625,0.1132105136638352,0.75,-3.0,4.0,-0.9982068505897876,0.0,0.4528420546553408,0.0,1.4510489052451283,0.0,-1.699088435475982,0.7318366325120109,CONDITIONAL_P75_SCENARIO_EXPOSURE_X_FROZEN_SKU_POLICY_CAP,HISTORICAL_PUBLIC_WEATHER_DERIVED_OVERLAY,PROJECT_ASSUMPTION,NO_REALIZED_FUTURE_WEATHER_USED,323.387,326.648,328.127,326.648,4.74,1.451,BASE_WITH_MILD_NORMAL_SEVERE_SCENARIOS,RECONSTRUCTED_DEMAND_UNITS,FROZEN_STEP4B_CHAMPION,FROZEN_STEP4C,DERIVED_FROM_SYNTHETIC_CASE_STUDY_DEMAND
2026-06-22,2026-08-03,6,CTS-001,WHOLESALE,Seasonal_MA_2Y,BASELINE,260,21.73,2.41,240.5,32,SCENARIO_ANALOG,FORWARD_SCENARIO_BAND,0,0,2,20,8,9,ADEQUATE,0.3236816533421663,0.1135026750514947,0.75,-3.0,4.0,-0.9710449600264992,0.0,0.4540107002059788,0.0,1.425055660232478,0.0,-1.7023970362500989,0.7288622255758731,CONDITIONAL_P75_SCENARIO_EXPOSURE_X_FROZEN_SKU_POLICY_CAP,HISTORICAL_PUBLIC_WEATHER_DERIVED_OVERLAY,PROJECT_ASSUMPTION,NO_REALIZED_FUTURE_WEATHER_USED,238.165,240.5,241.592,240.5,3.427,1.425,BASE_WITH_MILD_NORMAL_SEVERE_SCENARIOS,RECONSTRUCTED_DEMAND_UNITS,FROZEN_STEP4B_CHAMPION,FROZEN_STEP4C,DERIVED_FROM_SYNTHETIC_CASE_STUDY_DEMAND
2026-06-22,2026-08-03,6,IMH-001,ECOM,HW_Damped_Mul,ETS,260,8.68,-1.32,537.796,32,SCENARIO_ANALOG,FORWARD_SCENARIO_BAND,0,0,2,20,8,9,ADEQUATE,0.3102794324450986,0.1245807413829975,0.75,-4.0,5.0,-1.2411177297803944,0.0,0.6229037069149875,0.0,1.8640214366953816,0.0,-2.347845926236268,0.9701034010318728,CONDITIONAL_P75_SCENARIO_EXPOSURE_X_FROZEN_SKU_POLICY_CAP,HISTORICAL_PUBLIC_WEATHER_DERIVED_OVERLAY,PROJECT_ASSUMPTION,NO_REALIZED_FUTURE_WEATHER_USED,531.121,537.796,541.146,537.796,10.025,1.864,BASE_WITH_MILD_NORMAL_SEVERE_SCENARIOS,RECONSTRUCTED_DEMAND_UNITS,FROZEN_STEP4B_CHAMPION,FROZEN_STEP4C,DERIVED_FROM_SYNTHETIC_CASE_STUDY_DEMAND
2026-06-22,2026-08-03,6,IMH-001,RETAIL,HW_Damped_Mul,ETS,260,8.48,-1.21,365.526,32,SCENARIO_ANALOG,FORWARD_SCENARIO_BAND,0,0,2,20,8,9,ADEQUATE,0.3102988763906744,0.1175673447365786,0.75,-4.0,5.0,-1.2411955055626978,0.0,0.587836723682893,0.0,1.8290322292455907,0.0,-2.3880295385483103,0.990960344534202,CONDITIONAL_P75_SCENARIO_EXPOSURE_X_FROZEN_SKU_POLICY_CAP,HISTORICAL_PUBLIC_WEATHER_DERIVED_OVERLAY,PROJECT_ASSUMPTION,NO_REALIZED_FUTURE_WEATHER_USED,360.989,365.526,367.675,365.526,6.686,1.829,BASE_WITH_MILD_NORMAL_SEVERE_SCENARIOS,RECONSTRUCTED_DEMAND_UNITS,FROZEN_STEP4B_CHAMPION,FROZEN_STEP4C,DERIVED_FROM_SYNTHETIC_CASE_STUDY_DEMAND
2026-06-22,2026-08-03,6,IMH-001,WHOLESALE,HW_Add_Add,ETS,260,18.55,1.41,296.961,32,SCENARIO_ANALOG,FORWARD_SCENARIO_BAND,0,0,2,20,8,9,ADEQUATE,0.3260658592590218,0.1024542988962571,0.75,-4.0,5.0,-1.3042634370360873,0.0,0.5122714944812855,0.0,1.8165349315173729,0.0,-2.316138954799872,0.8770334716066006,CONDITIONAL_P75_SCENARIO_EXPOSURE_X_FROZEN_SKU_POLICY_CAP,HISTORICAL_PUBLIC_WEATHER_DERIVED_OVERLAY,PROJECT_ASSUMPTION,NO_REALIZED_FUTURE_WEATHER_USED,293.088,296.961,298.482,296.961,5.394,1.817,BASE_WITH_MILD_NORMAL_SEVERE_SCENARIOS,RECONSTRUCTED_DEMAND_UNITS,FROZEN_STEP4B_CHAMPION,FROZEN_STEP4C,DERIVED_FROM_SYNTHETIC_CASE_STUDY_DEMAND
2026-06-22,2026-08-10,7,APS-001,ECOM,HW_Damped_Mul,ETS,260,10.55,-3.09,165.212,33,SCENARIO_ANALOG,FORWARD_SCENARIO_BAND,0,0,2,20,10,8,ADEQUATE,0.265158391467598,0.1585395232605164,0.75,-4.0,6.0,-1.060633565870392,0.0,0.951237139563099,0.0,2.0118707054334912,-0.0748104724577607,-2.3302092155210268,1.3151850512154766,CONDITIONAL_P75_SCENARIO_EXPOSURE_X_FROZEN_SKU_POLICY_CAP,HISTORICAL_PUBLIC_WEATHER_DERIVED_OVERLAY,PROJECT_ASSUMPTION,NO_REALIZED_FUTURE_WEATHER_USED,163.459,165.212,166.783,165.212,3.324,2.012,BASE_WITH_MILD_NORMAL_SEVERE_SCENARIOS,RECONSTRUCTED_DEMAND_UNITS,FROZEN_STEP4B_CHAMPION,FROZEN_STEP4C,DERIVED_FROM_SYNTHETIC_CASE_STUDY_DEMAND
2026-06-22,2026-08-10,7,APS-001,RETAIL,HW_Damped_Mul,ETS,260,8.83,-0.97,114.229,33,SCENARIO_ANALOG,FORWARD_SCENARIO_BAND,0,0,2,20,10,8,ADEQUATE,0.2658997530872485,0.1549902456527993,0.75,-4.0,6.0,-1.063599012348994,0.0,0.929941473916796,0.0,1.9935404862657904,-0.0860649705912515,-2.314387492838873,1.30255670751091,CONDITIONAL_P75_SCENARIO_EXPOSURE_X_FROZEN_SKU_POLICY_CAP,HISTORICAL_PUBLIC_WEATHER_DERIVED_OVERLAY,PROJECT_ASSUMPTION,NO_REALIZED_FUTURE_WEATHER_USED,113.014,114.229,115.291,114.229,2.277,1.994,BASE_WITH_MILD_NORMAL_SEVERE_SCENARIOS,RECONSTRUCTED_DEMAND_UNITS,FROZEN_STEP4B_CHAMPION,FROZEN_STEP4C,DERIVED_FROM_SYNTHETIC_CASE_STUDY_DEMAND
2026-06-22,2026-08-10,7,APS-001,WHOLESALE,HW_Damped_Add,ETS,260,18.26,-0.35,93.324,33,SCENARIO_ANALOG,FORWARD_SCENARIO_BAND,0,0,2,20,10,8,ADEQUATE,0.2887722122331604,0.157191682357158,0.75,-4.0,6.0,-1.1550888489326416,0.0,0.943150094142948,0.0,2.09823894307559,-0.1183293901654355,-2.260182252635928,1.2698631523413104,CONDITIONAL_P75_SCENARIO_EXPOSURE_X_FROZEN_SKU_POLICY_CAP,HISTORICAL_PUBLIC_WEATHER_DERIVED_OVERLAY,PROJECT_ASSUMPTION,NO_REALIZED_FUTURE_WEATHER_USED,92.246,93.324,94.204,93.324,1.958,2.098,BASE_WITH_MILD_NORMAL_SEVERE_SCENARIOS,RECONSTRUCTED_DEMAND_UNITS,FROZEN_STEP4B_CHAMPION,FROZEN_STEP4C,DERIVED_FROM_SYNTHETIC_CASE_STUDY_DEMAND
2026-06-22,2026-08-10,7,CTS-001,ECOM,HW_Damped_Mul,ETS,260,8.37,-1.12,501.885,33,SCENARIO_ANALOG,FORWARD_SCENARIO_BAND,0,0,2,20,10,8,ADEQUATE,0.2768123586781817,0.1275897427512807,0.75,-3.0,4.0,-0.8304370760345452,0.0,0.5103589710051228,0.0,1.340796047039668,-0.1157464485458267,-1.7218772381796588,0.7335096988927445,CONDITIONAL_P75_SCENARIO_EXPOSURE_X_FROZEN_SKU_POLICY_CAP,HISTORICAL_PUBLIC_WEATHER_DERIVED_OVERLAY,PROJECT_ASSUMPTION,NO_REALIZED_FUTURE_WEATHER_USED,497.717,501.885,504.446,501.885,6.729,1.341,BASE_WITH_MILD_NORMAL_SEVERE_SCENARIOS,RECONSTRUCTED_DEMAND_UNITS,FROZEN_STEP4B_CHAMPION,FROZEN_STEP4C,DERIVED_FROM_SYNTHETIC_CASE_STUDY_DEMAND
2026-06-22,2026-08-10,7,CTS-001,RETAIL,HW_Damped_Mul,ETS,260,9.18,0.8,336.526,33,SCENARIO_ANALOG,FORWARD_SCENARIO_BAND,0,0,2,20,10,8,ADEQUATE,0.2830757385358141,0.1281131640864613,0.75,-3.0,4.0,-0.8492272156074423,0.0,0.5124526563458454,0.0,1.3616798719532877,-0.1130761849086114,-1.699088435475982,0.7318366325120109,CONDITIONAL_P75_SCENARIO_EXPOSURE_X_FROZEN_SKU_POLICY_CAP,HISTORICAL_PUBLIC_WEATHER_DERIVED_OVERLAY,PROJECT_ASSUMPTION,NO_REALIZED_FUTURE_WEATHER_USED,333.669,336.526,338.251,336.526,4.582,1.362,BASE_WITH_MILD_NORMAL_SEVERE_SCENARIOS,RECONSTRUCTED_DEMAND_UNITS,FROZEN_STEP4B_CHAMPION,FROZEN_STEP4C,DERIVED_FROM_SYNTHETIC_CASE_STUDY_DEMAND
2026-06-22,2026-08-10,7,CTS-001,WHOLESALE,Seasonal_MA_2Y,BASELINE,260,21.73,2.41,252.5,33,SCENARIO_ANALOG,FORWARD_SCENARIO_BAND,0,0,2,20,10,8,ADEQUATE,0.2753486005739948,0.1282079945576613,0.75,-3.0,4.0,-0.8260458017219844,0.0,0.5128319782306455,0.0,1.33887777995263,-0.116169728080936,-1.7023970362500989,0.7288622255758731,CONDITIONAL_P75_SCENARIO_EXPOSURE_X_FROZEN_SKU_POLICY_CAP,HISTORICAL_PUBLIC_WEATHER_DERIVED_OVERLAY,PROJECT_ASSUMPTION,NO_REALIZED_FUTURE_WEATHER_USED,250.414,252.5,253.795,252.5,3.381,1.339,BASE_WITH_MILD_NORMAL_SEVERE_SCENARIOS,RECONSTRUCTED_DEMAND_UNITS,FROZEN_STEP4B_CHAMPION,FROZEN_STEP4C,DERIVED_FROM_SYNTHETIC_CASE_STUDY_DEMAND
2026-06-22,2026-08-10,7,IMH-001,ECOM,HW_Damped_Mul,ETS,260,8.68,-1.32,539.722,33,SCENARIO_ANALOG,FORWARD_SCENARIO_BAND,0,0,2,20,10,8,ADEQUATE,0.2642281634293429,0.1377304583517142,0.75,-4.0,5.0,-1.0569126537173716,0.0,0.6886522917585712,0.0,1.7455649454759428,-0.1841161355205046,-2.347845926236268,0.9701034010318728,CONDITIONAL_P75_SCENARIO_EXPOSURE_X_FROZEN_SKU_POLICY_CAP,HISTORICAL_PUBLIC_WEATHER_DERIVED_OVERLAY,PROJECT_ASSUMPTION,NO_REALIZED_FUTURE_WEATHER_USED,534.018,539.722,543.439,539.722,9.421,1.746,BASE_WITH_MILD_NORMAL_SEVERE_SCENARIOS,RECONSTRUCTED_DEMAND_UNITS,FROZEN_STEP4B_CHAMPION,FROZEN_STEP4C,DERIVED_FROM_SYNTHETIC_CASE_STUDY_DEMAND
2026-06-22,2026-08-10,7,IMH-001,RETAIL,HW_Damped_Mul,ETS,260,8.48,-1.21,357.02,33,SCENARIO_ANALOG,FORWARD_SCENARIO_BAND,0,0,2,20,10,8,ADEQUATE,0.2560332325063096,0.1361985570965646,0.75,-4.0,5.0,-1.0241329300252384,0.0,0.6809927854828234,0.0,1.705125715508062,-0.1740445652472821,-2.3880295385483103,0.990960344534202,CONDITIONAL_P75_SCENARIO_EXPOSURE_X_FROZEN_SKU_POLICY_CAP,HISTORICAL_PUBLIC_WEATHER_DERIVED_OVERLAY,PROJECT_ASSUMPTION,NO_REALIZED_FUTURE_WEATHER_USED,353.364,357.02,359.451,357.02,6.088,1.705,BASE_WITH_MILD_NORMAL_SEVERE_SCENARIOS,RECONSTRUCTED_DEMAND_UNITS,FROZEN_STEP4B_CHAMPION,FROZEN_STEP4C,DERIVED_FROM_SYNTHETIC_CASE_STUDY_DEMAND
2026-06-22,2026-08-10,7,IMH-001,WHOLESALE,HW_Add_Add,ETS,260,18.55,1.41,270.771,33,SCENARIO_ANALOG,FORWARD_SCENARIO_BAND,0,0,2,20,10,8,ADEQUATE,0.2791174620035846,0.1197730617159275,0.75,-4.0,5.0,-1.116469848014339,0.0,0.5988653085796378,0.0,1.7153351565939765,-0.232999812376524,-2.316138954799872,0.8770334716066006,CONDITIONAL_P75_SCENARIO_EXPOSURE_X_FROZEN_SKU_POLICY_CAP,HISTORICAL_PUBLIC_WEATHER_DERIVED_OVERLAY,PROJECT_ASSUMPTION,NO_REALIZED_FUTURE_WEATHER_USED,267.748,270.771,272.393,270.771,4.645,1.715,BASE_WITH_MILD_NORMAL_SEVERE_SCENARIOS,RECONSTRUCTED_DEMAND_UNITS,FROZEN_STEP4B_CHAMPION,FROZEN_STEP4C,DERIVED_FROM_SYNTHETIC_CASE_STUDY_DEMAND
2026-06-22,2026-08-17,8,APS-001,ECOM,HW_Damped_Mul,ETS,260,10.55,-3.09,161.683,34,SCENARIO_ANALOG,FORWARD_SCENARIO_BAND,0,0,2,20,11,7,ADEQUATE,0.265158391467598,0.1518354368258117,0.75,-4.0,6.0,-1.060633565870392,0.0,0.91101262095487,0.0,1.9716461868252624,-0.1496209449155214,-1.3237643488671047,1.0719106953877855,CONDITIONAL_P75_SCENARIO_EXPOSURE_X_FROZEN_SKU_POLICY_CAP,HISTORICAL_PUBLIC_WEATHER_DERIVED_OVERLAY,PROJECT_ASSUMPTION,NO_REALIZED_FUTURE_WEATHER_USED,159.968,161.683,163.156,161.683,3.188,1.972,BASE_WITH_MILD_NORMAL_SEVERE_SCENARIOS,RECONSTRUCTED_DEMAND_UNITS,FROZEN_STEP4B_CHAMPION,FROZEN_STEP4C,DERIVED_FROM_SYNTHETIC_CASE_STUDY_DEMAND
2026-06-22,2026-08-17,8,APS-001,RETAIL,HW_Damped_Mul,ETS,260,8.83,-0.97,113.247,34,SCENARIO_ANALOG,FORWARD_SCENARIO_BAND,0,0,2,20,11,7,ADEQUATE,0.2658997530872485,0.1485781785277485,0.75,-4.0,6.0,-1.063599012348994,0.0,0.891469071166491,0.0,1.955068083515485,-0.172129941182503,-1.3189192829239405,1.0453586821677114,CONDITIONAL_P75_SCENARIO_EXPOSURE_X_FROZEN_SKU_POLICY_CAP,HISTORICAL_PUBLIC_WEATHER_DERIVED_OVERLAY,PROJECT_ASSUMPTION,NO_REALIZED_FUTURE_WEATHER_USED,112.042,113.247,114.256,113.247,2.214,1.955,BASE_WITH_MILD_NORMAL_SEVERE_SCENARIOS,RECONSTRUCTED_DEMAND_UNITS,FROZEN_STEP4B_CHAMPION,FROZEN_STEP4C,DERIVED_FROM_SYNTHETIC_CASE_STUDY_DEMAND
2026-06-22,2026-08-17,8,APS-001,WHOLESALE,HW_Damped_Add,ETS,260,18.26,-0.35,84.904,34,SCENARIO_ANALOG,FORWARD_SCENARIO_BAND,0,0,2,20,11,7,ADEQUATE,0.2887722122331604,0.1516349818371739,0.75,-4.0,6.0,-1.1550888489326416,0.0,0.9098098910230432,0.0,2.064898739955685,-0.2409688691202346,-1.280176034099872,1.0431707035026627,CONDITIONAL_P75_SCENARIO_EXPOSURE_X_FROZEN_SKU_POLICY_CAP,HISTORICAL_PUBLIC_WEATHER_DERIVED_OVERLAY,PROJECT_ASSUMPTION,NO_REALIZED_FUTURE_WEATHER_USED,83.923,84.904,85.677,84.904,1.753,2.065,BASE_WITH_MILD_NORMAL_SEVERE_SCENARIOS,RECONSTRUCTED_DEMAND_UNITS,FROZEN_STEP4B_CHAMPION,FROZEN_STEP4C,DERIVED_FROM_SYNTHETIC_CASE_STUDY_DEMAND
2026-06-22,2026-08-17,8,CTS-001,ECOM,HW_Damped_Mul,ETS,260,8.37,-1.12,463.359,34,SCENARIO_ANALOG,FORWARD_SCENARIO_BAND,0,0,2,20,11,7,ADEQUATE,0.2768123586781817,0.1132400358187258,0.75,-3.0,4.0,-0.8304370760345452,0.0,0.4529601432749032,0.0,1.2833972193094485,-0.3044849149256478,-0.9978179599553544,0.7335096988927445,CONDITIONAL_P75_SCENARIO_EXPOSURE_X_FROZEN_SKU_POLICY_CAP,HISTORICAL_PUBLIC_WEATHER_DERIVED_OVERLAY,PROJECT_ASSUMPTION,NO_REALIZED_FUTURE_WEATHER_USED,459.511,463.359,465.458,463.359,5.947,1.283,BASE_WITH_MILD_NORMAL_SEVERE_SCENARIOS,RECONSTRUCTED_DEMAND_UNITS,FROZEN_STEP4B_CHAMPION,FROZEN_STEP4C,DERIVED_FROM_SYNTHETIC_CASE_STUDY_DEMAND
2026-06-22,2026-08-17,8,CTS-001,RETAIL,HW_Damped_Mul,ETS,260,9.18,0.8,329.805,34,SCENARIO_ANALOG,FORWARD_SCENARIO_BAND,0,0,2,20,11,7,ADEQUATE,0.2830757385358141,0.1132105136638352,0.75,-3.0,4.0,-0.8492272156074423,0.0,0.4528420546553408,0.0,1.3020692702627832,-0.3111565984388372,-1.0005618233005835,0.7318366325120109,CONDITIONAL_P75_SCENARIO_EXPOSURE_X_FROZEN_SKU_POLICY_CAP,HISTORICAL_PUBLIC_WEATHER_DERIVED_OVERLAY,PROJECT_ASSUMPTION,NO_REALIZED_FUTURE_WEATHER_USED,327.004,329.805,331.298,329.805,4.294,1.302,BASE_WITH_MILD_NORMAL_SEVERE_SCENARIOS,RECONSTRUCTED_DEMAND_UNITS,FROZEN_STEP4B_CHAMPION,FROZEN_STEP4C,DERIVED_FROM_SYNTHETIC_CASE_STUDY_DEMAND
2026-06-22,2026-08-17,8,CTS-001,WHOLESALE,Seasonal_MA_2Y,BASELINE,260,21.73,2.41,254.796,34,SCENARIO_ANALOG,FORWARD_SCENARIO_BAND,0,0,2,20,11,7,ADEQUATE,0.2753486005739948,0.1135026750514947,0.75,-3.0,4.0,-0.8260458017219844,0.0,0.4540107002059788,0.0,1.2800565019279633,-0.3021872788389388,-1.0182038312098216,0.7288622255758731,CONDITIONAL_P75_SCENARIO_EXPOSURE_X_FROZEN_SKU_POLICY_CAP,HISTORICAL_PUBLIC_WEATHER_DERIVED_OVERLAY,PROJECT_ASSUMPTION,NO_REALIZED_FUTURE_WEATHER_USED,252.692,254.796,255.953,254.796,3.262,1.28,BASE_WITH_MILD_NORMAL_SEVERE_SCENARIOS,RECONSTRUCTED_DEMAND_UNITS,FROZEN_STEP4B_CHAMPION,FROZEN_STEP4C,DERIVED_FROM_SYNTHETIC_CASE_STUDY_DEMAND
2026-06-22,2026-08-17,8,IMH-001,ECOM,HW_Damped_Mul,ETS,260,8.68,-1.32,520.763,34,SCENARIO_ANALOG,FORWARD_SCENARIO_BAND,0,0,2,20,11,7,ADEQUATE,0.2587467737825617,0.1245807413829975,0.75,-4.0,5.0,-1.034987095130247,0.0,0.6229037069149875,0.0,1.6578908020452343,-0.3682322710410092,-1.3697365328391933,0.8858980462893223,CONDITIONAL_P75_SCENARIO_EXPOSURE_X_FROZEN_SKU_POLICY_CAP,HISTORICAL_PUBLIC_WEATHER_DERIVED_OVERLAY,PROJECT_ASSUMPTION,NO_REALIZED_FUTURE_WEATHER_USED,515.373,520.763,524.007,520.763,8.634,1.658,BASE_WITH_MILD_NORMAL_SEVERE_SCENARIOS,RECONSTRUCTED_DEMAND_UNITS,FROZEN_STEP4B_CHAMPION,FROZEN_STEP4C,DERIVED_FROM_SYNTHETIC_CASE_STUDY_DEMAND
2026-06-22,2026-08-17,8,IMH-001,RETAIL,HW_Damped_Mul,ETS,260,8.48,-1.21,353.615,34,SCENARIO_ANALOG,FORWARD_SCENARIO_BAND,0,0,2,20,11,7,ADEQUATE,0.2486826428523278,0.1175673447365786,0.75,-4.0,5.0,-0.9947305714093114,0.0,0.587836723682893,0.0,1.5825672950922045,-0.3480891304945643,-1.4688128829015936,0.990960344534202,CONDITIONAL_P75_SCENARIO_EXPOSURE_X_FROZEN_SKU_POLICY_CAP,HISTORICAL_PUBLIC_WEATHER_DERIVED_OVERLAY,PROJECT_ASSUMPTION,NO_REALIZED_FUTURE_WEATHER_USED,350.098,353.615,355.694,353.615,5.596,1.583,BASE_WITH_MILD_NORMAL_SEVERE_SCENARIOS,RECONSTRUCTED_DEMAND_UNITS,FROZEN_STEP4B_CHAMPION,FROZEN_STEP4C,DERIVED_FROM_SYNTHETIC_CASE_STUDY_DEMAND
2026-06-22,2026-08-17,8,IMH-001,WHOLESALE,HW_Add_Add,ETS,260,18.55,1.41,317.16,34,SCENARIO_ANALOG,FORWARD_SCENARIO_BAND,0,0,2,20,11,7,ADEQUATE,0.2676009012719176,0.1024542988962571,0.75,-4.0,5.0,-1.0704036050876704,0.0,0.5122714944812855,0.0,1.5826750995689558,-0.465999624753048,-1.3925073266655494,0.8586467508746944,CONDITIONAL_P75_SCENARIO_EXPOSURE_X_FROZEN_SKU_POLICY_CAP,HISTORICAL_PUBLIC_WEATHER_DERIVED_OVERLAY,PROJECT_ASSUMPTION,NO_REALIZED_FUTURE_WEATHER_USED,313.765,317.16,318.785,317.16,5.02,1.583,BASE_WITH_MILD_NORMAL_SEVERE_SCENARIOS,RECONSTRUCTED_DEMAND_UNITS,FROZEN_STEP4B_CHAMPION,FROZEN_STEP4C,DERIVED_FROM_SYNTHETIC_CASE_STUDY_DEMAND
2026-06-22,2026-08-24,9,APS-001,ECOM,HW_Damped_Mul,ETS,260,10.55,-3.09,161.666,35,SCENARIO_ANALOG,FORWARD_SCENARIO_BAND,0,0,2,20,14,5,ADEQUATE,0.265158391467598,0.1518354368258117,0.75,-4.0,6.0,-1.060633565870392,0.0,0.91101262095487,0.0,1.9716461868252624,-0.3301407958602849,-1.3237643488671047,1.1727843527720136,CONDITIONAL_P75_SCENARIO_EXPOSURE_X_FROZEN_SKU_POLICY_CAP,HISTORICAL_PUBLIC_WEATHER_DERIVED_OVERLAY,PROJECT_ASSUMPTION,NO_REALIZED_FUTURE_WEATHER_USED,159.952,161.666,163.139,161.666,3.187,1.972,BASE_WITH_MILD_NORMAL_SEVERE_SCENARIOS,RECONSTRUCTED_DEMAND_UNITS,FROZEN_STEP4B_CHAMPION,FROZEN_STEP4C,DERIVED_FROM_SYNTHETIC_CASE_STUDY_DEMAND
2026-06-22,2026-08-24,9,APS-001,RETAIL,HW_Damped_Mul,ETS,260,8.83,-0.97,106.081,35,SCENARIO_ANALOG,FORWARD_SCENARIO_BAND,0,0,2,20,14,5,ADEQUATE,0.2658997530872485,0.1485781785277485,0.75,-4.0,6.0,-1.063599012348994,0.0,0.891469071166491,0.0,1.955068083515485,-0.3293319346341561,-1.3189192829239405,1.1777876226431123,CONDITIONAL_P75_SCENARIO_EXPOSURE_X_FROZEN_SKU_POLICY_CAP,HISTORICAL_PUBLIC_WEATHER_DERIVED_OVERLAY,PROJECT_ASSUMPTION,NO_REALIZED_FUTURE_WEATHER_USED,104.953,106.081,107.027,106.081,2.074,1.955,BASE_WITH_MILD_NORMAL_SEVERE_SCENARIOS,RECONSTRUCTED_DEMAND_UNITS,FROZEN_STEP4B_CHAMPION,FROZEN_STEP4C,DERIVED_FROM_SYNTHETIC_CASE_STUDY_DEMAND
2026-06-22,2026-08-24,9,APS-001,WHOLESALE,HW_Damped_Add,ETS,260,18.26,-0.35,93.503,35,SCENARIO_ANALOG,FORWARD_SCENARIO_BAND,0,0,2,20,14,5,ADEQUATE,0.2887722122331604,0.1516349818371739,0.75,-4.0,6.0,-1.1550888489326416,0.0,0.9098098910230432,0.0,2.064898739955685,-0.3324490291917871,-1.280176034099872,1.0479142909162418,CONDITIONAL_P75_SCENARIO_EXPOSURE_X_FROZEN_SKU_POLICY_CAP,HISTORICAL_PUBLIC_WEATHER_DERIVED_OVERLAY,PROJECT_ASSUMPTION,NO_REALIZED_FUTURE_WEATHER_USED,92.423,93.503,94.354,93.503,1.931,2.065,BASE_WITH_MILD_NORMAL_SEVERE_SCENARIOS,RECONSTRUCTED_DEMAND_UNITS,FROZEN_STEP4B_CHAMPION,FROZEN_STEP4C,DERIVED_FROM_SYNTHETIC_CASE_STUDY_DEMAND
2026-06-22,2026-08-24,9,CTS-001,ECOM,HW_Damped_Mul,ETS,260,8.37,-1.12,443.176,35,SCENARIO_ANALOG,FORWARD_SCENARIO_BAND,0,0,2,20,14,5,ADEQUATE,0.2768123586781817,0.1132400358187258,0.75,-3.0,4.0,-0.8304370760345452,0.0,0.4529601432749032,0.0,1.2833972193094485,-0.3774769327596421,-0.9978179599553544,0.5220640888997975,CONDITIONAL_P75_SCENARIO_EXPOSURE_X_FROZEN_SKU_POLICY_CAP,HISTORICAL_PUBLIC_WEATHER_DERIVED_OVERLAY,PROJECT_ASSUMPTION,NO_REALIZED_FUTURE_WEATHER_USED,439.496,443.176,445.183,443.176,5.688,1.283,BASE_WITH_MILD_NORMAL_SEVERE_SCENARIOS,RECONSTRUCTED_DEMAND_UNITS,FROZEN_STEP4B_CHAMPION,FROZEN_STEP4C,DERIVED_FROM_SYNTHETIC_CASE_STUDY_DEMAND
2026-06-22,2026-08-24,9,CTS-001,RETAIL,HW_Damped_Mul,ETS,260,9.18,0.8,354.855,35,SCENARIO_ANALOG,FORWARD_SCENARIO_BAND,0,0,2,20,14,5,ADEQUATE,0.2830757385358141,0.1132105136638352,0.75,-3.0,4.0,-0.8492272156074423,0.0,0.4528420546553408,0.0,1.3020692702627832,-0.3962729940062764,-1.0005618233005835,0.5171200003935847,CONDITIONAL_P75_SCENARIO_EXPOSURE_X_FROZEN_SKU_POLICY_CAP,HISTORICAL_PUBLIC_WEATHER_DERIVED_OVERLAY,PROJECT_ASSUMPTION,NO_REALIZED_FUTURE_WEATHER_USED,351.842,354.855,356.462,354.855,4.62,1.302,BASE_WITH_MILD_NORMAL_SEVERE_SCENARIOS,RECONSTRUCTED_DEMAND_UNITS,FROZEN_STEP4B_CHAMPION,FROZEN_STEP4C,DERIVED_FROM_SYNTHETIC_CASE_STUDY_DEMAND
2026-06-22,2026-08-24,9,CTS-001,WHOLESALE,Seasonal_MA_2Y,BASELINE,260,21.73,2.41,189.224,35,SCENARIO_ANALOG,FORWARD_SCENARIO_BAND,0,0,2,20,14,5,ADEQUATE,0.2753486005739948,0.1135026750514947,0.75,-3.0,4.0,-0.8260458017219844,0.0,0.4540107002059788,0.0,1.2800565019279633,-0.3720351015160056,-1.0182038312098216,0.4870338517475281,CONDITIONAL_P75_SCENARIO_EXPOSURE_X_FROZEN_SKU_POLICY_CAP,HISTORICAL_PUBLIC_WEATHER_DERIVED_OVERLAY,PROJECT_ASSUMPTION,NO_REALIZED_FUTURE_WEATHER_USED,187.66,189.224,190.083,189.224,2.422,1.28,BASE_WITH_MILD_NORMAL_SEVERE_SCENARIOS,RECONSTRUCTED_DEMAND_UNITS,FROZEN_STEP4B_CHAMPION,FROZEN_STEP4C,DERIVED_FROM_SYNTHETIC_CASE_STUDY_DEMAND
2026-06-22,2026-08-24,9,IMH-001,ECOM,HW_Damped_Mul,ETS,260,8.68,-1.32,490.861,35,SCENARIO_ANALOG,FORWARD_SCENARIO_BAND,0,0,2,20,14,5,ADEQUATE,0.2477839944889993,0.1245807413829975,0.75,-4.0,5.0,-0.9911359779559972,0.0,0.6229037069149875,0.0,1.6140396848709848,-0.4067284614617799,-1.3697365328391933,0.911321343752795,CONDITIONAL_P75_SCENARIO_EXPOSURE_X_FROZEN_SKU_POLICY_CAP,HISTORICAL_PUBLIC_WEATHER_DERIVED_OVERLAY,PROJECT_ASSUMPTION,NO_REALIZED_FUTURE_WEATHER_USED,485.996,490.861,493.919,490.861,7.923,1.614,BASE_WITH_MILD_NORMAL_SEVERE_SCENARIOS,RECONSTRUCTED_DEMAND_UNITS,FROZEN_STEP4B_CHAMPION,FROZEN_STEP4C,DERIVED_FROM_SYNTHETIC_CASE_STUDY_DEMAND
2026-06-22,2026-08-24,9,IMH-001,RETAIL,HW_Damped_Mul,ETS,260,8.48,-1.21,367.395,35,SCENARIO_ANALOG,FORWARD_SCENARIO_BAND,0,0,2,20,14,5,ADEQUATE,0.2339814635443644,0.1175673447365786,0.75,-4.0,5.0,-0.9359258541774576,0.0,0.587836723682893,0.0,1.5237625778603503,-0.3987454676712439,-1.4688128829015936,0.897637617772548,CONDITIONAL_P75_SCENARIO_EXPOSURE_X_FROZEN_SKU_POLICY_CAP,HISTORICAL_PUBLIC_WEATHER_DERIVED_OVERLAY,PROJECT_ASSUMPTION,NO_REALIZED_FUTURE_WEATHER_USED,363.957,367.395,369.555,367.395,5.598,1.524,BASE_WITH_MILD_NORMAL_SEVERE_SCENARIOS,RECONSTRUCTED_DEMAND_UNITS,FROZEN_STEP4B_CHAMPION,FROZEN_STEP4C,DERIVED_FROM_SYNTHETIC_CASE_STUDY_DEMAND
2026-06-22,2026-08-24,9,IMH-001,WHOLESALE,HW_Add_Add,ETS,260,18.55,1.41,302.138,35,SCENARIO_ANALOG,FORWARD_SCENARIO_BAND,0,0,2,20,14,5,ADEQUATE,0.2445677798085834,0.1024542988962571,0.75,-4.0,5.0,-0.9782711192343336,0.0,0.5122714944812855,0.0,1.4905426137156192,-0.465999624753048,-1.3925073266655494,0.8993024355307623,CONDITIONAL_P75_SCENARIO_EXPOSURE_X_FROZEN_SKU_POLICY_CAP,HISTORICAL_PUBLIC_WEATHER_DERIVED_OVERLAY,PROJECT_ASSUMPTION,NO_REALIZED_FUTURE_WEATHER_USED,299.182,302.138,303.685,302.138,4.503,1.491,BASE_WITH_MILD_NORMAL_SEVERE_SCENARIOS,RECONSTRUCTED_DEMAND_UNITS,FROZEN_STEP4B_CHAMPION,FROZEN_STEP4C,DERIVED_FROM_SYNTHETIC_CASE_STUDY_DEMAND
2026-06-22,2026-08-31,10,APS-001,ECOM,HW_Damped_Mul,ETS,260,10.55,-3.09,247.092,36,SCENARIO_ANALOG,FORWARD_SCENARIO_BAND,0,0,3,28,20,8,ADEQUATE,0.2684307076272001,0.1585395232605164,0.75,-4.0,6.0,-1.0737228305088005,0.0,0.951237139563099,0.0,2.024959970071899,-0.5041301689796279,-1.3237643488671047,1.1727843527720136,CONDITIONAL_P75_SCENARIO_EXPOSURE_X_FROZEN_SKU_POLICY_CAP,HISTORICAL_PUBLIC_WEATHER_DERIVED_OVERLAY,PROJECT_ASSUMPTION,NO_REALIZED_FUTURE_WEATHER_USED,244.439,247.092,249.443,247.092,5.004,2.025,BASE_WITH_MILD_NORMAL_SEVERE_SCENARIOS,RECONSTRUCTED_DEMAND_UNITS,FROZEN_STEP4B_CHAMPION,FROZEN_STEP4C,DERIVED_FROM_SYNTHETIC_CASE_STUDY_DEMAND
2026-06-22,2026-08-31,10,APS-001,RETAIL,HW_Damped_Mul,ETS,260,8.83,-0.97,158.905,36,SCENARIO_ANALOG,FORWARD_SCENARIO_BAND,0,0,3,28,20,8,ADEQUATE,0.2684676727441004,0.1549902456527993,0.75,-4.0,6.0,-1.0738706909764015,0.0,0.929941473916796,0.0,2.0038121648931977,-0.5083309974306445,-1.3189192829239405,1.1777876226431123,CONDITIONAL_P75_SCENARIO_EXPOSURE_X_FROZEN_SKU_POLICY_CAP,HISTORICAL_PUBLIC_WEATHER_DERIVED_OVERLAY,PROJECT_ASSUMPTION,NO_REALIZED_FUTURE_WEATHER_USED,157.198,158.905,160.382,158.905,3.184,2.004,BASE_WITH_MILD_NORMAL_SEVERE_SCENARIOS,RECONSTRUCTED_DEMAND_UNITS,FROZEN_STEP4B_CHAMPION,FROZEN_STEP4C,DERIVED_FROM_SYNTHETIC_CASE_STUDY_DEMAND
2026-06-22,2026-08-31,10,APS-001,WHOLESALE,HW_Damped_Add,ETS,260,18.26,-0.35,128.776,36,SCENARIO_ANALOG,FORWARD_SCENARIO_BAND,0,0,3,28,20,8,ADEQUATE,0.2887722122331604,0.157191682357158,0.75,-4.0,6.0,-1.1550888489326416,0.0,0.943150094142948,0.0,2.09823894307559,-0.4790975948093952,-1.280176034099872,1.0479142909162418,CONDITIONAL_P75_SCENARIO_EXPOSURE_X_FROZEN_SKU_POLICY_CAP,HISTORICAL_PUBLIC_WEATHER_DERIVED_OVERLAY,PROJECT_ASSUMPTION,NO_REALIZED_FUTURE_WEATHER_USED,127.289,128.776,129.991,128.776,2.702,2.098,BASE_WITH_MILD_NORMAL_SEVERE_SCENARIOS,RECONSTRUCTED_DEMAND_UNITS,FROZEN_STEP4B_CHAMPION,FROZEN_STEP4C,DERIVED_FROM_SYNTHETIC_CASE_STUDY_DEMAND
2026-06-22,2026-08-31,10,CTS-001,ECOM,HW_Damped_Mul,ETS,260,8.37,-1.12,586.037,36,SCENARIO_ANALOG,FORWARD_SCENARIO_BAND,0,0,3,28,20,8,ADEQUATE,0.2768123586781817,0.1307743830448408,0.75,-3.0,4.0,-0.8304370760345452,0.0,0.5230975321793635,0.0,1.3535346082139088,-0.3870258550225652,-0.9978179599553544,0.5220640888997975,CONDITIONAL_P75_SCENARIO_EXPOSURE_X_FROZEN_SKU_POLICY_CAP,HISTORICAL_PUBLIC_WEATHER_DERIVED_OVERLAY,PROJECT_ASSUMPTION,NO_REALIZED_FUTURE_WEATHER_USED,581.171,586.037,589.103,586.037,7.932,1.354,BASE_WITH_MILD_NORMAL_SEVERE_SCENARIOS,RECONSTRUCTED_DEMAND_UNITS,FROZEN_STEP4B_CHAMPION,FROZEN_STEP4C,DERIVED_FROM_SYNTHETIC_CASE_STUDY_DEMAND
2026-06-22,2026-08-31,10,CTS-001,RETAIL,HW_Damped_Mul,ETS,260,9.18,0.8,388.456,36,SCENARIO_ANALOG,FORWARD_SCENARIO_BAND,0,0,3,28,20,8,ADEQUATE,0.2830757385358141,0.130647674779877,0.75,-3.0,4.0,-0.8492272156074423,0.0,0.5225906991195083,0.0,1.3718179147269507,-0.3963851609521013,-1.0005618233005835,0.5171200003935847,CONDITIONAL_P75_SCENARIO_EXPOSURE_X_FROZEN_SKU_POLICY_CAP,HISTORICAL_PUBLIC_WEATHER_DERIVED_OVERLAY,PROJECT_ASSUMPTION,NO_REALIZED_FUTURE_WEATHER_USED,385.157,388.456,390.486,388.456,5.329,1.372,BASE_WITH_MILD_NORMAL_SEVERE_SCENARIOS,RECONSTRUCTED_DEMAND_UNITS,FROZEN_STEP4B_CHAMPION,FROZEN_STEP4C,DERIVED_FROM_SYNTHETIC_CASE_STUDY_DEMAND
2026-06-22,2026-08-31,10,CTS-001,WHOLESALE,Seasonal_MA_2Y,BASELINE,260,21.73,2.41,373.5,36,SCENARIO_ANALOG,FORWARD_SCENARIO_BAND,0,0,3,28,20,8,ADEQUATE,0.2753486005739948,0.130680895387113,0.75,-3.0,4.0,-0.8260458017219844,0.0,0.5227235815484523,0.0,1.3487693832704366,-0.3773339154066562,-1.0182038312098216,0.4870338517475281,CONDITIONAL_P75_SCENARIO_EXPOSURE_X_FROZEN_SKU_POLICY_CAP,HISTORICAL_PUBLIC_WEATHER_DERIVED_OVERLAY,PROJECT_ASSUMPTION,NO_REALIZED_FUTURE_WEATHER_USED,370.415,373.5,375.452,373.5,5.038,1.349,BASE_WITH_MILD_NORMAL_SEVERE_SCENARIOS,RECONSTRUCTED_DEMAND_UNITS,FROZEN_STEP4B_CHAMPION,FROZEN_STEP4C,DERIVED_FROM_SYNTHETIC_CASE_STUDY_DEMAND
2026-06-22,2026-08-31,10,IMH-001,ECOM,HW_Damped_Mul,ETS,260,8.68,-1.32,735.844,36,SCENARIO_ANALOG,FORWARD_SCENARIO_BAND,0,0,3,28,20,8,ADEQUATE,0.259753752437476,0.1377304583517142,0.75,-4.0,5.0,-1.039015009749904,0.0,0.6886522917585712,0.0,1.7276673015084754,-0.4717738087072705,-1.4424126977144742,0.911321343752795,CONDITIONAL_P75_SCENARIO_EXPOSURE_X_FROZEN_SKU_POLICY_CAP,HISTORICAL_PUBLIC_WEATHER_DERIVED_OVERLAY,PROJECT_ASSUMPTION,NO_REALIZED_FUTURE_WEATHER_USED,728.199,735.844,740.912,735.844,12.713,1.728,BASE_WITH_MILD_NORMAL_SEVERE_SCENARIOS,RECONSTRUCTED_DEMAND_UNITS,FROZEN_STEP4B_CHAMPION,FROZEN_STEP4C,DERIVED_FROM_SYNTHETIC_CASE_STUDY_DEMAND
2026-06-22,2026-08-31,10,IMH-001,RETAIL,HW_Damped_Mul,ETS,260,8.48,-1.21,460.097,36,SCENARIO_ANALOG,FORWARD_SCENARIO_BAND,0,0,3,28,20,8,ADEQUATE,0.2516558582794589,0.137723525779144,0.75,-4.0,5.0,-1.006623433117836,0.0,0.6886176288957202,0.0,1.695241062013556,-0.4598355918971191,-1.5565662383454109,0.897637617772548,CONDITIONAL_P75_SCENARIO_EXPOSURE_X_FROZEN_SKU_POLICY_CAP,HISTORICAL_PUBLIC_WEATHER_DERIVED_OVERLAY,PROJECT_ASSUMPTION,NO_REALIZED_FUTURE_WEATHER_USED,455.466,460.097,463.265,460.097,7.8,1.695,BASE_WITH_MILD_NORMAL_SEVERE_SCENARIOS,RECONSTRUCTED_DEMAND_UNITS,FROZEN_STEP4B_CHAMPION,FROZEN_STEP4C,DERIVED_FROM_SYNTHETIC_CASE_STUDY_DEMAND
2026-06-22,2026-08-31,10,IMH-001,WHOLESALE,HW_Add_Add,ETS,260,18.55,1.41,385.161,36,SCENARIO_ANALOG,FORWARD_SCENARIO_BAND,0,0,3,28,20,8,ADEQUATE,0.2560843405402505,0.1197730617159275,0.75,-4.0,5.0,-1.024337362161002,0.0,0.5988653085796378,0.0,1.62320267074064,-0.4683241182963352,-1.6289915788597291,0.8993024355307623,CONDITIONAL_P75_SCENARIO_EXPOSURE_X_FROZEN_SKU_POLICY_CAP,HISTORICAL_PUBLIC_WEATHER_DERIVED_OVERLAY,PROJECT_ASSUMPTION,NO_REALIZED_FUTURE_WEATHER_USED,381.216,385.161,387.468,385.161,6.252,1.623,BASE_WITH_MILD_NORMAL_SEVERE_SCENARIOS,RECONSTRUCTED_DEMAND_UNITS,FROZEN_STEP4B_CHAMPION,FROZEN_STEP4C,DERIVED_FROM_SYNTHETIC_CASE_STUDY_DEMAND
2026-06-22,2026-09-07,11,APS-001,ECOM,HW_Damped_Mul,ETS,260,10.55,-3.09,244.925,37,SCENARIO_ANALOG,FORWARD_SCENARIO_BAND,0,0,2,20,16,5,ADEQUATE,0.2832692767749825,0.1786517825646309,0.75,-4.0,6.0,-1.13307710709993,0.0,1.0719106953877855,0.0,2.2049878024877154,-0.5957605419111541,-1.3237643488671047,1.1727843527720136,CONDITIONAL_P75_SCENARIO_EXPOSURE_X_FROZEN_SKU_POLICY_CAP,HISTORICAL_PUBLIC_WEATHER_DERIVED_OVERLAY,PROJECT_ASSUMPTION,NO_REALIZED_FUTURE_WEATHER_USED,242.149,244.925,247.55,244.925,5.401,2.205,BASE_WITH_MILD_NORMAL_SEVERE_SCENARIOS,RECONSTRUCTED_DEMAND_UNITS,FROZEN_STEP4B_CHAMPION,FROZEN_STEP4C,DERIVED_FROM_SYNTHETIC_CASE_STUDY_DEMAND
2026-06-22,2026-09-07,11,APS-001,RETAIL,HW_Damped_Mul,ETS,260,8.83,-0.97,170.243,37,SCENARIO_ANALOG,FORWARD_SCENARIO_BAND,0,0,2,20,16,5,ADEQUATE,0.2835556490783613,0.1742264470279519,0.75,-4.0,6.0,-1.1342225963134454,0.0,1.0453586821677114,0.0,2.179581278481157,-0.5975662119883853,-1.3189192829239405,1.1777876226431123,CONDITIONAL_P75_SCENARIO_EXPOSURE_X_FROZEN_SKU_POLICY_CAP,HISTORICAL_PUBLIC_WEATHER_DERIVED_OVERLAY,PROJECT_ASSUMPTION,NO_REALIZED_FUTURE_WEATHER_USED,168.312,170.243,172.023,170.243,3.711,2.18,BASE_WITH_MILD_NORMAL_SEVERE_SCENARIOS,RECONSTRUCTED_DEMAND_UNITS,FROZEN_STEP4B_CHAMPION,FROZEN_STEP4C,DERIVED_FROM_SYNTHETIC_CASE_STUDY_DEMAND
2026-06-22,2026-09-07,11,APS-001,WHOLESALE,HW_Damped_Add,ETS,260,18.26,-0.35,128.46,37,SCENARIO_ANALOG,FORWARD_SCENARIO_BAND,0,0,2,20,16,5,ADEQUATE,0.2887722122331604,0.1738617839171104,0.75,-4.0,6.0,-1.1550888489326416,0.0,1.0431707035026625,0.0,2.198259552435304,-0.572558008246755,-1.280176034099872,1.0479142909162418,CONDITIONAL_P75_SCENARIO_EXPOSURE_X_FROZEN_SKU_POLICY_CAP,HISTORICAL_PUBLIC_WEATHER_DERIVED_OVERLAY,PROJECT_ASSUMPTION,NO_REALIZED_FUTURE_WEATHER_USED,126.976,128.46,129.8,128.46,2.824,2.198,BASE_WITH_MILD_NORMAL_SEVERE_SCENARIOS,RECONSTRUCTED_DEMAND_UNITS,FROZEN_STEP4B_CHAMPION,FROZEN_STEP4C,DERIVED_FROM_SYNTHETIC_CASE_STUDY_DEMAND
2026-06-22,2026-09-07,11,CTS-001,ECOM,HW_Damped_Mul,ETS,260,8.37,-1.12,580.001,37,SCENARIO_ANALOG,FORWARD_SCENARIO_BAND,0,0,2,20,16,5,ADEQUATE,0.2779643075979099,0.1833774247231861,0.75,-3.0,4.0,-0.83389292279373,0.0,0.7335096988927444,0.0,1.5674026216864745,-0.4160124282769614,-0.9978179599553544,0.5220640888997975,CONDITIONAL_P75_SCENARIO_EXPOSURE_X_FROZEN_SKU_POLICY_CAP,HISTORICAL_PUBLIC_WEATHER_DERIVED_OVERLAY,PROJECT_ASSUMPTION,NO_REALIZED_FUTURE_WEATHER_USED,575.165,580.001,584.255,580.001,9.091,1.567,BASE_WITH_MILD_NORMAL_SEVERE_SCENARIOS,RECONSTRUCTED_DEMAND_UNITS,FROZEN_STEP4B_CHAMPION,FROZEN_STEP4C,DERIVED_FROM_SYNTHETIC_CASE_STUDY_DEMAND
2026-06-22,2026-09-07,11,CTS-001,RETAIL,HW_Damped_Mul,ETS,260,9.18,0.8,406.817,37,SCENARIO_ANALOG,FORWARD_SCENARIO_BAND,0,0,2,20,16,5,ADEQUATE,0.2830757385358141,0.1829591581280027,0.75,-3.0,4.0,-0.8492272156074423,0.0,0.7318366325120108,0.0,1.5810638481194532,-0.4054018769960588,-1.0005618233005835,0.5171200003935847,CONDITIONAL_P75_SCENARIO_EXPOSURE_X_FROZEN_SKU_POLICY_CAP,HISTORICAL_PUBLIC_WEATHER_DERIVED_OVERLAY,PROJECT_ASSUMPTION,NO_REALIZED_FUTURE_WEATHER_USED,403.362,406.817,409.794,406.817,6.432,1.581,BASE_WITH_MILD_NORMAL_SEVERE_SCENARIOS,RECONSTRUCTED_DEMAND_UNITS,FROZEN_STEP4B_CHAMPION,FROZEN_STEP4C,DERIVED_FROM_SYNTHETIC_CASE_STUDY_DEMAND
2026-06-22,2026-09-07,11,CTS-001,WHOLESALE,Seasonal_MA_2Y,BASELINE,260,21.73,2.41,433.5,37,SCENARIO_ANALOG,FORWARD_SCENARIO_BAND,0,0,2,20,16,5,ADEQUATE,0.2776939413742647,0.1822155563939682,0.75,-3.0,4.0,-0.8330818241227942,0.0,0.7288622255758728,0.0,1.561944049698667,-0.4076211709568549,-1.0182038312098216,0.4870338517475281,CONDITIONAL_P75_SCENARIO_EXPOSURE_X_FROZEN_SKU_POLICY_CAP,HISTORICAL_PUBLIC_WEATHER_DERIVED_OVERLAY,PROJECT_ASSUMPTION,NO_REALIZED_FUTURE_WEATHER_USED,429.889,433.5,436.66,433.5,6.771,1.562,BASE_WITH_MILD_NORMAL_SEVERE_SCENARIOS,RECONSTRUCTED_DEMAND_UNITS,FROZEN_STEP4B_CHAMPION,FROZEN_STEP4C,DERIVED_FROM_SYNTHETIC_CASE_STUDY_DEMAND
2026-06-22,2026-09-07,11,IMH-001,ECOM,HW_Damped_Mul,ETS,260,8.68,-1.32,707.128,37,SCENARIO_ANALOG,FORWARD_SCENARIO_BAND,0,0,2,20,16,5,ADEQUATE,0.2771137371433202,0.1771796092578644,0.75,-4.0,5.0,-1.1084549485732809,0.0,0.885898046289322,0.0,1.9943529948626029,-0.5396900842160097,-1.4424126977144742,0.911321343752795,CONDITIONAL_P75_SCENARIO_EXPOSURE_X_FROZEN_SKU_POLICY_CAP,HISTORICAL_PUBLIC_WEATHER_DERIVED_OVERLAY,PROJECT_ASSUMPTION,NO_REALIZED_FUTURE_WEATHER_USED,699.29,707.128,713.393,707.128,14.103,1.994,BASE_WITH_MILD_NORMAL_SEVERE_SCENARIOS,RECONSTRUCTED_DEMAND_UNITS,FROZEN_STEP4B_CHAMPION,FROZEN_STEP4C,DERIVED_FROM_SYNTHETIC_CASE_STUDY_DEMAND
2026-06-22,2026-09-07,11,IMH-001,RETAIL,HW_Damped_Mul,ETS,260,8.48,-1.21,536.416,37,SCENARIO_ANALOG,FORWARD_SCENARIO_BAND,0,0,2,20,16,5,ADEQUATE,0.270287070639445,0.1981920689068404,0.75,-4.0,5.0,-1.08114828255778,0.0,0.990960344534202,0.0,2.072108627091982,-0.5024780418825237,-1.5565662383454109,0.897637617772548,CONDITIONAL_P75_SCENARIO_EXPOSURE_X_FROZEN_SKU_POLICY_CAP,HISTORICAL_PUBLIC_WEATHER_DERIVED_OVERLAY,PROJECT_ASSUMPTION,NO_REALIZED_FUTURE_WEATHER_USED,530.616,536.416,541.731,536.416,11.115,2.072,BASE_WITH_MILD_NORMAL_SEVERE_SCENARIOS,RECONSTRUCTED_DEMAND_UNITS,FROZEN_STEP4B_CHAMPION,FROZEN_STEP4C,DERIVED_FROM_SYNTHETIC_CASE_STUDY_DEMAND
2026-06-22,2026-09-07,11,IMH-001,WHOLESALE,HW_Add_Add,ETS,260,18.55,1.41,432.777,37,SCENARIO_ANALOG,FORWARD_SCENARIO_BAND,0,0,2,20,16,5,ADEQUATE,0.2704575427730343,0.1717293501749389,0.75,-4.0,5.0,-1.0818301710921374,0.0,0.8586467508746944,0.0,1.940476921966832,-0.5097811770672389,-1.6289915788597291,0.8993024355307623,CONDITIONAL_P75_SCENARIO_EXPOSURE_X_FROZEN_SKU_POLICY_CAP,HISTORICAL_PUBLIC_WEATHER_DERIVED_OVERLAY,PROJECT_ASSUMPTION,NO_REALIZED_FUTURE_WEATHER_USED,428.095,432.777,436.493,432.777,8.398,1.94,BASE_WITH_MILD_NORMAL_SEVERE_SCENARIOS,RECONSTRUCTED_DEMAND_UNITS,FROZEN_STEP4B_CHAMPION,FROZEN_STEP4C,DERIVED_FROM_SYNTHETIC_CASE_STUDY_DEMAND
2026-06-22,2026-09-14,12,APS-001,ECOM,HW_Damped_Mul,ETS,260,10.55,-3.09,246.536,38,SCENARIO_ANALOG,FORWARD_SCENARIO_BAND,0,0,2,20,17,5,ADEQUATE,0.2983341387819105,0.1786517825646309,0.75,-4.0,6.0,-1.193336555127642,0.0,1.0719106953877855,0.0,2.2652472505154275,-0.6109195101323479,-1.4783970634668957,1.1727843527720136,CONDITIONAL_P75_SCENARIO_EXPOSURE_X_FROZEN_SKU_POLICY_CAP,HISTORICAL_PUBLIC_WEATHER_DERIVED_OVERLAY,PROJECT_ASSUMPTION,NO_REALIZED_FUTURE_WEATHER_USED,243.594,246.536,249.178,246.536,5.585,2.265,BASE_WITH_MILD_NORMAL_SEVERE_SCENARIOS,RECONSTRUCTED_DEMAND_UNITS,FROZEN_STEP4B_CHAMPION,FROZEN_STEP4C,DERIVED_FROM_SYNTHETIC_CASE_STUDY_DEMAND
2026-06-22,2026-09-14,12,APS-001,RETAIL,HW_Damped_Mul,ETS,260,8.83,-0.97,173.946,38,SCENARIO_ANALOG,FORWARD_SCENARIO_BAND,0,0,2,20,17,5,ADEQUATE,0.3057083011694773,0.1742264470279519,0.75,-4.0,6.0,-1.2228332046779091,0.0,1.0453586821677114,0.0,2.268191886845621,-0.60786536159391,-1.4672101394446229,1.1777876226431123,CONDITIONAL_P75_SCENARIO_EXPOSURE_X_FROZEN_SKU_POLICY_CAP,HISTORICAL_PUBLIC_WEATHER_DERIVED_OVERLAY,PROJECT_ASSUMPTION,NO_REALIZED_FUTURE_WEATHER_USED,171.819,173.946,175.765,173.946,3.945,2.268,BASE_WITH_MILD_NORMAL_SEVERE_SCENARIOS,RECONSTRUCTED_DEMAND_UNITS,FROZEN_STEP4B_CHAMPION,FROZEN_STEP4C,DERIVED_FROM_SYNTHETIC_CASE_STUDY_DEMAND
2026-06-22,2026-09-14,12,APS-001,WHOLESALE,HW_Damped_Add,ETS,260,18.26,-0.35,130.666,38,SCENARIO_ANALOG,FORWARD_SCENARIO_BAND,0,0,2,20,17,5,ADEQUATE,0.2887722122331604,0.1738617839171104,0.75,-4.0,6.0,-1.1550888489326416,0.0,1.0431707035026625,0.0,2.198259552435304,-0.6381498305863593,-1.4597596270283366,1.0479142909162418,CONDITIONAL_P75_SCENARIO_EXPOSURE_X_FROZEN_SKU_POLICY_CAP,HISTORICAL_PUBLIC_WEATHER_DERIVED_OVERLAY,PROJECT_ASSUMPTION,NO_REALIZED_FUTURE_WEATHER_USED,129.157,130.666,132.029,130.666,2.872,2.198,BASE_WITH_MILD_NORMAL_SEVERE_SCENARIOS,RECONSTRUCTED_DEMAND_UNITS,FROZEN_STEP4B_CHAMPION,FROZEN_STEP4C,DERIVED_FROM_SYNTHETIC_CASE_STUDY_DEMAND
2026-06-22,2026-09-14,12,CTS-001,ECOM,HW_Damped_Mul,ETS,260,8.37,-1.12,562.047,38,SCENARIO_ANALOG,FORWARD_SCENARIO_BAND,0,0,2,20,17,5,ADEQUATE,0.2814201543570948,0.1833774247231861,0.75,-3.0,4.0,-0.8442604630712843,0.0,0.7335096988927444,0.0,1.5777701619640288,-0.4475562516787623,-1.26107155603313,0.5220640888997975,CONDITIONAL_P75_SCENARIO_EXPOSURE_X_FROZEN_SKU_POLICY_CAP,HISTORICAL_PUBLIC_WEATHER_DERIVED_OVERLAY,PROJECT_ASSUMPTION,NO_REALIZED_FUTURE_WEATHER_USED,557.302,562.047,566.17,562.047,8.868,1.578,BASE_WITH_MILD_NORMAL_SEVERE_SCENARIOS,RECONSTRUCTED_DEMAND_UNITS,FROZEN_STEP4B_CHAMPION,FROZEN_STEP4C,DERIVED_FROM_SYNTHETIC_CASE_STUDY_DEMAND
2026-06-22,2026-09-14,12,CTS-001,RETAIL,HW_Damped_Mul,ETS,260,9.18,0.8,437.601,38,SCENARIO_ANALOG,FORWARD_SCENARIO_BAND,0,0,2,20,17,5,ADEQUATE,0.2830757385358141,0.1829591581280027,0.75,-3.0,4.0,-0.8492272156074423,0.0,0.7318366325120108,0.0,1.5810638481194532,-0.4391775416911875,-1.2361486112690865,0.5171200003935847,CONDITIONAL_P75_SCENARIO_EXPOSURE_X_FROZEN_SKU_POLICY_CAP,HISTORICAL_PUBLIC_WEATHER_DERIVED_OVERLAY,PROJECT_ASSUMPTION,NO_REALIZED_FUTURE_WEATHER_USED,433.885,437.601,440.804,437.601,6.919,1.581,BASE_WITH_MILD_NORMAL_SEVERE_SCENARIOS,RECONSTRUCTED_DEMAND_UNITS,FROZEN_STEP4B_CHAMPION,FROZEN_STEP4C,DERIVED_FROM_SYNTHETIC_CASE_STUDY_DEMAND
2026-06-22,2026-09-14,12,CTS-001,WHOLESALE,Seasonal_MA_2Y,BASELINE,260,21.73,2.41,295.5,38,SCENARIO_ANALOG,FORWARD_SCENARIO_BAND,0,0,2,20,17,5,ADEQUATE,0.2847299637750745,0.1822155563939682,0.75,-3.0,4.0,-0.8541898913252235,0.0,0.7288622255758728,0.0,1.5830521169010965,-0.4548817167356314,-1.2743496097522244,0.4870338517475281,CONDITIONAL_P75_SCENARIO_EXPOSURE_X_FROZEN_SKU_POLICY_CAP,HISTORICAL_PUBLIC_WEATHER_DERIVED_OVERLAY,PROJECT_ASSUMPTION,NO_REALIZED_FUTURE_WEATHER_USED,292.976,295.5,297.654,295.5,4.678,1.583,BASE_WITH_MILD_NORMAL_SEVERE_SCENARIOS,RECONSTRUCTED_DEMAND_UNITS,FROZEN_STEP4B_CHAMPION,FROZEN_STEP4C,DERIVED_FROM_SYNTHETIC_CASE_STUDY_DEMAND
2026-06-22,2026-09-14,12,IMH-001,ECOM,HW_Damped_Mul,ETS,260,8.68,-1.32,744.94,38,SCENARIO_ANALOG,FORWARD_SCENARIO_BAND,0,0,2,20,17,5,ADEQUATE,0.339149491899501,0.1771796092578644,0.75,-4.0,5.0,-1.356597967598004,0.0,0.885898046289322,0.0,2.242496013887326,-0.581057202900029,-1.537201429428236,0.911321343752795,CONDITIONAL_P75_SCENARIO_EXPOSURE_X_FROZEN_SKU_POLICY_CAP,HISTORICAL_PUBLIC_WEATHER_DERIVED_OVERLAY,PROJECT_ASSUMPTION,NO_REALIZED_FUTURE_WEATHER_USED,734.835,744.94,751.54,744.94,16.705,2.242,BASE_WITH_MILD_NORMAL_SEVERE_SCENARIOS,RECONSTRUCTED_DEMAND_UNITS,FROZEN_STEP4B_CHAMPION,FROZEN_STEP4C,DERIVED_FROM_SYNTHETIC_CASE_STUDY_DEMAND
2026-06-22,2026-09-14,12,IMH-001,RETAIL,HW_Damped_Mul,ETS,260,8.48,-1.21,503.64,38,SCENARIO_ANALOG,FORWARD_SCENARIO_BAND,0,0,2,20,17,5,ADEQUATE,0.3379086716002356,0.1981920689068404,0.75,-4.0,5.0,-1.3516346864009423,0.0,0.990960344534202,0.0,2.3425950309351444,-0.5346867048187329,-1.6201152899897402,0.897637617772548,CONDITIONAL_P75_SCENARIO_EXPOSURE_X_FROZEN_SKU_POLICY_CAP,HISTORICAL_PUBLIC_WEATHER_DERIVED_OVERLAY,PROJECT_ASSUMPTION,NO_REALIZED_FUTURE_WEATHER_USED,496.832,503.64,508.631,503.64,11.798,2.343,BASE_WITH_MILD_NORMAL_SEVERE_SCENARIOS,RECONSTRUCTED_DEMAND_UNITS,FROZEN_STEP4B_CHAMPION,FROZEN_STEP4C,DERIVED_FROM_SYNTHETIC_CASE_STUDY_DEMAND
2026-06-22,2026-09-14,12,IMH-001,WHOLESALE,HW_Add_Add,ETS,260,18.55,1.41,377.983,38,SCENARIO_ANALOG,FORWARD_SCENARIO_BAND,0,0,2,20,17,5,ADEQUATE,0.3481268316663873,0.1717293501749389,0.75,-4.0,5.0,-1.3925073266655492,0.0,0.8586467508746944,0.0,2.251154077540244,-0.5489137422948555,-1.6289915788597291,0.8993024355307623,CONDITIONAL_P75_SCENARIO_EXPOSURE_X_FROZEN_SKU_POLICY_CAP,HISTORICAL_PUBLIC_WEATHER_DERIVED_OVERLAY,PROJECT_ASSUMPTION,NO_REALIZED_FUTURE_WEATHER_USED,372.72,377.983,381.229,377.983,8.509,2.251,BASE_WITH_MILD_NORMAL_SEVERE_SCENARIOS,RECONSTRUCTED_DEMAND_UNITS,FROZEN_STEP4B_CHAMPION,FROZEN_STEP4C,DERIVED_FROM_SYNTHETIC_CASE_STUDY_DEMAND
2026-06-22,2026-09-21,13,APS-001,ECOM,HW_Damped_Mul,ETS,260,10.55,-3.09,238.589,39,SCENARIO_ANALOG,FORWARD_SCENARIO_BAND,0,0,2,20,17,5,ADEQUATE,0.3695992658667238,0.1786517825646309,0.75,-4.0,6.0,-1.4783970634668953,0.0,1.0719106953877855,0.0,2.5503077588546805,-0.6109195101323479,-1.6679753131736392,1.1727843527720136,CONDITIONAL_P75_SCENARIO_EXPOSURE_X_FROZEN_SKU_POLICY_CAP,HISTORICAL_PUBLIC_WEATHER_DERIVED_OVERLAY,PROJECT_ASSUMPTION,NO_REALIZED_FUTURE_WEATHER_USED,235.061,238.589,241.146,238.589,6.085,2.55,BASE_WITH_MILD_NORMAL_SEVERE_SCENARIOS,RECONSTRUCTED_DEMAND_UNITS,FROZEN_STEP4B_CHAMPION,FROZEN_STEP4C,DERIVED_FROM_SYNTHETIC_CASE_STUDY_DEMAND
2026-06-22,2026-09-21,13,APS-001,RETAIL,HW_Damped_Mul,ETS,260,8.83,-0.97,161.264,39,SCENARIO_ANALOG,FORWARD_SCENARIO_BAND,0,0,2,20,17,5,ADEQUATE,0.3668025348611557,0.1742264470279519,0.75,-4.0,6.0,-1.4672101394446229,0.0,1.0453586821677114,0.0,2.5125688216123345,-0.60786536159391,-1.6579117264599883,1.1777876226431123,CONDITIONAL_P75_SCENARIO_EXPOSURE_X_FROZEN_SKU_POLICY_CAP,HISTORICAL_PUBLIC_WEATHER_DERIVED_OVERLAY,PROJECT_ASSUMPTION,NO_REALIZED_FUTURE_WEATHER_USED,158.898,161.264,162.95,161.264,4.052,2.513,BASE_WITH_MILD_NORMAL_SEVERE_SCENARIOS,RECONSTRUCTED_DEMAND_UNITS,FROZEN_STEP4B_CHAMPION,FROZEN_STEP4C,DERIVED_FROM_SYNTHETIC_CASE_STUDY_DEMAND
2026-06-22,2026-09-21,13,APS-001,WHOLESALE,HW_Damped_Add,ETS,260,18.26,-0.35,148.688,39,SCENARIO_ANALOG,FORWARD_SCENARIO_BAND,0,0,2,20,17,5,ADEQUATE,0.3649399067570841,0.1738617839171104,0.75,-4.0,6.0,-1.4597596270283364,0.0,1.0431707035026625,0.0,2.502930330530999,-0.6381498305863593,-1.7616287762813374,1.0479142909162418,CONDITIONAL_P75_SCENARIO_EXPOSURE_X_FROZEN_SKU_POLICY_CAP,HISTORICAL_PUBLIC_WEATHER_DERIVED_OVERLAY,PROJECT_ASSUMPTION,NO_REALIZED_FUTURE_WEATHER_USED,146.517,148.688,150.239,148.688,3.722,2.503,BASE_WITH_MILD_NORMAL_SEVERE_SCENARIOS,RECONSTRUCTED_DEMAND_UNITS,FROZEN_STEP4B_CHAMPION,FROZEN_STEP4C,DERIVED_FROM_SYNTHETIC_CASE_STUDY_DEMAND
2026-06-22,2026-09-21,13,CTS-001,ECOM,HW_Damped_Mul,ETS,260,8.37,-1.12,595.131,39,SCENARIO_ANALOG,FORWARD_SCENARIO_BAND,0,0,2,20,17,5,ADEQUATE,0.3900523944969076,0.1833774247231861,0.75,-3.0,4.0,-1.1701571834907227,0.0,0.7335096988927444,0.0,1.903666882383467,-0.4281186006872893,-1.26107155603313,0.5220640888997975,CONDITIONAL_P75_SCENARIO_EXPOSURE_X_FROZEN_SKU_POLICY_CAP,HISTORICAL_PUBLIC_WEATHER_DERIVED_OVERLAY,PROJECT_ASSUMPTION,NO_REALIZED_FUTURE_WEATHER_USED,588.167,595.131,599.497,595.131,11.329,1.904,BASE_WITH_MILD_NORMAL_SEVERE_SCENARIOS,RECONSTRUCTED_DEMAND_UNITS,FROZEN_STEP4B_CHAMPION,FROZEN_STEP4C,DERIVED_FROM_SYNTHETIC_CASE_STUDY_DEMAND
2026-06-22,2026-09-21,13,CTS-001,RETAIL,HW_Damped_Mul,ETS,260,9.18,0.8,412.171,39,SCENARIO_ANALOG,FORWARD_SCENARIO_BAND,0,0,2,20,17,5,ADEQUATE,0.3834036536973246,0.1829591581280027,0.75,-3.0,4.0,-1.1502109610919735,0.0,0.7318366325120108,0.0,1.8820475936039849,-0.4300486587014052,-1.2361486112690865,0.5171200003935847,CONDITIONAL_P75_SCENARIO_EXPOSURE_X_FROZEN_SKU_POLICY_CAP,HISTORICAL_PUBLIC_WEATHER_DERIVED_OVERLAY,PROJECT_ASSUMPTION,NO_REALIZED_FUTURE_WEATHER_USED,407.43,412.171,415.187,412.171,7.757,1.882,BASE_WITH_MILD_NORMAL_SEVERE_SCENARIOS,RECONSTRUCTED_DEMAND_UNITS,FROZEN_STEP4B_CHAMPION,FROZEN_STEP4C,DERIVED_FROM_SYNTHETIC_CASE_STUDY_DEMAND
2026-06-22,2026-09-21,13,CTS-001,WHOLESALE,Seasonal_MA_2Y,BASELINE,260,21.73,2.41,261.818,39,SCENARIO_ANALOG,FORWARD_SCENARIO_BAND,0,0,2,20,17,5,ADEQUATE,0.3852501223560646,0.1822155563939682,0.75,-3.0,4.0,-1.155750367068194,0.0,0.7288622255758728,0.0,1.8846125926440669,-0.4298932750760832,-1.2743496097522244,0.4870338517475281,CONDITIONAL_P75_SCENARIO_EXPOSURE_X_FROZEN_SKU_POLICY_CAP,HISTORICAL_PUBLIC_WEATHER_DERIVED_OVERLAY,PROJECT_ASSUMPTION,NO_REALIZED_FUTURE_WEATHER_USED,258.792,261.818,263.727,261.818,4.934,1.885,BASE_WITH_MILD_NORMAL_SEVERE_SCENARIOS,RECONSTRUCTED_DEMAND_UNITS,FROZEN_STEP4B_CHAMPION,FROZEN_STEP4C,DERIVED_FROM_SYNTHETIC_CASE_STUDY_DEMAND
2026-06-22,2026-09-21,13,IMH-001,ECOM,HW_Damped_Mul,ETS,260,8.68,-1.32,727.42,39,SCENARIO_ANALOG,FORWARD_SCENARIO_BAND,0,0,2,20,17,5,ADEQUATE,0.3723647358719969,0.1771796092578644,0.75,-4.0,5.0,-1.4894589434879877,0.0,0.885898046289322,0.0,2.37535698977731,-0.638318537345149,-1.6391274892048098,0.911321343752795,CONDITIONAL_P75_SCENARIO_EXPOSURE_X_FROZEN_SKU_POLICY_CAP,HISTORICAL_PUBLIC_WEATHER_DERIVED_OVERLAY,PROJECT_ASSUMPTION,NO_REALIZED_FUTURE_WEATHER_USED,716.586,727.42,733.864,727.42,17.279,2.375,BASE_WITH_MILD_NORMAL_SEVERE_SCENARIOS,RECONSTRUCTED_DEMAND_UNITS,FROZEN_STEP4B_CHAMPION,FROZEN_STEP4C,DERIVED_FROM_SYNTHETIC_CASE_STUDY_DEMAND
2026-06-22,2026-09-21,13,IMH-001,RETAIL,HW_Damped_Mul,ETS,260,8.48,-1.21,487.306,39,SCENARIO_ANALOG,FORWARD_SCENARIO_BAND,0,0,2,20,17,5,ADEQUATE,0.351548808280943,0.1981920689068404,0.75,-4.0,5.0,-1.406195233123772,0.0,0.990960344534202,0.0,2.397155577657974,-0.6051383919727216,-1.6201152899897402,0.897637617772548,CONDITIONAL_P75_SCENARIO_EXPOSURE_X_FROZEN_SKU_POLICY_CAP,HISTORICAL_PUBLIC_WEATHER_DERIVED_OVERLAY,PROJECT_ASSUMPTION,NO_REALIZED_FUTURE_WEATHER_USED,480.454,487.306,492.135,487.306,11.681,2.397,BASE_WITH_MILD_NORMAL_SEVERE_SCENARIOS,RECONSTRUCTED_DEMAND_UNITS,FROZEN_STEP4B_CHAMPION,FROZEN_STEP4C,DERIVED_FROM_SYNTHETIC_CASE_STUDY_DEMAND
2026-06-22,2026-09-21,13,IMH-001,WHOLESALE,HW_Add_Add,ETS,260,18.55,1.41,346.775,39,SCENARIO_ANALOG,FORWARD_SCENARIO_BAND,0,0,2,20,17,5,ADEQUATE,0.3635864181603148,0.1717293501749389,0.75,-4.0,5.0,-1.4543456726412591,0.0,0.8586467508746944,0.0,2.3129924235159534,-0.6488347444851605,-1.6292215541001167,0.8993024355307623,CONDITIONAL_P75_SCENARIO_EXPOSURE_X_FROZEN_SKU_POLICY_CAP,HISTORICAL_PUBLIC_WEATHER_DERIVED_OVERLAY,PROJECT_ASSUMPTION,NO_REALIZED_FUTURE_WEATHER_USED,341.731,346.775,349.752,346.775,8.021,2.313,BASE_WITH_MILD_NORMAL_SEVERE_SCENARIOS,RECONSTRUCTED_DEMAND_UNITS,FROZEN_STEP4B_CHAMPION,FROZEN_STEP4C,DERIVED_FROM_SYNTHETIC_CASE_STUDY_DEMAND
