planning_cycle,forecast_as_of_date,planning_month,month_index,horizon_month_number,sku_id,channel_id,lifecycle_phase,launch_scenario,weather_scenario,pre_weather_units,weather_adjustment_pct,weather_adjusted_units,analytical_baseline_units,forecast_version,provenance
CYCLE_01_2026-08,2026-08-24,2026-09,1,1,HIS-001,ECOM,LAUNCH,BASE,MILD,551.5,-0.0108,545.57,545.57,V0_ANALYTICAL_BASELINE,"DERIVED: FROZEN MATURE ANALOG DATA (APS-001, IMH-001) + SYNTHETIC PLANNING ASSUMPTIONS"
CYCLE_01_2026-08,2026-08-24,2026-09,1,1,HIS-001,ECOM,LAUNCH,BASE,NORMAL,551.5,0.0,551.5,551.5,V0_ANALYTICAL_BASELINE,"DERIVED: FROZEN MATURE ANALOG DATA (APS-001, IMH-001) + SYNTHETIC PLANNING ASSUMPTIONS"
CYCLE_01_2026-08,2026-08-24,2026-09,1,1,HIS-001,ECOM,LAUNCH,BASE,SEVERE,551.5,0.0151,559.82,559.82,V0_ANALYTICAL_BASELINE,"DERIVED: FROZEN MATURE ANALOG DATA (APS-001, IMH-001) + SYNTHETIC PLANNING ASSUMPTIONS"
CYCLE_01_2026-08,2026-08-24,2026-09,1,1,HIS-001,ECOM,LAUNCH,HIGH,NORMAL,689.4,0.0,689.4,689.4,V0_ANALYTICAL_BASELINE,"DERIVED: FROZEN MATURE ANALOG DATA (APS-001, IMH-001) + SYNTHETIC PLANNING ASSUMPTIONS"
CYCLE_01_2026-08,2026-08-24,2026-09,1,1,HIS-001,ECOM,LAUNCH,LOW,NORMAL,413.63,0.0,413.63,413.63,V0_ANALYTICAL_BASELINE,"DERIVED: FROZEN MATURE ANALOG DATA (APS-001, IMH-001) + SYNTHETIC PLANNING ASSUMPTIONS"
CYCLE_01_2026-08,2026-08-24,2026-09,1,1,HIS-001,RETAIL,LAUNCH,BASE,MILD,428.96,-0.0108,424.34,424.34,V0_ANALYTICAL_BASELINE,"DERIVED: FROZEN MATURE ANALOG DATA (APS-001, IMH-001) + SYNTHETIC PLANNING ASSUMPTIONS"
CYCLE_01_2026-08,2026-08-24,2026-09,1,1,HIS-001,RETAIL,LAUNCH,BASE,NORMAL,428.96,0.0,428.96,428.96,V0_ANALYTICAL_BASELINE,"DERIVED: FROZEN MATURE ANALOG DATA (APS-001, IMH-001) + SYNTHETIC PLANNING ASSUMPTIONS"
CYCLE_01_2026-08,2026-08-24,2026-09,1,1,HIS-001,RETAIL,LAUNCH,BASE,SEVERE,428.96,0.0151,435.43,435.43,V0_ANALYTICAL_BASELINE,"DERIVED: FROZEN MATURE ANALOG DATA (APS-001, IMH-001) + SYNTHETIC PLANNING ASSUMPTIONS"
CYCLE_01_2026-08,2026-08-24,2026-09,1,1,HIS-001,RETAIL,LAUNCH,HIGH,NORMAL,536.2,0.0,536.2,536.2,V0_ANALYTICAL_BASELINE,"DERIVED: FROZEN MATURE ANALOG DATA (APS-001, IMH-001) + SYNTHETIC PLANNING ASSUMPTIONS"
CYCLE_01_2026-08,2026-08-24,2026-09,1,1,HIS-001,RETAIL,LAUNCH,LOW,NORMAL,321.72,0.0,321.72,321.72,V0_ANALYTICAL_BASELINE,"DERIVED: FROZEN MATURE ANALOG DATA (APS-001, IMH-001) + SYNTHETIC PLANNING ASSUMPTIONS"
CYCLE_01_2026-08,2026-08-24,2026-09,1,1,HIS-001,WHOLESALE,LAUNCH,BASE,MILD,245.12,-0.0108,242.48,242.48,V0_ANALYTICAL_BASELINE,"DERIVED: FROZEN MATURE ANALOG DATA (APS-001, IMH-001) + SYNTHETIC PLANNING ASSUMPTIONS"
CYCLE_01_2026-08,2026-08-24,2026-09,1,1,HIS-001,WHOLESALE,LAUNCH,BASE,NORMAL,245.12,0.0,245.12,245.12,V0_ANALYTICAL_BASELINE,"DERIVED: FROZEN MATURE ANALOG DATA (APS-001, IMH-001) + SYNTHETIC PLANNING ASSUMPTIONS"
CYCLE_01_2026-08,2026-08-24,2026-09,1,1,HIS-001,WHOLESALE,LAUNCH,BASE,SEVERE,245.12,0.0151,248.82,248.82,V0_ANALYTICAL_BASELINE,"DERIVED: FROZEN MATURE ANALOG DATA (APS-001, IMH-001) + SYNTHETIC PLANNING ASSUMPTIONS"
CYCLE_01_2026-08,2026-08-24,2026-09,1,1,HIS-001,WHOLESALE,LAUNCH,HIGH,NORMAL,306.4,0.0,306.4,306.4,V0_ANALYTICAL_BASELINE,"DERIVED: FROZEN MATURE ANALOG DATA (APS-001, IMH-001) + SYNTHETIC PLANNING ASSUMPTIONS"
CYCLE_01_2026-08,2026-08-24,2026-09,1,1,HIS-001,WHOLESALE,LAUNCH,LOW,NORMAL,183.83,0.0,183.83,183.83,V0_ANALYTICAL_BASELINE,"DERIVED: FROZEN MATURE ANALOG DATA (APS-001, IMH-001) + SYNTHETIC PLANNING ASSUMPTIONS"
CYCLE_01_2026-08,2026-08-24,2026-10,2,2,HIS-001,ECOM,RAMP,BASE,MILD,1170.33,-0.04,1123.51,1123.51,V0_ANALYTICAL_BASELINE,"DERIVED: FROZEN MATURE ANALOG DATA (APS-001, IMH-001) + SYNTHETIC PLANNING ASSUMPTIONS"
CYCLE_01_2026-08,2026-08-24,2026-10,2,2,HIS-001,ECOM,RAMP,BASE,NORMAL,1170.33,0.0,1170.33,1170.33,V0_ANALYTICAL_BASELINE,"DERIVED: FROZEN MATURE ANALOG DATA (APS-001, IMH-001) + SYNTHETIC PLANNING ASSUMPTIONS"
CYCLE_01_2026-08,2026-08-24,2026-10,2,2,HIS-001,ECOM,RAMP,BASE,SEVERE,1170.33,0.056,1235.86,1235.86,V0_ANALYTICAL_BASELINE,"DERIVED: FROZEN MATURE ANALOG DATA (APS-001, IMH-001) + SYNTHETIC PLANNING ASSUMPTIONS"
CYCLE_01_2026-08,2026-08-24,2026-10,2,2,HIS-001,ECOM,RAMP,HIGH,NORMAL,1462.9,0.0,1462.9,1462.9,V0_ANALYTICAL_BASELINE,"DERIVED: FROZEN MATURE ANALOG DATA (APS-001, IMH-001) + SYNTHETIC PLANNING ASSUMPTIONS"
CYCLE_01_2026-08,2026-08-24,2026-10,2,2,HIS-001,ECOM,RAMP,LOW,NORMAL,877.74,0.0,877.74,877.74,V0_ANALYTICAL_BASELINE,"DERIVED: FROZEN MATURE ANALOG DATA (APS-001, IMH-001) + SYNTHETIC PLANNING ASSUMPTIONS"
CYCLE_01_2026-08,2026-08-24,2026-10,2,2,HIS-001,RETAIL,RAMP,BASE,MILD,910.25,-0.04,873.84,873.84,V0_ANALYTICAL_BASELINE,"DERIVED: FROZEN MATURE ANALOG DATA (APS-001, IMH-001) + SYNTHETIC PLANNING ASSUMPTIONS"
CYCLE_01_2026-08,2026-08-24,2026-10,2,2,HIS-001,RETAIL,RAMP,BASE,NORMAL,910.25,0.0,910.25,910.25,V0_ANALYTICAL_BASELINE,"DERIVED: FROZEN MATURE ANALOG DATA (APS-001, IMH-001) + SYNTHETIC PLANNING ASSUMPTIONS"
CYCLE_01_2026-08,2026-08-24,2026-10,2,2,HIS-001,RETAIL,RAMP,BASE,SEVERE,910.25,0.056,961.23,961.23,V0_ANALYTICAL_BASELINE,"DERIVED: FROZEN MATURE ANALOG DATA (APS-001, IMH-001) + SYNTHETIC PLANNING ASSUMPTIONS"
CYCLE_01_2026-08,2026-08-24,2026-10,2,2,HIS-001,RETAIL,RAMP,HIGH,NORMAL,1137.81,0.0,1137.81,1137.81,V0_ANALYTICAL_BASELINE,"DERIVED: FROZEN MATURE ANALOG DATA (APS-001, IMH-001) + SYNTHETIC PLANNING ASSUMPTIONS"
CYCLE_01_2026-08,2026-08-24,2026-10,2,2,HIS-001,RETAIL,RAMP,LOW,NORMAL,682.68,0.0,682.68,682.68,V0_ANALYTICAL_BASELINE,"DERIVED: FROZEN MATURE ANALOG DATA (APS-001, IMH-001) + SYNTHETIC PLANNING ASSUMPTIONS"
CYCLE_01_2026-08,2026-08-24,2026-10,2,2,HIS-001,WHOLESALE,RAMP,BASE,MILD,520.13,-0.04,499.33,499.33,V0_ANALYTICAL_BASELINE,"DERIVED: FROZEN MATURE ANALOG DATA (APS-001, IMH-001) + SYNTHETIC PLANNING ASSUMPTIONS"
CYCLE_01_2026-08,2026-08-24,2026-10,2,2,HIS-001,WHOLESALE,RAMP,BASE,NORMAL,520.13,0.0,520.13,520.13,V0_ANALYTICAL_BASELINE,"DERIVED: FROZEN MATURE ANALOG DATA (APS-001, IMH-001) + SYNTHETIC PLANNING ASSUMPTIONS"
CYCLE_01_2026-08,2026-08-24,2026-10,2,2,HIS-001,WHOLESALE,RAMP,BASE,SEVERE,520.13,0.056,549.26,549.26,V0_ANALYTICAL_BASELINE,"DERIVED: FROZEN MATURE ANALOG DATA (APS-001, IMH-001) + SYNTHETIC PLANNING ASSUMPTIONS"
CYCLE_01_2026-08,2026-08-24,2026-10,2,2,HIS-001,WHOLESALE,RAMP,HIGH,NORMAL,650.18,0.0,650.18,650.18,V0_ANALYTICAL_BASELINE,"DERIVED: FROZEN MATURE ANALOG DATA (APS-001, IMH-001) + SYNTHETIC PLANNING ASSUMPTIONS"
CYCLE_01_2026-08,2026-08-24,2026-10,2,2,HIS-001,WHOLESALE,RAMP,LOW,NORMAL,390.11,0.0,390.11,390.11,V0_ANALYTICAL_BASELINE,"DERIVED: FROZEN MATURE ANALOG DATA (APS-001, IMH-001) + SYNTHETIC PLANNING ASSUMPTIONS"
CYCLE_01_2026-08,2026-08-24,2026-11,3,3,HIS-001,ECOM,RAMP,BASE,MILD,1377.91,-0.04,1322.78,1322.78,V0_ANALYTICAL_BASELINE,"DERIVED: FROZEN MATURE ANALOG DATA (APS-001, IMH-001) + SYNTHETIC PLANNING ASSUMPTIONS"
CYCLE_01_2026-08,2026-08-24,2026-11,3,3,HIS-001,ECOM,RAMP,BASE,NORMAL,1377.91,0.0,1377.91,1377.91,V0_ANALYTICAL_BASELINE,"DERIVED: FROZEN MATURE ANALOG DATA (APS-001, IMH-001) + SYNTHETIC PLANNING ASSUMPTIONS"
CYCLE_01_2026-08,2026-08-24,2026-11,3,3,HIS-001,ECOM,RAMP,BASE,SEVERE,1377.91,0.056,1455.06,1455.06,V0_ANALYTICAL_BASELINE,"DERIVED: FROZEN MATURE ANALOG DATA (APS-001, IMH-001) + SYNTHETIC PLANNING ASSUMPTIONS"
CYCLE_01_2026-08,2026-08-24,2026-11,3,3,HIS-001,ECOM,RAMP,HIGH,NORMAL,1722.38,0.0,1722.38,1722.38,V0_ANALYTICAL_BASELINE,"DERIVED: FROZEN MATURE ANALOG DATA (APS-001, IMH-001) + SYNTHETIC PLANNING ASSUMPTIONS"
CYCLE_01_2026-08,2026-08-24,2026-11,3,3,HIS-001,ECOM,RAMP,LOW,NORMAL,1033.42,0.0,1033.42,1033.42,V0_ANALYTICAL_BASELINE,"DERIVED: FROZEN MATURE ANALOG DATA (APS-001, IMH-001) + SYNTHETIC PLANNING ASSUMPTIONS"
CYCLE_01_2026-08,2026-08-24,2026-11,3,3,HIS-001,RETAIL,RAMP,BASE,MILD,1071.7,-0.04,1028.84,1028.84,V0_ANALYTICAL_BASELINE,"DERIVED: FROZEN MATURE ANALOG DATA (APS-001, IMH-001) + SYNTHETIC PLANNING ASSUMPTIONS"
CYCLE_01_2026-08,2026-08-24,2026-11,3,3,HIS-001,RETAIL,RAMP,BASE,NORMAL,1071.7,0.0,1071.7,1071.7,V0_ANALYTICAL_BASELINE,"DERIVED: FROZEN MATURE ANALOG DATA (APS-001, IMH-001) + SYNTHETIC PLANNING ASSUMPTIONS"
CYCLE_01_2026-08,2026-08-24,2026-11,3,3,HIS-001,RETAIL,RAMP,BASE,SEVERE,1071.7,0.056,1131.72,1131.72,V0_ANALYTICAL_BASELINE,"DERIVED: FROZEN MATURE ANALOG DATA (APS-001, IMH-001) + SYNTHETIC PLANNING ASSUMPTIONS"
CYCLE_01_2026-08,2026-08-24,2026-11,3,3,HIS-001,RETAIL,RAMP,HIGH,NORMAL,1339.62,0.0,1339.62,1339.62,V0_ANALYTICAL_BASELINE,"DERIVED: FROZEN MATURE ANALOG DATA (APS-001, IMH-001) + SYNTHETIC PLANNING ASSUMPTIONS"
CYCLE_01_2026-08,2026-08-24,2026-11,3,3,HIS-001,RETAIL,RAMP,LOW,NORMAL,803.78,0.0,803.78,803.78,V0_ANALYTICAL_BASELINE,"DERIVED: FROZEN MATURE ANALOG DATA (APS-001, IMH-001) + SYNTHETIC PLANNING ASSUMPTIONS"
CYCLE_01_2026-08,2026-08-24,2026-11,3,3,HIS-001,WHOLESALE,RAMP,BASE,MILD,612.4,-0.04,587.9,587.9,V0_ANALYTICAL_BASELINE,"DERIVED: FROZEN MATURE ANALOG DATA (APS-001, IMH-001) + SYNTHETIC PLANNING ASSUMPTIONS"
CYCLE_01_2026-08,2026-08-24,2026-11,3,3,HIS-001,WHOLESALE,RAMP,BASE,NORMAL,612.4,0.0,612.4,612.4,V0_ANALYTICAL_BASELINE,"DERIVED: FROZEN MATURE ANALOG DATA (APS-001, IMH-001) + SYNTHETIC PLANNING ASSUMPTIONS"
CYCLE_01_2026-08,2026-08-24,2026-11,3,3,HIS-001,WHOLESALE,RAMP,BASE,SEVERE,612.4,0.056,646.69,646.69,V0_ANALYTICAL_BASELINE,"DERIVED: FROZEN MATURE ANALOG DATA (APS-001, IMH-001) + SYNTHETIC PLANNING ASSUMPTIONS"
CYCLE_01_2026-08,2026-08-24,2026-11,3,3,HIS-001,WHOLESALE,RAMP,HIGH,NORMAL,765.5,0.0,765.5,765.5,V0_ANALYTICAL_BASELINE,"DERIVED: FROZEN MATURE ANALOG DATA (APS-001, IMH-001) + SYNTHETIC PLANNING ASSUMPTIONS"
CYCLE_01_2026-08,2026-08-24,2026-11,3,3,HIS-001,WHOLESALE,RAMP,LOW,NORMAL,459.3,0.0,459.3,459.3,V0_ANALYTICAL_BASELINE,"DERIVED: FROZEN MATURE ANALOG DATA (APS-001, IMH-001) + SYNTHETIC PLANNING ASSUMPTIONS"
CYCLE_01_2026-08,2026-08-24,2026-12,4,4,HIS-001,ECOM,SEASONAL PEAK,BASE,MILD,1927.65,-0.04,1850.55,1850.55,V0_ANALYTICAL_BASELINE,"DERIVED: FROZEN MATURE ANALOG DATA (APS-001, IMH-001) + SYNTHETIC PLANNING ASSUMPTIONS"
CYCLE_01_2026-08,2026-08-24,2026-12,4,4,HIS-001,ECOM,SEASONAL PEAK,BASE,NORMAL,1927.65,0.0,1927.65,1927.65,V0_ANALYTICAL_BASELINE,"DERIVED: FROZEN MATURE ANALOG DATA (APS-001, IMH-001) + SYNTHETIC PLANNING ASSUMPTIONS"
CYCLE_01_2026-08,2026-08-24,2026-12,4,4,HIS-001,ECOM,SEASONAL PEAK,BASE,SEVERE,1927.65,0.056,2035.6,2035.6,V0_ANALYTICAL_BASELINE,"DERIVED: FROZEN MATURE ANALOG DATA (APS-001, IMH-001) + SYNTHETIC PLANNING ASSUMPTIONS"
CYCLE_01_2026-08,2026-08-24,2026-12,4,4,HIS-001,ECOM,SEASONAL PEAK,HIGH,NORMAL,2409.55,0.0,2409.55,2409.55,V0_ANALYTICAL_BASELINE,"DERIVED: FROZEN MATURE ANALOG DATA (APS-001, IMH-001) + SYNTHETIC PLANNING ASSUMPTIONS"
CYCLE_01_2026-08,2026-08-24,2026-12,4,4,HIS-001,ECOM,SEASONAL PEAK,LOW,NORMAL,1445.7,0.0,1445.7,1445.7,V0_ANALYTICAL_BASELINE,"DERIVED: FROZEN MATURE ANALOG DATA (APS-001, IMH-001) + SYNTHETIC PLANNING ASSUMPTIONS"
CYCLE_01_2026-08,2026-08-24,2026-12,4,4,HIS-001,RETAIL,SEASONAL PEAK,BASE,MILD,1499.25,-0.04,1439.3,1439.3,V0_ANALYTICAL_BASELINE,"DERIVED: FROZEN MATURE ANALOG DATA (APS-001, IMH-001) + SYNTHETIC PLANNING ASSUMPTIONS"
CYCLE_01_2026-08,2026-08-24,2026-12,4,4,HIS-001,RETAIL,SEASONAL PEAK,BASE,NORMAL,1499.25,0.0,1499.25,1499.25,V0_ANALYTICAL_BASELINE,"DERIVED: FROZEN MATURE ANALOG DATA (APS-001, IMH-001) + SYNTHETIC PLANNING ASSUMPTIONS"
CYCLE_01_2026-08,2026-08-24,2026-12,4,4,HIS-001,RETAIL,SEASONAL PEAK,BASE,SEVERE,1499.25,0.056,1583.25,1583.25,V0_ANALYTICAL_BASELINE,"DERIVED: FROZEN MATURE ANALOG DATA (APS-001, IMH-001) + SYNTHETIC PLANNING ASSUMPTIONS"
CYCLE_01_2026-08,2026-08-24,2026-12,4,4,HIS-001,RETAIL,SEASONAL PEAK,HIGH,NORMAL,1874.1,0.0,1874.1,1874.1,V0_ANALYTICAL_BASELINE,"DERIVED: FROZEN MATURE ANALOG DATA (APS-001, IMH-001) + SYNTHETIC PLANNING ASSUMPTIONS"
CYCLE_01_2026-08,2026-08-24,2026-12,4,4,HIS-001,RETAIL,SEASONAL PEAK,LOW,NORMAL,1124.45,0.0,1124.45,1124.45,V0_ANALYTICAL_BASELINE,"DERIVED: FROZEN MATURE ANALOG DATA (APS-001, IMH-001) + SYNTHETIC PLANNING ASSUMPTIONS"
CYCLE_01_2026-08,2026-08-24,2026-12,4,4,HIS-001,WHOLESALE,SEASONAL PEAK,BASE,MILD,856.75,-0.04,822.45,822.45,V0_ANALYTICAL_BASELINE,"DERIVED: FROZEN MATURE ANALOG DATA (APS-001, IMH-001) + SYNTHETIC PLANNING ASSUMPTIONS"
CYCLE_01_2026-08,2026-08-24,2026-12,4,4,HIS-001,WHOLESALE,SEASONAL PEAK,BASE,NORMAL,856.75,0.0,856.75,856.75,V0_ANALYTICAL_BASELINE,"DERIVED: FROZEN MATURE ANALOG DATA (APS-001, IMH-001) + SYNTHETIC PLANNING ASSUMPTIONS"
CYCLE_01_2026-08,2026-08-24,2026-12,4,4,HIS-001,WHOLESALE,SEASONAL PEAK,BASE,SEVERE,856.75,0.056,904.7,904.7,V0_ANALYTICAL_BASELINE,"DERIVED: FROZEN MATURE ANALOG DATA (APS-001, IMH-001) + SYNTHETIC PLANNING ASSUMPTIONS"
CYCLE_01_2026-08,2026-08-24,2026-12,4,4,HIS-001,WHOLESALE,SEASONAL PEAK,HIGH,NORMAL,1070.9,0.0,1070.9,1070.9,V0_ANALYTICAL_BASELINE,"DERIVED: FROZEN MATURE ANALOG DATA (APS-001, IMH-001) + SYNTHETIC PLANNING ASSUMPTIONS"
CYCLE_01_2026-08,2026-08-24,2026-12,4,4,HIS-001,WHOLESALE,SEASONAL PEAK,LOW,NORMAL,642.55,0.0,642.55,642.55,V0_ANALYTICAL_BASELINE,"DERIVED: FROZEN MATURE ANALOG DATA (APS-001, IMH-001) + SYNTHETIC PLANNING ASSUMPTIONS"
CYCLE_01_2026-08,2026-08-24,2027-01,5,5,HIS-001,ECOM,NORMALIZATION,BASE,MILD,1393.47,-0.04,1337.73,1337.73,V0_ANALYTICAL_BASELINE,"DERIVED: FROZEN MATURE ANALOG DATA (APS-001, IMH-001) + SYNTHETIC PLANNING ASSUMPTIONS"
CYCLE_01_2026-08,2026-08-24,2027-01,5,5,HIS-001,ECOM,NORMALIZATION,BASE,NORMAL,1393.47,0.0,1393.47,1393.47,V0_ANALYTICAL_BASELINE,"DERIVED: FROZEN MATURE ANALOG DATA (APS-001, IMH-001) + SYNTHETIC PLANNING ASSUMPTIONS"
CYCLE_01_2026-08,2026-08-24,2027-01,5,5,HIS-001,ECOM,NORMALIZATION,BASE,SEVERE,1393.47,0.056,1471.52,1471.52,V0_ANALYTICAL_BASELINE,"DERIVED: FROZEN MATURE ANALOG DATA (APS-001, IMH-001) + SYNTHETIC PLANNING ASSUMPTIONS"
CYCLE_01_2026-08,2026-08-24,2027-01,5,5,HIS-001,ECOM,NORMALIZATION,HIGH,NORMAL,1741.84,0.0,1741.84,1741.84,V0_ANALYTICAL_BASELINE,"DERIVED: FROZEN MATURE ANALOG DATA (APS-001, IMH-001) + SYNTHETIC PLANNING ASSUMPTIONS"
CYCLE_01_2026-08,2026-08-24,2027-01,5,5,HIS-001,ECOM,NORMALIZATION,LOW,NORMAL,1045.11,0.0,1045.11,1045.11,V0_ANALYTICAL_BASELINE,"DERIVED: FROZEN MATURE ANALOG DATA (APS-001, IMH-001) + SYNTHETIC PLANNING ASSUMPTIONS"
CYCLE_01_2026-08,2026-08-24,2027-01,5,5,HIS-001,RETAIL,NORMALIZATION,BASE,MILD,1083.81,-0.04,1040.45,1040.45,V0_ANALYTICAL_BASELINE,"DERIVED: FROZEN MATURE ANALOG DATA (APS-001, IMH-001) + SYNTHETIC PLANNING ASSUMPTIONS"
CYCLE_01_2026-08,2026-08-24,2027-01,5,5,HIS-001,RETAIL,NORMALIZATION,BASE,NORMAL,1083.81,0.0,1083.81,1083.81,V0_ANALYTICAL_BASELINE,"DERIVED: FROZEN MATURE ANALOG DATA (APS-001, IMH-001) + SYNTHETIC PLANNING ASSUMPTIONS"
CYCLE_01_2026-08,2026-08-24,2027-01,5,5,HIS-001,RETAIL,NORMALIZATION,BASE,SEVERE,1083.81,0.056,1144.49,1144.49,V0_ANALYTICAL_BASELINE,"DERIVED: FROZEN MATURE ANALOG DATA (APS-001, IMH-001) + SYNTHETIC PLANNING ASSUMPTIONS"
CYCLE_01_2026-08,2026-08-24,2027-01,5,5,HIS-001,RETAIL,NORMALIZATION,HIGH,NORMAL,1354.77,0.0,1354.77,1354.77,V0_ANALYTICAL_BASELINE,"DERIVED: FROZEN MATURE ANALOG DATA (APS-001, IMH-001) + SYNTHETIC PLANNING ASSUMPTIONS"
CYCLE_01_2026-08,2026-08-24,2027-01,5,5,HIS-001,RETAIL,NORMALIZATION,LOW,NORMAL,812.87,0.0,812.87,812.87,V0_ANALYTICAL_BASELINE,"DERIVED: FROZEN MATURE ANALOG DATA (APS-001, IMH-001) + SYNTHETIC PLANNING ASSUMPTIONS"
CYCLE_01_2026-08,2026-08-24,2027-01,5,5,HIS-001,WHOLESALE,NORMALIZATION,BASE,MILD,619.3,-0.0399,594.56,594.56,V0_ANALYTICAL_BASELINE,"DERIVED: FROZEN MATURE ANALOG DATA (APS-001, IMH-001) + SYNTHETIC PLANNING ASSUMPTIONS"
CYCLE_01_2026-08,2026-08-24,2027-01,5,5,HIS-001,WHOLESALE,NORMALIZATION,BASE,NORMAL,619.3,0.0,619.3,619.3,V0_ANALYTICAL_BASELINE,"DERIVED: FROZEN MATURE ANALOG DATA (APS-001, IMH-001) + SYNTHETIC PLANNING ASSUMPTIONS"
CYCLE_01_2026-08,2026-08-24,2027-01,5,5,HIS-001,WHOLESALE,NORMALIZATION,BASE,SEVERE,619.3,0.056,653.99,653.99,V0_ANALYTICAL_BASELINE,"DERIVED: FROZEN MATURE ANALOG DATA (APS-001, IMH-001) + SYNTHETIC PLANNING ASSUMPTIONS"
CYCLE_01_2026-08,2026-08-24,2027-01,5,5,HIS-001,WHOLESALE,NORMALIZATION,HIGH,NORMAL,774.14,0.0,774.14,774.14,V0_ANALYTICAL_BASELINE,"DERIVED: FROZEN MATURE ANALOG DATA (APS-001, IMH-001) + SYNTHETIC PLANNING ASSUMPTIONS"
CYCLE_01_2026-08,2026-08-24,2027-01,5,5,HIS-001,WHOLESALE,NORMALIZATION,LOW,NORMAL,464.5,0.0,464.5,464.5,V0_ANALYTICAL_BASELINE,"DERIVED: FROZEN MATURE ANALOG DATA (APS-001, IMH-001) + SYNTHETIC PLANNING ASSUMPTIONS"
CYCLE_01_2026-08,2026-08-24,2027-02,6,6,HIS-001,ECOM,NORMALIZATION,BASE,MILD,1270.76,-0.04,1219.94,1219.94,V0_ANALYTICAL_BASELINE,"DERIVED: FROZEN MATURE ANALOG DATA (APS-001, IMH-001) + SYNTHETIC PLANNING ASSUMPTIONS"
CYCLE_01_2026-08,2026-08-24,2027-02,6,6,HIS-001,ECOM,NORMALIZATION,BASE,NORMAL,1270.76,0.0,1270.76,1270.76,V0_ANALYTICAL_BASELINE,"DERIVED: FROZEN MATURE ANALOG DATA (APS-001, IMH-001) + SYNTHETIC PLANNING ASSUMPTIONS"
CYCLE_01_2026-08,2026-08-24,2027-02,6,6,HIS-001,ECOM,NORMALIZATION,BASE,SEVERE,1270.76,0.056,1341.91,1341.91,V0_ANALYTICAL_BASELINE,"DERIVED: FROZEN MATURE ANALOG DATA (APS-001, IMH-001) + SYNTHETIC PLANNING ASSUMPTIONS"
CYCLE_01_2026-08,2026-08-24,2027-02,6,6,HIS-001,ECOM,NORMALIZATION,HIGH,NORMAL,1588.45,0.0,1588.45,1588.45,V0_ANALYTICAL_BASELINE,"DERIVED: FROZEN MATURE ANALOG DATA (APS-001, IMH-001) + SYNTHETIC PLANNING ASSUMPTIONS"
CYCLE_01_2026-08,2026-08-24,2027-02,6,6,HIS-001,ECOM,NORMALIZATION,LOW,NORMAL,953.07,0.0,953.07,953.07,V0_ANALYTICAL_BASELINE,"DERIVED: FROZEN MATURE ANALOG DATA (APS-001, IMH-001) + SYNTHETIC PLANNING ASSUMPTIONS"
CYCLE_01_2026-08,2026-08-24,2027-02,6,6,HIS-001,RETAIL,NORMALIZATION,BASE,MILD,988.37,-0.04,948.83,948.83,V0_ANALYTICAL_BASELINE,"DERIVED: FROZEN MATURE ANALOG DATA (APS-001, IMH-001) + SYNTHETIC PLANNING ASSUMPTIONS"
CYCLE_01_2026-08,2026-08-24,2027-02,6,6,HIS-001,RETAIL,NORMALIZATION,BASE,NORMAL,988.37,0.0,988.37,988.37,V0_ANALYTICAL_BASELINE,"DERIVED: FROZEN MATURE ANALOG DATA (APS-001, IMH-001) + SYNTHETIC PLANNING ASSUMPTIONS"
CYCLE_01_2026-08,2026-08-24,2027-02,6,6,HIS-001,RETAIL,NORMALIZATION,BASE,SEVERE,988.37,0.056,1043.71,1043.71,V0_ANALYTICAL_BASELINE,"DERIVED: FROZEN MATURE ANALOG DATA (APS-001, IMH-001) + SYNTHETIC PLANNING ASSUMPTIONS"
CYCLE_01_2026-08,2026-08-24,2027-02,6,6,HIS-001,RETAIL,NORMALIZATION,HIGH,NORMAL,1235.46,0.0,1235.46,1235.46,V0_ANALYTICAL_BASELINE,"DERIVED: FROZEN MATURE ANALOG DATA (APS-001, IMH-001) + SYNTHETIC PLANNING ASSUMPTIONS"
CYCLE_01_2026-08,2026-08-24,2027-02,6,6,HIS-001,RETAIL,NORMALIZATION,LOW,NORMAL,741.29,0.0,741.29,741.29,V0_ANALYTICAL_BASELINE,"DERIVED: FROZEN MATURE ANALOG DATA (APS-001, IMH-001) + SYNTHETIC PLANNING ASSUMPTIONS"
CYCLE_01_2026-08,2026-08-24,2027-02,6,6,HIS-001,WHOLESALE,NORMALIZATION,BASE,MILD,564.77,-0.04,542.19,542.19,V0_ANALYTICAL_BASELINE,"DERIVED: FROZEN MATURE ANALOG DATA (APS-001, IMH-001) + SYNTHETIC PLANNING ASSUMPTIONS"
CYCLE_01_2026-08,2026-08-24,2027-02,6,6,HIS-001,WHOLESALE,NORMALIZATION,BASE,NORMAL,564.77,0.0,564.77,564.77,V0_ANALYTICAL_BASELINE,"DERIVED: FROZEN MATURE ANALOG DATA (APS-001, IMH-001) + SYNTHETIC PLANNING ASSUMPTIONS"
CYCLE_01_2026-08,2026-08-24,2027-02,6,6,HIS-001,WHOLESALE,NORMALIZATION,BASE,SEVERE,564.77,0.056,596.41,596.41,V0_ANALYTICAL_BASELINE,"DERIVED: FROZEN MATURE ANALOG DATA (APS-001, IMH-001) + SYNTHETIC PLANNING ASSUMPTIONS"
CYCLE_01_2026-08,2026-08-24,2027-02,6,6,HIS-001,WHOLESALE,NORMALIZATION,HIGH,NORMAL,705.98,0.0,705.98,705.98,V0_ANALYTICAL_BASELINE,"DERIVED: FROZEN MATURE ANALOG DATA (APS-001, IMH-001) + SYNTHETIC PLANNING ASSUMPTIONS"
CYCLE_01_2026-08,2026-08-24,2027-02,6,6,HIS-001,WHOLESALE,NORMALIZATION,LOW,NORMAL,423.6,0.0,423.6,423.6,V0_ANALYTICAL_BASELINE,"DERIVED: FROZEN MATURE ANALOG DATA (APS-001, IMH-001) + SYNTHETIC PLANNING ASSUMPTIONS"
CYCLE_01_2026-08,2026-08-24,2027-03,7,7,HIS-001,ECOM,NORMALIZATION,BASE,MILD,1058.96,-0.04,1016.61,1016.61,V0_ANALYTICAL_BASELINE,"DERIVED: FROZEN MATURE ANALOG DATA (APS-001, IMH-001) + SYNTHETIC PLANNING ASSUMPTIONS"
CYCLE_01_2026-08,2026-08-24,2027-03,7,7,HIS-001,ECOM,NORMALIZATION,BASE,NORMAL,1058.96,0.0,1058.96,1058.96,V0_ANALYTICAL_BASELINE,"DERIVED: FROZEN MATURE ANALOG DATA (APS-001, IMH-001) + SYNTHETIC PLANNING ASSUMPTIONS"
CYCLE_01_2026-08,2026-08-24,2027-03,7,7,HIS-001,ECOM,NORMALIZATION,BASE,SEVERE,1058.96,0.056,1118.25,1118.25,V0_ANALYTICAL_BASELINE,"DERIVED: FROZEN MATURE ANALOG DATA (APS-001, IMH-001) + SYNTHETIC PLANNING ASSUMPTIONS"
CYCLE_01_2026-08,2026-08-24,2027-03,7,7,HIS-001,ECOM,NORMALIZATION,HIGH,NORMAL,1323.7,0.0,1323.7,1323.7,V0_ANALYTICAL_BASELINE,"DERIVED: FROZEN MATURE ANALOG DATA (APS-001, IMH-001) + SYNTHETIC PLANNING ASSUMPTIONS"
CYCLE_01_2026-08,2026-08-24,2027-03,7,7,HIS-001,ECOM,NORMALIZATION,LOW,NORMAL,794.22,0.0,794.22,794.22,V0_ANALYTICAL_BASELINE,"DERIVED: FROZEN MATURE ANALOG DATA (APS-001, IMH-001) + SYNTHETIC PLANNING ASSUMPTIONS"
CYCLE_01_2026-08,2026-08-24,2027-03,7,7,HIS-001,RETAIL,NORMALIZATION,BASE,MILD,823.62,-0.04,790.67,790.67,V0_ANALYTICAL_BASELINE,"DERIVED: FROZEN MATURE ANALOG DATA (APS-001, IMH-001) + SYNTHETIC PLANNING ASSUMPTIONS"
CYCLE_01_2026-08,2026-08-24,2027-03,7,7,HIS-001,RETAIL,NORMALIZATION,BASE,NORMAL,823.62,0.0,823.62,823.62,V0_ANALYTICAL_BASELINE,"DERIVED: FROZEN MATURE ANALOG DATA (APS-001, IMH-001) + SYNTHETIC PLANNING ASSUMPTIONS"
CYCLE_01_2026-08,2026-08-24,2027-03,7,7,HIS-001,RETAIL,NORMALIZATION,BASE,SEVERE,823.62,0.056,869.74,869.74,V0_ANALYTICAL_BASELINE,"DERIVED: FROZEN MATURE ANALOG DATA (APS-001, IMH-001) + SYNTHETIC PLANNING ASSUMPTIONS"
CYCLE_01_2026-08,2026-08-24,2027-03,7,7,HIS-001,RETAIL,NORMALIZATION,HIGH,NORMAL,1029.53,0.0,1029.53,1029.53,V0_ANALYTICAL_BASELINE,"DERIVED: FROZEN MATURE ANALOG DATA (APS-001, IMH-001) + SYNTHETIC PLANNING ASSUMPTIONS"
CYCLE_01_2026-08,2026-08-24,2027-03,7,7,HIS-001,RETAIL,NORMALIZATION,LOW,NORMAL,617.74,0.0,617.74,617.74,V0_ANALYTICAL_BASELINE,"DERIVED: FROZEN MATURE ANALOG DATA (APS-001, IMH-001) + SYNTHETIC PLANNING ASSUMPTIONS"
CYCLE_01_2026-08,2026-08-24,2027-03,7,7,HIS-001,WHOLESALE,NORMALIZATION,BASE,MILD,470.65,-0.04,451.81,451.81,V0_ANALYTICAL_BASELINE,"DERIVED: FROZEN MATURE ANALOG DATA (APS-001, IMH-001) + SYNTHETIC PLANNING ASSUMPTIONS"
CYCLE_01_2026-08,2026-08-24,2027-03,7,7,HIS-001,WHOLESALE,NORMALIZATION,BASE,NORMAL,470.65,0.0,470.65,470.65,V0_ANALYTICAL_BASELINE,"DERIVED: FROZEN MATURE ANALOG DATA (APS-001, IMH-001) + SYNTHETIC PLANNING ASSUMPTIONS"
CYCLE_01_2026-08,2026-08-24,2027-03,7,7,HIS-001,WHOLESALE,NORMALIZATION,BASE,SEVERE,470.65,0.056,497.0,497.0,V0_ANALYTICAL_BASELINE,"DERIVED: FROZEN MATURE ANALOG DATA (APS-001, IMH-001) + SYNTHETIC PLANNING ASSUMPTIONS"
CYCLE_01_2026-08,2026-08-24,2027-03,7,7,HIS-001,WHOLESALE,NORMALIZATION,HIGH,NORMAL,588.31,0.0,588.31,588.31,V0_ANALYTICAL_BASELINE,"DERIVED: FROZEN MATURE ANALOG DATA (APS-001, IMH-001) + SYNTHETIC PLANNING ASSUMPTIONS"
CYCLE_01_2026-08,2026-08-24,2027-03,7,7,HIS-001,WHOLESALE,NORMALIZATION,LOW,NORMAL,353.0,0.0,353.0,353.0,V0_ANALYTICAL_BASELINE,"DERIVED: FROZEN MATURE ANALOG DATA (APS-001, IMH-001) + SYNTHETIC PLANNING ASSUMPTIONS"
CYCLE_01_2026-08,2026-08-24,2027-04,8,8,HIS-001,ECOM,NORMALIZATION,BASE,MILD,1063.57,-0.04,1021.03,1021.03,V0_ANALYTICAL_BASELINE,"DERIVED: FROZEN MATURE ANALOG DATA (APS-001, IMH-001) + SYNTHETIC PLANNING ASSUMPTIONS"
CYCLE_01_2026-08,2026-08-24,2027-04,8,8,HIS-001,ECOM,NORMALIZATION,BASE,NORMAL,1063.57,0.0,1063.57,1063.57,V0_ANALYTICAL_BASELINE,"DERIVED: FROZEN MATURE ANALOG DATA (APS-001, IMH-001) + SYNTHETIC PLANNING ASSUMPTIONS"
CYCLE_01_2026-08,2026-08-24,2027-04,8,8,HIS-001,ECOM,NORMALIZATION,BASE,SEVERE,1063.57,0.056,1123.13,1123.13,V0_ANALYTICAL_BASELINE,"DERIVED: FROZEN MATURE ANALOG DATA (APS-001, IMH-001) + SYNTHETIC PLANNING ASSUMPTIONS"
CYCLE_01_2026-08,2026-08-24,2027-04,8,8,HIS-001,ECOM,NORMALIZATION,HIGH,NORMAL,1329.47,0.0,1329.47,1329.47,V0_ANALYTICAL_BASELINE,"DERIVED: FROZEN MATURE ANALOG DATA (APS-001, IMH-001) + SYNTHETIC PLANNING ASSUMPTIONS"
CYCLE_01_2026-08,2026-08-24,2027-04,8,8,HIS-001,ECOM,NORMALIZATION,LOW,NORMAL,797.68,0.0,797.68,797.68,V0_ANALYTICAL_BASELINE,"DERIVED: FROZEN MATURE ANALOG DATA (APS-001, IMH-001) + SYNTHETIC PLANNING ASSUMPTIONS"
CYCLE_01_2026-08,2026-08-24,2027-04,8,8,HIS-001,RETAIL,NORMALIZATION,BASE,MILD,827.2,-0.04,794.13,794.13,V0_ANALYTICAL_BASELINE,"DERIVED: FROZEN MATURE ANALOG DATA (APS-001, IMH-001) + SYNTHETIC PLANNING ASSUMPTIONS"
CYCLE_01_2026-08,2026-08-24,2027-04,8,8,HIS-001,RETAIL,NORMALIZATION,BASE,NORMAL,827.2,0.0,827.2,827.2,V0_ANALYTICAL_BASELINE,"DERIVED: FROZEN MATURE ANALOG DATA (APS-001, IMH-001) + SYNTHETIC PLANNING ASSUMPTIONS"
CYCLE_01_2026-08,2026-08-24,2027-04,8,8,HIS-001,RETAIL,NORMALIZATION,BASE,SEVERE,827.2,0.056,873.55,873.55,V0_ANALYTICAL_BASELINE,"DERIVED: FROZEN MATURE ANALOG DATA (APS-001, IMH-001) + SYNTHETIC PLANNING ASSUMPTIONS"
CYCLE_01_2026-08,2026-08-24,2027-04,8,8,HIS-001,RETAIL,NORMALIZATION,HIGH,NORMAL,1034.01,0.0,1034.01,1034.01,V0_ANALYTICAL_BASELINE,"DERIVED: FROZEN MATURE ANALOG DATA (APS-001, IMH-001) + SYNTHETIC PLANNING ASSUMPTIONS"
CYCLE_01_2026-08,2026-08-24,2027-04,8,8,HIS-001,RETAIL,NORMALIZATION,LOW,NORMAL,620.43,0.0,620.43,620.43,V0_ANALYTICAL_BASELINE,"DERIVED: FROZEN MATURE ANALOG DATA (APS-001, IMH-001) + SYNTHETIC PLANNING ASSUMPTIONS"
CYCLE_01_2026-08,2026-08-24,2027-04,8,8,HIS-001,WHOLESALE,NORMALIZATION,BASE,MILD,472.7,-0.04,453.77,453.77,V0_ANALYTICAL_BASELINE,"DERIVED: FROZEN MATURE ANALOG DATA (APS-001, IMH-001) + SYNTHETIC PLANNING ASSUMPTIONS"
CYCLE_01_2026-08,2026-08-24,2027-04,8,8,HIS-001,WHOLESALE,NORMALIZATION,BASE,NORMAL,472.7,0.0,472.7,472.7,V0_ANALYTICAL_BASELINE,"DERIVED: FROZEN MATURE ANALOG DATA (APS-001, IMH-001) + SYNTHETIC PLANNING ASSUMPTIONS"
CYCLE_01_2026-08,2026-08-24,2027-04,8,8,HIS-001,WHOLESALE,NORMALIZATION,BASE,SEVERE,472.7,0.056,499.16,499.16,V0_ANALYTICAL_BASELINE,"DERIVED: FROZEN MATURE ANALOG DATA (APS-001, IMH-001) + SYNTHETIC PLANNING ASSUMPTIONS"
CYCLE_01_2026-08,2026-08-24,2027-04,8,8,HIS-001,WHOLESALE,NORMALIZATION,HIGH,NORMAL,590.87,0.0,590.87,590.87,V0_ANALYTICAL_BASELINE,"DERIVED: FROZEN MATURE ANALOG DATA (APS-001, IMH-001) + SYNTHETIC PLANNING ASSUMPTIONS"
CYCLE_01_2026-08,2026-08-24,2027-04,8,8,HIS-001,WHOLESALE,NORMALIZATION,LOW,NORMAL,354.54,0.0,354.54,354.54,V0_ANALYTICAL_BASELINE,"DERIVED: FROZEN MATURE ANALOG DATA (APS-001, IMH-001) + SYNTHETIC PLANNING ASSUMPTIONS"
CYCLE_01_2026-08,2026-08-24,2027-05,9,9,HIS-001,ECOM,NORMALIZATION,BASE,MILD,677.54,-0.04,650.44,650.44,V0_ANALYTICAL_BASELINE,"DERIVED: FROZEN MATURE ANALOG DATA (APS-001, IMH-001) + SYNTHETIC PLANNING ASSUMPTIONS"
CYCLE_01_2026-08,2026-08-24,2027-05,9,9,HIS-001,ECOM,NORMALIZATION,BASE,NORMAL,677.54,0.0,677.54,677.54,V0_ANALYTICAL_BASELINE,"DERIVED: FROZEN MATURE ANALOG DATA (APS-001, IMH-001) + SYNTHETIC PLANNING ASSUMPTIONS"
CYCLE_01_2026-08,2026-08-24,2027-05,9,9,HIS-001,ECOM,NORMALIZATION,BASE,SEVERE,677.54,0.056,715.48,715.48,V0_ANALYTICAL_BASELINE,"DERIVED: FROZEN MATURE ANALOG DATA (APS-001, IMH-001) + SYNTHETIC PLANNING ASSUMPTIONS"
CYCLE_01_2026-08,2026-08-24,2027-05,9,9,HIS-001,ECOM,NORMALIZATION,HIGH,NORMAL,846.91,0.0,846.91,846.91,V0_ANALYTICAL_BASELINE,"DERIVED: FROZEN MATURE ANALOG DATA (APS-001, IMH-001) + SYNTHETIC PLANNING ASSUMPTIONS"
CYCLE_01_2026-08,2026-08-24,2027-05,9,9,HIS-001,ECOM,NORMALIZATION,LOW,NORMAL,508.14,0.0,508.14,508.14,V0_ANALYTICAL_BASELINE,"DERIVED: FROZEN MATURE ANALOG DATA (APS-001, IMH-001) + SYNTHETIC PLANNING ASSUMPTIONS"
CYCLE_01_2026-08,2026-08-24,2027-05,9,9,HIS-001,RETAIL,NORMALIZATION,BASE,MILD,526.98,-0.04,505.9,505.9,V0_ANALYTICAL_BASELINE,"DERIVED: FROZEN MATURE ANALOG DATA (APS-001, IMH-001) + SYNTHETIC PLANNING ASSUMPTIONS"
CYCLE_01_2026-08,2026-08-24,2027-05,9,9,HIS-001,RETAIL,NORMALIZATION,BASE,NORMAL,526.98,0.0,526.98,526.98,V0_ANALYTICAL_BASELINE,"DERIVED: FROZEN MATURE ANALOG DATA (APS-001, IMH-001) + SYNTHETIC PLANNING ASSUMPTIONS"
CYCLE_01_2026-08,2026-08-24,2027-05,9,9,HIS-001,RETAIL,NORMALIZATION,BASE,SEVERE,526.98,0.056,556.47,556.47,V0_ANALYTICAL_BASELINE,"DERIVED: FROZEN MATURE ANALOG DATA (APS-001, IMH-001) + SYNTHETIC PLANNING ASSUMPTIONS"
CYCLE_01_2026-08,2026-08-24,2027-05,9,9,HIS-001,RETAIL,NORMALIZATION,HIGH,NORMAL,658.7,0.0,658.7,658.7,V0_ANALYTICAL_BASELINE,"DERIVED: FROZEN MATURE ANALOG DATA (APS-001, IMH-001) + SYNTHETIC PLANNING ASSUMPTIONS"
CYCLE_01_2026-08,2026-08-24,2027-05,9,9,HIS-001,RETAIL,NORMALIZATION,LOW,NORMAL,395.23,0.0,395.23,395.23,V0_ANALYTICAL_BASELINE,"DERIVED: FROZEN MATURE ANALOG DATA (APS-001, IMH-001) + SYNTHETIC PLANNING ASSUMPTIONS"
CYCLE_01_2026-08,2026-08-24,2027-05,9,9,HIS-001,WHOLESALE,NORMALIZATION,BASE,MILD,301.12,-0.04,289.08,289.08,V0_ANALYTICAL_BASELINE,"DERIVED: FROZEN MATURE ANALOG DATA (APS-001, IMH-001) + SYNTHETIC PLANNING ASSUMPTIONS"
CYCLE_01_2026-08,2026-08-24,2027-05,9,9,HIS-001,WHOLESALE,NORMALIZATION,BASE,NORMAL,301.12,0.0,301.12,301.12,V0_ANALYTICAL_BASELINE,"DERIVED: FROZEN MATURE ANALOG DATA (APS-001, IMH-001) + SYNTHETIC PLANNING ASSUMPTIONS"
CYCLE_01_2026-08,2026-08-24,2027-05,9,9,HIS-001,WHOLESALE,NORMALIZATION,BASE,SEVERE,301.12,0.056,317.99,317.99,V0_ANALYTICAL_BASELINE,"DERIVED: FROZEN MATURE ANALOG DATA (APS-001, IMH-001) + SYNTHETIC PLANNING ASSUMPTIONS"
CYCLE_01_2026-08,2026-08-24,2027-05,9,9,HIS-001,WHOLESALE,NORMALIZATION,HIGH,NORMAL,376.42,0.0,376.42,376.42,V0_ANALYTICAL_BASELINE,"DERIVED: FROZEN MATURE ANALOG DATA (APS-001, IMH-001) + SYNTHETIC PLANNING ASSUMPTIONS"
CYCLE_01_2026-08,2026-08-24,2027-05,9,9,HIS-001,WHOLESALE,NORMALIZATION,LOW,NORMAL,225.86,0.0,225.86,225.86,V0_ANALYTICAL_BASELINE,"DERIVED: FROZEN MATURE ANALOG DATA (APS-001, IMH-001) + SYNTHETIC PLANNING ASSUMPTIONS"
CYCLE_01_2026-08,2026-08-24,2027-06,10,10,HIS-001,ECOM,NORMALIZATION,BASE,MILD,588.44,-0.04,564.89,564.89,V0_ANALYTICAL_BASELINE,"DERIVED: FROZEN MATURE ANALOG DATA (APS-001, IMH-001) + SYNTHETIC PLANNING ASSUMPTIONS"
CYCLE_01_2026-08,2026-08-24,2027-06,10,10,HIS-001,ECOM,NORMALIZATION,BASE,NORMAL,588.44,0.0,588.44,588.44,V0_ANALYTICAL_BASELINE,"DERIVED: FROZEN MATURE ANALOG DATA (APS-001, IMH-001) + SYNTHETIC PLANNING ASSUMPTIONS"
CYCLE_01_2026-08,2026-08-24,2027-06,10,10,HIS-001,ECOM,NORMALIZATION,BASE,SEVERE,588.44,0.056,621.4,621.4,V0_ANALYTICAL_BASELINE,"DERIVED: FROZEN MATURE ANALOG DATA (APS-001, IMH-001) + SYNTHETIC PLANNING ASSUMPTIONS"
CYCLE_01_2026-08,2026-08-24,2027-06,10,10,HIS-001,ECOM,NORMALIZATION,HIGH,NORMAL,735.53,0.0,735.53,735.53,V0_ANALYTICAL_BASELINE,"DERIVED: FROZEN MATURE ANALOG DATA (APS-001, IMH-001) + SYNTHETIC PLANNING ASSUMPTIONS"
CYCLE_01_2026-08,2026-08-24,2027-06,10,10,HIS-001,ECOM,NORMALIZATION,LOW,NORMAL,441.31,0.0,441.31,441.31,V0_ANALYTICAL_BASELINE,"DERIVED: FROZEN MATURE ANALOG DATA (APS-001, IMH-001) + SYNTHETIC PLANNING ASSUMPTIONS"
CYCLE_01_2026-08,2026-08-24,2027-06,10,10,HIS-001,RETAIL,NORMALIZATION,BASE,MILD,457.67,-0.04,439.36,439.36,V0_ANALYTICAL_BASELINE,"DERIVED: FROZEN MATURE ANALOG DATA (APS-001, IMH-001) + SYNTHETIC PLANNING ASSUMPTIONS"
CYCLE_01_2026-08,2026-08-24,2027-06,10,10,HIS-001,RETAIL,NORMALIZATION,BASE,NORMAL,457.67,0.0,457.67,457.67,V0_ANALYTICAL_BASELINE,"DERIVED: FROZEN MATURE ANALOG DATA (APS-001, IMH-001) + SYNTHETIC PLANNING ASSUMPTIONS"
CYCLE_01_2026-08,2026-08-24,2027-06,10,10,HIS-001,RETAIL,NORMALIZATION,BASE,SEVERE,457.67,0.056,483.3,483.3,V0_ANALYTICAL_BASELINE,"DERIVED: FROZEN MATURE ANALOG DATA (APS-001, IMH-001) + SYNTHETIC PLANNING ASSUMPTIONS"
CYCLE_01_2026-08,2026-08-24,2027-06,10,10,HIS-001,RETAIL,NORMALIZATION,HIGH,NORMAL,572.08,0.0,572.08,572.08,V0_ANALYTICAL_BASELINE,"DERIVED: FROZEN MATURE ANALOG DATA (APS-001, IMH-001) + SYNTHETIC PLANNING ASSUMPTIONS"
CYCLE_01_2026-08,2026-08-24,2027-06,10,10,HIS-001,RETAIL,NORMALIZATION,LOW,NORMAL,343.25,0.0,343.25,343.25,V0_ANALYTICAL_BASELINE,"DERIVED: FROZEN MATURE ANALOG DATA (APS-001, IMH-001) + SYNTHETIC PLANNING ASSUMPTIONS"
CYCLE_01_2026-08,2026-08-24,2027-06,10,10,HIS-001,WHOLESALE,NORMALIZATION,BASE,MILD,261.51,-0.04,251.06,251.06,V0_ANALYTICAL_BASELINE,"DERIVED: FROZEN MATURE ANALOG DATA (APS-001, IMH-001) + SYNTHETIC PLANNING ASSUMPTIONS"
CYCLE_01_2026-08,2026-08-24,2027-06,10,10,HIS-001,WHOLESALE,NORMALIZATION,BASE,NORMAL,261.51,0.0,261.51,261.51,V0_ANALYTICAL_BASELINE,"DERIVED: FROZEN MATURE ANALOG DATA (APS-001, IMH-001) + SYNTHETIC PLANNING ASSUMPTIONS"
CYCLE_01_2026-08,2026-08-24,2027-06,10,10,HIS-001,WHOLESALE,NORMALIZATION,BASE,SEVERE,261.51,0.056,276.16,276.16,V0_ANALYTICAL_BASELINE,"DERIVED: FROZEN MATURE ANALOG DATA (APS-001, IMH-001) + SYNTHETIC PLANNING ASSUMPTIONS"
CYCLE_01_2026-08,2026-08-24,2027-06,10,10,HIS-001,WHOLESALE,NORMALIZATION,HIGH,NORMAL,326.9,0.0,326.9,326.9,V0_ANALYTICAL_BASELINE,"DERIVED: FROZEN MATURE ANALOG DATA (APS-001, IMH-001) + SYNTHETIC PLANNING ASSUMPTIONS"
CYCLE_01_2026-08,2026-08-24,2027-06,10,10,HIS-001,WHOLESALE,NORMALIZATION,LOW,NORMAL,196.16,0.0,196.16,196.16,V0_ANALYTICAL_BASELINE,"DERIVED: FROZEN MATURE ANALOG DATA (APS-001, IMH-001) + SYNTHETIC PLANNING ASSUMPTIONS"
CYCLE_01_2026-08,2026-08-24,2027-07,11,11,HIS-001,ECOM,SECOND-SEASON / MATURATION,BASE,MILD,680.45,-0.04,653.22,653.22,V0_ANALYTICAL_BASELINE,"DERIVED: FROZEN MATURE ANALOG DATA (APS-001, IMH-001) + SYNTHETIC PLANNING ASSUMPTIONS"
CYCLE_01_2026-08,2026-08-24,2027-07,11,11,HIS-001,ECOM,SECOND-SEASON / MATURATION,BASE,NORMAL,680.45,0.0,680.45,680.45,V0_ANALYTICAL_BASELINE,"DERIVED: FROZEN MATURE ANALOG DATA (APS-001, IMH-001) + SYNTHETIC PLANNING ASSUMPTIONS"
CYCLE_01_2026-08,2026-08-24,2027-07,11,11,HIS-001,ECOM,SECOND-SEASON / MATURATION,BASE,SEVERE,680.45,0.056,718.53,718.53,V0_ANALYTICAL_BASELINE,"DERIVED: FROZEN MATURE ANALOG DATA (APS-001, IMH-001) + SYNTHETIC PLANNING ASSUMPTIONS"
CYCLE_01_2026-08,2026-08-24,2027-07,11,11,HIS-001,ECOM,SECOND-SEASON / MATURATION,HIGH,NORMAL,850.54,0.0,850.54,850.54,V0_ANALYTICAL_BASELINE,"DERIVED: FROZEN MATURE ANALOG DATA (APS-001, IMH-001) + SYNTHETIC PLANNING ASSUMPTIONS"
CYCLE_01_2026-08,2026-08-24,2027-07,11,11,HIS-001,ECOM,SECOND-SEASON / MATURATION,LOW,NORMAL,510.32,0.0,510.32,510.32,V0_ANALYTICAL_BASELINE,"DERIVED: FROZEN MATURE ANALOG DATA (APS-001, IMH-001) + SYNTHETIC PLANNING ASSUMPTIONS"
CYCLE_01_2026-08,2026-08-24,2027-07,11,11,HIS-001,RETAIL,SECOND-SEASON / MATURATION,BASE,MILD,529.24,-0.0401,508.04,508.04,V0_ANALYTICAL_BASELINE,"DERIVED: FROZEN MATURE ANALOG DATA (APS-001, IMH-001) + SYNTHETIC PLANNING ASSUMPTIONS"
CYCLE_01_2026-08,2026-08-24,2027-07,11,11,HIS-001,RETAIL,SECOND-SEASON / MATURATION,BASE,NORMAL,529.24,0.0,529.24,529.24,V0_ANALYTICAL_BASELINE,"DERIVED: FROZEN MATURE ANALOG DATA (APS-001, IMH-001) + SYNTHETIC PLANNING ASSUMPTIONS"
CYCLE_01_2026-08,2026-08-24,2027-07,11,11,HIS-001,RETAIL,SECOND-SEASON / MATURATION,BASE,SEVERE,529.24,0.056,558.86,558.86,V0_ANALYTICAL_BASELINE,"DERIVED: FROZEN MATURE ANALOG DATA (APS-001, IMH-001) + SYNTHETIC PLANNING ASSUMPTIONS"
CYCLE_01_2026-08,2026-08-24,2027-07,11,11,HIS-001,RETAIL,SECOND-SEASON / MATURATION,HIGH,NORMAL,661.53,0.0,661.53,661.53,V0_ANALYTICAL_BASELINE,"DERIVED: FROZEN MATURE ANALOG DATA (APS-001, IMH-001) + SYNTHETIC PLANNING ASSUMPTIONS"
CYCLE_01_2026-08,2026-08-24,2027-07,11,11,HIS-001,RETAIL,SECOND-SEASON / MATURATION,LOW,NORMAL,396.92,0.0,396.92,396.92,V0_ANALYTICAL_BASELINE,"DERIVED: FROZEN MATURE ANALOG DATA (APS-001, IMH-001) + SYNTHETIC PLANNING ASSUMPTIONS"
CYCLE_01_2026-08,2026-08-24,2027-07,11,11,HIS-001,WHOLESALE,SECOND-SEASON / MATURATION,BASE,MILD,302.41,-0.04,290.31,290.31,V0_ANALYTICAL_BASELINE,"DERIVED: FROZEN MATURE ANALOG DATA (APS-001, IMH-001) + SYNTHETIC PLANNING ASSUMPTIONS"
CYCLE_01_2026-08,2026-08-24,2027-07,11,11,HIS-001,WHOLESALE,SECOND-SEASON / MATURATION,BASE,NORMAL,302.41,0.0,302.41,302.41,V0_ANALYTICAL_BASELINE,"DERIVED: FROZEN MATURE ANALOG DATA (APS-001, IMH-001) + SYNTHETIC PLANNING ASSUMPTIONS"
CYCLE_01_2026-08,2026-08-24,2027-07,11,11,HIS-001,WHOLESALE,SECOND-SEASON / MATURATION,BASE,SEVERE,302.41,0.056,319.36,319.36,V0_ANALYTICAL_BASELINE,"DERIVED: FROZEN MATURE ANALOG DATA (APS-001, IMH-001) + SYNTHETIC PLANNING ASSUMPTIONS"
CYCLE_01_2026-08,2026-08-24,2027-07,11,11,HIS-001,WHOLESALE,SECOND-SEASON / MATURATION,HIGH,NORMAL,378.03,0.0,378.03,378.03,V0_ANALYTICAL_BASELINE,"DERIVED: FROZEN MATURE ANALOG DATA (APS-001, IMH-001) + SYNTHETIC PLANNING ASSUMPTIONS"
CYCLE_01_2026-08,2026-08-24,2027-07,11,11,HIS-001,WHOLESALE,SECOND-SEASON / MATURATION,LOW,NORMAL,226.83,0.0,226.83,226.83,V0_ANALYTICAL_BASELINE,"DERIVED: FROZEN MATURE ANALOG DATA (APS-001, IMH-001) + SYNTHETIC PLANNING ASSUMPTIONS"
CYCLE_01_2026-08,2026-08-24,2027-08,12,12,HIS-001,ECOM,SECOND-SEASON / MATURATION,BASE,MILD,605.4,-0.04,581.17,581.17,V0_ANALYTICAL_BASELINE,"DERIVED: FROZEN MATURE ANALOG DATA (APS-001, IMH-001) + SYNTHETIC PLANNING ASSUMPTIONS"
CYCLE_01_2026-08,2026-08-24,2027-08,12,12,HIS-001,ECOM,SECOND-SEASON / MATURATION,BASE,NORMAL,605.4,0.0,605.4,605.4,V0_ANALYTICAL_BASELINE,"DERIVED: FROZEN MATURE ANALOG DATA (APS-001, IMH-001) + SYNTHETIC PLANNING ASSUMPTIONS"
CYCLE_01_2026-08,2026-08-24,2027-08,12,12,HIS-001,ECOM,SECOND-SEASON / MATURATION,BASE,SEVERE,605.4,0.056,639.3,639.3,V0_ANALYTICAL_BASELINE,"DERIVED: FROZEN MATURE ANALOG DATA (APS-001, IMH-001) + SYNTHETIC PLANNING ASSUMPTIONS"
CYCLE_01_2026-08,2026-08-24,2027-08,12,12,HIS-001,ECOM,SECOND-SEASON / MATURATION,HIGH,NORMAL,756.74,0.0,756.74,756.74,V0_ANALYTICAL_BASELINE,"DERIVED: FROZEN MATURE ANALOG DATA (APS-001, IMH-001) + SYNTHETIC PLANNING ASSUMPTIONS"
CYCLE_01_2026-08,2026-08-24,2027-08,12,12,HIS-001,ECOM,SECOND-SEASON / MATURATION,LOW,NORMAL,454.04,0.0,454.04,454.04,V0_ANALYTICAL_BASELINE,"DERIVED: FROZEN MATURE ANALOG DATA (APS-001, IMH-001) + SYNTHETIC PLANNING ASSUMPTIONS"
CYCLE_01_2026-08,2026-08-24,2027-08,12,12,HIS-001,RETAIL,SECOND-SEASON / MATURATION,BASE,MILD,470.86,-0.04,452.03,452.03,V0_ANALYTICAL_BASELINE,"DERIVED: FROZEN MATURE ANALOG DATA (APS-001, IMH-001) + SYNTHETIC PLANNING ASSUMPTIONS"
CYCLE_01_2026-08,2026-08-24,2027-08,12,12,HIS-001,RETAIL,SECOND-SEASON / MATURATION,BASE,NORMAL,470.86,0.0,470.86,470.86,V0_ANALYTICAL_BASELINE,"DERIVED: FROZEN MATURE ANALOG DATA (APS-001, IMH-001) + SYNTHETIC PLANNING ASSUMPTIONS"
CYCLE_01_2026-08,2026-08-24,2027-08,12,12,HIS-001,RETAIL,SECOND-SEASON / MATURATION,BASE,SEVERE,470.86,0.056,497.23,497.23,V0_ANALYTICAL_BASELINE,"DERIVED: FROZEN MATURE ANALOG DATA (APS-001, IMH-001) + SYNTHETIC PLANNING ASSUMPTIONS"
CYCLE_01_2026-08,2026-08-24,2027-08,12,12,HIS-001,RETAIL,SECOND-SEASON / MATURATION,HIGH,NORMAL,588.58,0.0,588.58,588.58,V0_ANALYTICAL_BASELINE,"DERIVED: FROZEN MATURE ANALOG DATA (APS-001, IMH-001) + SYNTHETIC PLANNING ASSUMPTIONS"
CYCLE_01_2026-08,2026-08-24,2027-08,12,12,HIS-001,RETAIL,SECOND-SEASON / MATURATION,LOW,NORMAL,353.15,0.0,353.15,353.15,V0_ANALYTICAL_BASELINE,"DERIVED: FROZEN MATURE ANALOG DATA (APS-001, IMH-001) + SYNTHETIC PLANNING ASSUMPTIONS"
CYCLE_01_2026-08,2026-08-24,2027-08,12,12,HIS-001,WHOLESALE,SECOND-SEASON / MATURATION,BASE,MILD,269.05,-0.04,258.3,258.3,V0_ANALYTICAL_BASELINE,"DERIVED: FROZEN MATURE ANALOG DATA (APS-001, IMH-001) + SYNTHETIC PLANNING ASSUMPTIONS"
CYCLE_01_2026-08,2026-08-24,2027-08,12,12,HIS-001,WHOLESALE,SECOND-SEASON / MATURATION,BASE,NORMAL,269.05,0.0,269.05,269.05,V0_ANALYTICAL_BASELINE,"DERIVED: FROZEN MATURE ANALOG DATA (APS-001, IMH-001) + SYNTHETIC PLANNING ASSUMPTIONS"
CYCLE_01_2026-08,2026-08-24,2027-08,12,12,HIS-001,WHOLESALE,SECOND-SEASON / MATURATION,BASE,SEVERE,269.05,0.0561,284.15,284.15,V0_ANALYTICAL_BASELINE,"DERIVED: FROZEN MATURE ANALOG DATA (APS-001, IMH-001) + SYNTHETIC PLANNING ASSUMPTIONS"
CYCLE_01_2026-08,2026-08-24,2027-08,12,12,HIS-001,WHOLESALE,SECOND-SEASON / MATURATION,HIGH,NORMAL,336.32,0.0,336.32,336.32,V0_ANALYTICAL_BASELINE,"DERIVED: FROZEN MATURE ANALOG DATA (APS-001, IMH-001) + SYNTHETIC PLANNING ASSUMPTIONS"
CYCLE_01_2026-08,2026-08-24,2027-08,12,12,HIS-001,WHOLESALE,SECOND-SEASON / MATURATION,LOW,NORMAL,201.81,0.0,201.81,201.81,V0_ANALYTICAL_BASELINE,"DERIVED: FROZEN MATURE ANALOG DATA (APS-001, IMH-001) + SYNTHETIC PLANNING ASSUMPTIONS"
CYCLE_01_2026-08,2026-08-24,2027-09,13,13,HIS-001,ECOM,SECOND-SEASON / MATURATION,BASE,MILD,969.35,-0.04,930.58,930.58,V0_ANALYTICAL_BASELINE,"DERIVED: FROZEN MATURE ANALOG DATA (APS-001, IMH-001) + SYNTHETIC PLANNING ASSUMPTIONS"
CYCLE_01_2026-08,2026-08-24,2027-09,13,13,HIS-001,ECOM,SECOND-SEASON / MATURATION,BASE,NORMAL,969.35,0.0,969.35,969.35,V0_ANALYTICAL_BASELINE,"DERIVED: FROZEN MATURE ANALOG DATA (APS-001, IMH-001) + SYNTHETIC PLANNING ASSUMPTIONS"
CYCLE_01_2026-08,2026-08-24,2027-09,13,13,HIS-001,ECOM,SECOND-SEASON / MATURATION,BASE,SEVERE,969.35,0.056,1023.62,1023.62,V0_ANALYTICAL_BASELINE,"DERIVED: FROZEN MATURE ANALOG DATA (APS-001, IMH-001) + SYNTHETIC PLANNING ASSUMPTIONS"
CYCLE_01_2026-08,2026-08-24,2027-09,13,13,HIS-001,ECOM,SECOND-SEASON / MATURATION,HIGH,NORMAL,1211.68,0.0,1211.68,1211.68,V0_ANALYTICAL_BASELINE,"DERIVED: FROZEN MATURE ANALOG DATA (APS-001, IMH-001) + SYNTHETIC PLANNING ASSUMPTIONS"
CYCLE_01_2026-08,2026-08-24,2027-09,13,13,HIS-001,ECOM,SECOND-SEASON / MATURATION,LOW,NORMAL,727.01,0.0,727.01,727.01,V0_ANALYTICAL_BASELINE,"DERIVED: FROZEN MATURE ANALOG DATA (APS-001, IMH-001) + SYNTHETIC PLANNING ASSUMPTIONS"
CYCLE_01_2026-08,2026-08-24,2027-09,13,13,HIS-001,RETAIL,SECOND-SEASON / MATURATION,BASE,MILD,753.95,-0.04,723.79,723.79,V0_ANALYTICAL_BASELINE,"DERIVED: FROZEN MATURE ANALOG DATA (APS-001, IMH-001) + SYNTHETIC PLANNING ASSUMPTIONS"
CYCLE_01_2026-08,2026-08-24,2027-09,13,13,HIS-001,RETAIL,SECOND-SEASON / MATURATION,BASE,NORMAL,753.95,0.0,753.95,753.95,V0_ANALYTICAL_BASELINE,"DERIVED: FROZEN MATURE ANALOG DATA (APS-001, IMH-001) + SYNTHETIC PLANNING ASSUMPTIONS"
CYCLE_01_2026-08,2026-08-24,2027-09,13,13,HIS-001,RETAIL,SECOND-SEASON / MATURATION,BASE,SEVERE,753.95,0.056,796.17,796.17,V0_ANALYTICAL_BASELINE,"DERIVED: FROZEN MATURE ANALOG DATA (APS-001, IMH-001) + SYNTHETIC PLANNING ASSUMPTIONS"
CYCLE_01_2026-08,2026-08-24,2027-09,13,13,HIS-001,RETAIL,SECOND-SEASON / MATURATION,HIGH,NORMAL,942.44,0.0,942.44,942.44,V0_ANALYTICAL_BASELINE,"DERIVED: FROZEN MATURE ANALOG DATA (APS-001, IMH-001) + SYNTHETIC PLANNING ASSUMPTIONS"
CYCLE_01_2026-08,2026-08-24,2027-09,13,13,HIS-001,RETAIL,SECOND-SEASON / MATURATION,LOW,NORMAL,565.47,0.0,565.47,565.47,V0_ANALYTICAL_BASELINE,"DERIVED: FROZEN MATURE ANALOG DATA (APS-001, IMH-001) + SYNTHETIC PLANNING ASSUMPTIONS"
CYCLE_01_2026-08,2026-08-24,2027-09,13,13,HIS-001,WHOLESALE,SECOND-SEASON / MATURATION,BASE,MILD,430.83,-0.0401,413.57,413.57,V0_ANALYTICAL_BASELINE,"DERIVED: FROZEN MATURE ANALOG DATA (APS-001, IMH-001) + SYNTHETIC PLANNING ASSUMPTIONS"
CYCLE_01_2026-08,2026-08-24,2027-09,13,13,HIS-001,WHOLESALE,SECOND-SEASON / MATURATION,BASE,NORMAL,430.83,0.0,430.83,430.83,V0_ANALYTICAL_BASELINE,"DERIVED: FROZEN MATURE ANALOG DATA (APS-001, IMH-001) + SYNTHETIC PLANNING ASSUMPTIONS"
CYCLE_01_2026-08,2026-08-24,2027-09,13,13,HIS-001,WHOLESALE,SECOND-SEASON / MATURATION,BASE,SEVERE,430.83,0.056,454.94,454.94,V0_ANALYTICAL_BASELINE,"DERIVED: FROZEN MATURE ANALOG DATA (APS-001, IMH-001) + SYNTHETIC PLANNING ASSUMPTIONS"
CYCLE_01_2026-08,2026-08-24,2027-09,13,13,HIS-001,WHOLESALE,SECOND-SEASON / MATURATION,HIGH,NORMAL,538.52,0.0,538.52,538.52,V0_ANALYTICAL_BASELINE,"DERIVED: FROZEN MATURE ANALOG DATA (APS-001, IMH-001) + SYNTHETIC PLANNING ASSUMPTIONS"
CYCLE_01_2026-08,2026-08-24,2027-09,13,13,HIS-001,WHOLESALE,SECOND-SEASON / MATURATION,LOW,NORMAL,323.13,0.0,323.13,323.13,V0_ANALYTICAL_BASELINE,"DERIVED: FROZEN MATURE ANALOG DATA (APS-001, IMH-001) + SYNTHETIC PLANNING ASSUMPTIONS"
CYCLE_01_2026-08,2026-08-24,2027-10,14,14,HIS-001,ECOM,SECOND-SEASON / MATURATION,BASE,MILD,1111.44,-0.04,1066.97,1066.97,V0_ANALYTICAL_BASELINE,"DERIVED: FROZEN MATURE ANALOG DATA (APS-001, IMH-001) + SYNTHETIC PLANNING ASSUMPTIONS"
CYCLE_01_2026-08,2026-08-24,2027-10,14,14,HIS-001,ECOM,SECOND-SEASON / MATURATION,BASE,NORMAL,1111.44,0.0,1111.44,1111.44,V0_ANALYTICAL_BASELINE,"DERIVED: FROZEN MATURE ANALOG DATA (APS-001, IMH-001) + SYNTHETIC PLANNING ASSUMPTIONS"
CYCLE_01_2026-08,2026-08-24,2027-10,14,14,HIS-001,ECOM,SECOND-SEASON / MATURATION,BASE,SEVERE,1111.44,0.056,1173.67,1173.67,V0_ANALYTICAL_BASELINE,"DERIVED: FROZEN MATURE ANALOG DATA (APS-001, IMH-001) + SYNTHETIC PLANNING ASSUMPTIONS"
CYCLE_01_2026-08,2026-08-24,2027-10,14,14,HIS-001,ECOM,SECOND-SEASON / MATURATION,HIGH,NORMAL,1389.3,0.0,1389.3,1389.3,V0_ANALYTICAL_BASELINE,"DERIVED: FROZEN MATURE ANALOG DATA (APS-001, IMH-001) + SYNTHETIC PLANNING ASSUMPTIONS"
CYCLE_01_2026-08,2026-08-24,2027-10,14,14,HIS-001,ECOM,SECOND-SEASON / MATURATION,LOW,NORMAL,833.57,0.0,833.57,833.57,V0_ANALYTICAL_BASELINE,"DERIVED: FROZEN MATURE ANALOG DATA (APS-001, IMH-001) + SYNTHETIC PLANNING ASSUMPTIONS"
CYCLE_01_2026-08,2026-08-24,2027-10,14,14,HIS-001,RETAIL,SECOND-SEASON / MATURATION,BASE,MILD,864.46,-0.04,829.88,829.88,V0_ANALYTICAL_BASELINE,"DERIVED: FROZEN MATURE ANALOG DATA (APS-001, IMH-001) + SYNTHETIC PLANNING ASSUMPTIONS"
CYCLE_01_2026-08,2026-08-24,2027-10,14,14,HIS-001,RETAIL,SECOND-SEASON / MATURATION,BASE,NORMAL,864.46,0.0,864.46,864.46,V0_ANALYTICAL_BASELINE,"DERIVED: FROZEN MATURE ANALOG DATA (APS-001, IMH-001) + SYNTHETIC PLANNING ASSUMPTIONS"
CYCLE_01_2026-08,2026-08-24,2027-10,14,14,HIS-001,RETAIL,SECOND-SEASON / MATURATION,BASE,SEVERE,864.46,0.056,912.86,912.86,V0_ANALYTICAL_BASELINE,"DERIVED: FROZEN MATURE ANALOG DATA (APS-001, IMH-001) + SYNTHETIC PLANNING ASSUMPTIONS"
CYCLE_01_2026-08,2026-08-24,2027-10,14,14,HIS-001,RETAIL,SECOND-SEASON / MATURATION,HIGH,NORMAL,1080.57,0.0,1080.57,1080.57,V0_ANALYTICAL_BASELINE,"DERIVED: FROZEN MATURE ANALOG DATA (APS-001, IMH-001) + SYNTHETIC PLANNING ASSUMPTIONS"
CYCLE_01_2026-08,2026-08-24,2027-10,14,14,HIS-001,RETAIL,SECOND-SEASON / MATURATION,LOW,NORMAL,648.33,0.0,648.33,648.33,V0_ANALYTICAL_BASELINE,"DERIVED: FROZEN MATURE ANALOG DATA (APS-001, IMH-001) + SYNTHETIC PLANNING ASSUMPTIONS"
CYCLE_01_2026-08,2026-08-24,2027-10,14,14,HIS-001,WHOLESALE,SECOND-SEASON / MATURATION,BASE,MILD,493.98,-0.04,474.23,474.23,V0_ANALYTICAL_BASELINE,"DERIVED: FROZEN MATURE ANALOG DATA (APS-001, IMH-001) + SYNTHETIC PLANNING ASSUMPTIONS"
CYCLE_01_2026-08,2026-08-24,2027-10,14,14,HIS-001,WHOLESALE,SECOND-SEASON / MATURATION,BASE,NORMAL,493.98,0.0,493.98,493.98,V0_ANALYTICAL_BASELINE,"DERIVED: FROZEN MATURE ANALOG DATA (APS-001, IMH-001) + SYNTHETIC PLANNING ASSUMPTIONS"
CYCLE_01_2026-08,2026-08-24,2027-10,14,14,HIS-001,WHOLESALE,SECOND-SEASON / MATURATION,BASE,SEVERE,493.98,0.056,521.65,521.65,V0_ANALYTICAL_BASELINE,"DERIVED: FROZEN MATURE ANALOG DATA (APS-001, IMH-001) + SYNTHETIC PLANNING ASSUMPTIONS"
CYCLE_01_2026-08,2026-08-24,2027-10,14,14,HIS-001,WHOLESALE,SECOND-SEASON / MATURATION,HIGH,NORMAL,617.46,0.0,617.46,617.46,V0_ANALYTICAL_BASELINE,"DERIVED: FROZEN MATURE ANALOG DATA (APS-001, IMH-001) + SYNTHETIC PLANNING ASSUMPTIONS"
CYCLE_01_2026-08,2026-08-24,2027-10,14,14,HIS-001,WHOLESALE,SECOND-SEASON / MATURATION,LOW,NORMAL,370.49,0.0,370.49,370.49,V0_ANALYTICAL_BASELINE,"DERIVED: FROZEN MATURE ANALOG DATA (APS-001, IMH-001) + SYNTHETIC PLANNING ASSUMPTIONS"
CYCLE_01_2026-08,2026-08-24,2027-11,15,15,HIS-001,ECOM,SECOND-SEASON / MATURATION,BASE,MILD,1350.36,-0.04,1296.35,1296.35,V0_ANALYTICAL_BASELINE,"DERIVED: FROZEN MATURE ANALOG DATA (APS-001, IMH-001) + SYNTHETIC PLANNING ASSUMPTIONS"
CYCLE_01_2026-08,2026-08-24,2027-11,15,15,HIS-001,ECOM,SECOND-SEASON / MATURATION,BASE,NORMAL,1350.36,0.0,1350.36,1350.36,V0_ANALYTICAL_BASELINE,"DERIVED: FROZEN MATURE ANALOG DATA (APS-001, IMH-001) + SYNTHETIC PLANNING ASSUMPTIONS"
CYCLE_01_2026-08,2026-08-24,2027-11,15,15,HIS-001,ECOM,SECOND-SEASON / MATURATION,BASE,SEVERE,1350.36,0.056,1425.99,1425.99,V0_ANALYTICAL_BASELINE,"DERIVED: FROZEN MATURE ANALOG DATA (APS-001, IMH-001) + SYNTHETIC PLANNING ASSUMPTIONS"
CYCLE_01_2026-08,2026-08-24,2027-11,15,15,HIS-001,ECOM,SECOND-SEASON / MATURATION,HIGH,NORMAL,1687.97,0.0,1687.97,1687.97,V0_ANALYTICAL_BASELINE,"DERIVED: FROZEN MATURE ANALOG DATA (APS-001, IMH-001) + SYNTHETIC PLANNING ASSUMPTIONS"
CYCLE_01_2026-08,2026-08-24,2027-11,15,15,HIS-001,ECOM,SECOND-SEASON / MATURATION,LOW,NORMAL,1012.79,0.0,1012.79,1012.79,V0_ANALYTICAL_BASELINE,"DERIVED: FROZEN MATURE ANALOG DATA (APS-001, IMH-001) + SYNTHETIC PLANNING ASSUMPTIONS"
CYCLE_01_2026-08,2026-08-24,2027-11,15,15,HIS-001,RETAIL,SECOND-SEASON / MATURATION,BASE,MILD,1050.28,-0.04,1008.28,1008.28,V0_ANALYTICAL_BASELINE,"DERIVED: FROZEN MATURE ANALOG DATA (APS-001, IMH-001) + SYNTHETIC PLANNING ASSUMPTIONS"
CYCLE_01_2026-08,2026-08-24,2027-11,15,15,HIS-001,RETAIL,SECOND-SEASON / MATURATION,BASE,NORMAL,1050.28,0.0,1050.28,1050.28,V0_ANALYTICAL_BASELINE,"DERIVED: FROZEN MATURE ANALOG DATA (APS-001, IMH-001) + SYNTHETIC PLANNING ASSUMPTIONS"
CYCLE_01_2026-08,2026-08-24,2027-11,15,15,HIS-001,RETAIL,SECOND-SEASON / MATURATION,BASE,SEVERE,1050.28,0.056,1109.11,1109.11,V0_ANALYTICAL_BASELINE,"DERIVED: FROZEN MATURE ANALOG DATA (APS-001, IMH-001) + SYNTHETIC PLANNING ASSUMPTIONS"
CYCLE_01_2026-08,2026-08-24,2027-11,15,15,HIS-001,RETAIL,SECOND-SEASON / MATURATION,HIGH,NORMAL,1312.87,0.0,1312.87,1312.87,V0_ANALYTICAL_BASELINE,"DERIVED: FROZEN MATURE ANALOG DATA (APS-001, IMH-001) + SYNTHETIC PLANNING ASSUMPTIONS"
CYCLE_01_2026-08,2026-08-24,2027-11,15,15,HIS-001,RETAIL,SECOND-SEASON / MATURATION,LOW,NORMAL,787.72,0.0,787.72,787.72,V0_ANALYTICAL_BASELINE,"DERIVED: FROZEN MATURE ANALOG DATA (APS-001, IMH-001) + SYNTHETIC PLANNING ASSUMPTIONS"
CYCLE_01_2026-08,2026-08-24,2027-11,15,15,HIS-001,WHOLESALE,SECOND-SEASON / MATURATION,BASE,MILD,600.17,-0.04,576.16,576.16,V0_ANALYTICAL_BASELINE,"DERIVED: FROZEN MATURE ANALOG DATA (APS-001, IMH-001) + SYNTHETIC PLANNING ASSUMPTIONS"
CYCLE_01_2026-08,2026-08-24,2027-11,15,15,HIS-001,WHOLESALE,SECOND-SEASON / MATURATION,BASE,NORMAL,600.17,0.0,600.17,600.17,V0_ANALYTICAL_BASELINE,"DERIVED: FROZEN MATURE ANALOG DATA (APS-001, IMH-001) + SYNTHETIC PLANNING ASSUMPTIONS"
CYCLE_01_2026-08,2026-08-24,2027-11,15,15,HIS-001,WHOLESALE,SECOND-SEASON / MATURATION,BASE,SEVERE,600.17,0.056,633.77,633.77,V0_ANALYTICAL_BASELINE,"DERIVED: FROZEN MATURE ANALOG DATA (APS-001, IMH-001) + SYNTHETIC PLANNING ASSUMPTIONS"
CYCLE_01_2026-08,2026-08-24,2027-11,15,15,HIS-001,WHOLESALE,SECOND-SEASON / MATURATION,HIGH,NORMAL,750.19,0.0,750.19,750.19,V0_ANALYTICAL_BASELINE,"DERIVED: FROZEN MATURE ANALOG DATA (APS-001, IMH-001) + SYNTHETIC PLANNING ASSUMPTIONS"
CYCLE_01_2026-08,2026-08-24,2027-11,15,15,HIS-001,WHOLESALE,SECOND-SEASON / MATURATION,LOW,NORMAL,450.11,0.0,450.11,450.11,V0_ANALYTICAL_BASELINE,"DERIVED: FROZEN MATURE ANALOG DATA (APS-001, IMH-001) + SYNTHETIC PLANNING ASSUMPTIONS"
CYCLE_01_2026-08,2026-08-24,2027-12,16,16,HIS-001,ECOM,SECOND-SEASON / MATURATION,BASE,MILD,1841.14,-0.04,1767.48,1767.48,V0_ANALYTICAL_BASELINE,"DERIVED: FROZEN MATURE ANALOG DATA (APS-001, IMH-001) + SYNTHETIC PLANNING ASSUMPTIONS"
CYCLE_01_2026-08,2026-08-24,2027-12,16,16,HIS-001,ECOM,SECOND-SEASON / MATURATION,BASE,NORMAL,1841.14,0.0,1841.14,1841.14,V0_ANALYTICAL_BASELINE,"DERIVED: FROZEN MATURE ANALOG DATA (APS-001, IMH-001) + SYNTHETIC PLANNING ASSUMPTIONS"
CYCLE_01_2026-08,2026-08-24,2027-12,16,16,HIS-001,ECOM,SECOND-SEASON / MATURATION,BASE,SEVERE,1841.14,0.056,1944.25,1944.25,V0_ANALYTICAL_BASELINE,"DERIVED: FROZEN MATURE ANALOG DATA (APS-001, IMH-001) + SYNTHETIC PLANNING ASSUMPTIONS"
CYCLE_01_2026-08,2026-08-24,2027-12,16,16,HIS-001,ECOM,SECOND-SEASON / MATURATION,HIGH,NORMAL,2301.41,0.0,2301.41,2301.41,V0_ANALYTICAL_BASELINE,"DERIVED: FROZEN MATURE ANALOG DATA (APS-001, IMH-001) + SYNTHETIC PLANNING ASSUMPTIONS"
CYCLE_01_2026-08,2026-08-24,2027-12,16,16,HIS-001,ECOM,SECOND-SEASON / MATURATION,LOW,NORMAL,1380.84,0.0,1380.84,1380.84,V0_ANALYTICAL_BASELINE,"DERIVED: FROZEN MATURE ANALOG DATA (APS-001, IMH-001) + SYNTHETIC PLANNING ASSUMPTIONS"
CYCLE_01_2026-08,2026-08-24,2027-12,16,16,HIS-001,RETAIL,SECOND-SEASON / MATURATION,BASE,MILD,1432.01,-0.04,1374.71,1374.71,V0_ANALYTICAL_BASELINE,"DERIVED: FROZEN MATURE ANALOG DATA (APS-001, IMH-001) + SYNTHETIC PLANNING ASSUMPTIONS"
CYCLE_01_2026-08,2026-08-24,2027-12,16,16,HIS-001,RETAIL,SECOND-SEASON / MATURATION,BASE,NORMAL,1432.01,0.0,1432.01,1432.01,V0_ANALYTICAL_BASELINE,"DERIVED: FROZEN MATURE ANALOG DATA (APS-001, IMH-001) + SYNTHETIC PLANNING ASSUMPTIONS"
CYCLE_01_2026-08,2026-08-24,2027-12,16,16,HIS-001,RETAIL,SECOND-SEASON / MATURATION,BASE,SEVERE,1432.01,0.056,1512.2,1512.2,V0_ANALYTICAL_BASELINE,"DERIVED: FROZEN MATURE ANALOG DATA (APS-001, IMH-001) + SYNTHETIC PLANNING ASSUMPTIONS"
CYCLE_01_2026-08,2026-08-24,2027-12,16,16,HIS-001,RETAIL,SECOND-SEASON / MATURATION,HIGH,NORMAL,1790.01,0.0,1790.01,1790.01,V0_ANALYTICAL_BASELINE,"DERIVED: FROZEN MATURE ANALOG DATA (APS-001, IMH-001) + SYNTHETIC PLANNING ASSUMPTIONS"
CYCLE_01_2026-08,2026-08-24,2027-12,16,16,HIS-001,RETAIL,SECOND-SEASON / MATURATION,LOW,NORMAL,1073.98,0.0,1073.98,1073.98,V0_ANALYTICAL_BASELINE,"DERIVED: FROZEN MATURE ANALOG DATA (APS-001, IMH-001) + SYNTHETIC PLANNING ASSUMPTIONS"
CYCLE_01_2026-08,2026-08-24,2027-12,16,16,HIS-001,WHOLESALE,SECOND-SEASON / MATURATION,BASE,MILD,818.3,-0.04,785.55,785.55,V0_ANALYTICAL_BASELINE,"DERIVED: FROZEN MATURE ANALOG DATA (APS-001, IMH-001) + SYNTHETIC PLANNING ASSUMPTIONS"
CYCLE_01_2026-08,2026-08-24,2027-12,16,16,HIS-001,WHOLESALE,SECOND-SEASON / MATURATION,BASE,NORMAL,818.3,0.0,818.3,818.3,V0_ANALYTICAL_BASELINE,"DERIVED: FROZEN MATURE ANALOG DATA (APS-001, IMH-001) + SYNTHETIC PLANNING ASSUMPTIONS"
CYCLE_01_2026-08,2026-08-24,2027-12,16,16,HIS-001,WHOLESALE,SECOND-SEASON / MATURATION,BASE,SEVERE,818.3,0.056,864.1,864.1,V0_ANALYTICAL_BASELINE,"DERIVED: FROZEN MATURE ANALOG DATA (APS-001, IMH-001) + SYNTHETIC PLANNING ASSUMPTIONS"
CYCLE_01_2026-08,2026-08-24,2027-12,16,16,HIS-001,WHOLESALE,SECOND-SEASON / MATURATION,HIGH,NORMAL,1022.84,0.0,1022.84,1022.84,V0_ANALYTICAL_BASELINE,"DERIVED: FROZEN MATURE ANALOG DATA (APS-001, IMH-001) + SYNTHETIC PLANNING ASSUMPTIONS"
CYCLE_01_2026-08,2026-08-24,2027-12,16,16,HIS-001,WHOLESALE,SECOND-SEASON / MATURATION,LOW,NORMAL,613.71,0.0,613.71,613.71,V0_ANALYTICAL_BASELINE,"DERIVED: FROZEN MATURE ANALOG DATA (APS-001, IMH-001) + SYNTHETIC PLANNING ASSUMPTIONS"
CYCLE_01_2026-08,2026-08-24,2028-01,17,17,HIS-001,ECOM,SECOND-SEASON / MATURATION,BASE,MILD,1346.96,-0.04,1293.08,1293.08,V0_ANALYTICAL_BASELINE,"DERIVED: FROZEN MATURE ANALOG DATA (APS-001, IMH-001) + SYNTHETIC PLANNING ASSUMPTIONS"
CYCLE_01_2026-08,2026-08-24,2028-01,17,17,HIS-001,ECOM,SECOND-SEASON / MATURATION,BASE,NORMAL,1346.96,0.0,1346.96,1346.96,V0_ANALYTICAL_BASELINE,"DERIVED: FROZEN MATURE ANALOG DATA (APS-001, IMH-001) + SYNTHETIC PLANNING ASSUMPTIONS"
CYCLE_01_2026-08,2026-08-24,2028-01,17,17,HIS-001,ECOM,SECOND-SEASON / MATURATION,BASE,SEVERE,1346.96,0.056,1422.38,1422.38,V0_ANALYTICAL_BASELINE,"DERIVED: FROZEN MATURE ANALOG DATA (APS-001, IMH-001) + SYNTHETIC PLANNING ASSUMPTIONS"
CYCLE_01_2026-08,2026-08-24,2028-01,17,17,HIS-001,ECOM,SECOND-SEASON / MATURATION,HIGH,NORMAL,1683.71,0.0,1683.71,1683.71,V0_ANALYTICAL_BASELINE,"DERIVED: FROZEN MATURE ANALOG DATA (APS-001, IMH-001) + SYNTHETIC PLANNING ASSUMPTIONS"
CYCLE_01_2026-08,2026-08-24,2028-01,17,17,HIS-001,ECOM,SECOND-SEASON / MATURATION,LOW,NORMAL,1010.21,0.0,1010.21,1010.21,V0_ANALYTICAL_BASELINE,"DERIVED: FROZEN MATURE ANALOG DATA (APS-001, IMH-001) + SYNTHETIC PLANNING ASSUMPTIONS"
CYCLE_01_2026-08,2026-08-24,2028-01,17,17,HIS-001,RETAIL,SECOND-SEASON / MATURATION,BASE,MILD,1047.62,-0.04,1005.72,1005.72,V0_ANALYTICAL_BASELINE,"DERIVED: FROZEN MATURE ANALOG DATA (APS-001, IMH-001) + SYNTHETIC PLANNING ASSUMPTIONS"
CYCLE_01_2026-08,2026-08-24,2028-01,17,17,HIS-001,RETAIL,SECOND-SEASON / MATURATION,BASE,NORMAL,1047.62,0.0,1047.62,1047.62,V0_ANALYTICAL_BASELINE,"DERIVED: FROZEN MATURE ANALOG DATA (APS-001, IMH-001) + SYNTHETIC PLANNING ASSUMPTIONS"
CYCLE_01_2026-08,2026-08-24,2028-01,17,17,HIS-001,RETAIL,SECOND-SEASON / MATURATION,BASE,SEVERE,1047.62,0.056,1106.31,1106.31,V0_ANALYTICAL_BASELINE,"DERIVED: FROZEN MATURE ANALOG DATA (APS-001, IMH-001) + SYNTHETIC PLANNING ASSUMPTIONS"
CYCLE_01_2026-08,2026-08-24,2028-01,17,17,HIS-001,RETAIL,SECOND-SEASON / MATURATION,HIGH,NORMAL,1309.56,0.0,1309.56,1309.56,V0_ANALYTICAL_BASELINE,"DERIVED: FROZEN MATURE ANALOG DATA (APS-001, IMH-001) + SYNTHETIC PLANNING ASSUMPTIONS"
CYCLE_01_2026-08,2026-08-24,2028-01,17,17,HIS-001,RETAIL,SECOND-SEASON / MATURATION,LOW,NORMAL,785.72,0.0,785.72,785.72,V0_ANALYTICAL_BASELINE,"DERIVED: FROZEN MATURE ANALOG DATA (APS-001, IMH-001) + SYNTHETIC PLANNING ASSUMPTIONS"
CYCLE_01_2026-08,2026-08-24,2028-01,17,17,HIS-001,WHOLESALE,SECOND-SEASON / MATURATION,BASE,MILD,598.65,-0.04,574.69,574.69,V0_ANALYTICAL_BASELINE,"DERIVED: FROZEN MATURE ANALOG DATA (APS-001, IMH-001) + SYNTHETIC PLANNING ASSUMPTIONS"
CYCLE_01_2026-08,2026-08-24,2028-01,17,17,HIS-001,WHOLESALE,SECOND-SEASON / MATURATION,BASE,NORMAL,598.65,0.0,598.65,598.65,V0_ANALYTICAL_BASELINE,"DERIVED: FROZEN MATURE ANALOG DATA (APS-001, IMH-001) + SYNTHETIC PLANNING ASSUMPTIONS"
CYCLE_01_2026-08,2026-08-24,2028-01,17,17,HIS-001,WHOLESALE,SECOND-SEASON / MATURATION,BASE,SEVERE,598.65,0.056,632.17,632.17,V0_ANALYTICAL_BASELINE,"DERIVED: FROZEN MATURE ANALOG DATA (APS-001, IMH-001) + SYNTHETIC PLANNING ASSUMPTIONS"
CYCLE_01_2026-08,2026-08-24,2028-01,17,17,HIS-001,WHOLESALE,SECOND-SEASON / MATURATION,HIGH,NORMAL,748.31,0.0,748.31,748.31,V0_ANALYTICAL_BASELINE,"DERIVED: FROZEN MATURE ANALOG DATA (APS-001, IMH-001) + SYNTHETIC PLANNING ASSUMPTIONS"
CYCLE_01_2026-08,2026-08-24,2028-01,17,17,HIS-001,WHOLESALE,SECOND-SEASON / MATURATION,LOW,NORMAL,449.0,0.0,449.0,449.0,V0_ANALYTICAL_BASELINE,"DERIVED: FROZEN MATURE ANALOG DATA (APS-001, IMH-001) + SYNTHETIC PLANNING ASSUMPTIONS"
CYCLE_01_2026-08,2026-08-24,2028-02,18,18,HIS-001,ECOM,SECOND-SEASON / MATURATION,BASE,MILD,1228.34,-0.04,1179.21,1179.21,V0_ANALYTICAL_BASELINE,"DERIVED: FROZEN MATURE ANALOG DATA (APS-001, IMH-001) + SYNTHETIC PLANNING ASSUMPTIONS"
CYCLE_01_2026-08,2026-08-24,2028-02,18,18,HIS-001,ECOM,SECOND-SEASON / MATURATION,BASE,NORMAL,1228.34,0.0,1228.34,1228.34,V0_ANALYTICAL_BASELINE,"DERIVED: FROZEN MATURE ANALOG DATA (APS-001, IMH-001) + SYNTHETIC PLANNING ASSUMPTIONS"
CYCLE_01_2026-08,2026-08-24,2028-02,18,18,HIS-001,ECOM,SECOND-SEASON / MATURATION,BASE,SEVERE,1228.34,0.056,1297.13,1297.13,V0_ANALYTICAL_BASELINE,"DERIVED: FROZEN MATURE ANALOG DATA (APS-001, IMH-001) + SYNTHETIC PLANNING ASSUMPTIONS"
CYCLE_01_2026-08,2026-08-24,2028-02,18,18,HIS-001,ECOM,SECOND-SEASON / MATURATION,HIGH,NORMAL,1535.42,0.0,1535.42,1535.42,V0_ANALYTICAL_BASELINE,"DERIVED: FROZEN MATURE ANALOG DATA (APS-001, IMH-001) + SYNTHETIC PLANNING ASSUMPTIONS"
CYCLE_01_2026-08,2026-08-24,2028-02,18,18,HIS-001,ECOM,SECOND-SEASON / MATURATION,LOW,NORMAL,921.26,0.0,921.26,921.26,V0_ANALYTICAL_BASELINE,"DERIVED: FROZEN MATURE ANALOG DATA (APS-001, IMH-001) + SYNTHETIC PLANNING ASSUMPTIONS"
CYCLE_01_2026-08,2026-08-24,2028-02,18,18,HIS-001,RETAIL,SECOND-SEASON / MATURATION,BASE,MILD,955.37,-0.04,917.15,917.15,V0_ANALYTICAL_BASELINE,"DERIVED: FROZEN MATURE ANALOG DATA (APS-001, IMH-001) + SYNTHETIC PLANNING ASSUMPTIONS"
CYCLE_01_2026-08,2026-08-24,2028-02,18,18,HIS-001,RETAIL,SECOND-SEASON / MATURATION,BASE,NORMAL,955.37,0.0,955.37,955.37,V0_ANALYTICAL_BASELINE,"DERIVED: FROZEN MATURE ANALOG DATA (APS-001, IMH-001) + SYNTHETIC PLANNING ASSUMPTIONS"
CYCLE_01_2026-08,2026-08-24,2028-02,18,18,HIS-001,RETAIL,SECOND-SEASON / MATURATION,BASE,SEVERE,955.37,0.056,1008.87,1008.87,V0_ANALYTICAL_BASELINE,"DERIVED: FROZEN MATURE ANALOG DATA (APS-001, IMH-001) + SYNTHETIC PLANNING ASSUMPTIONS"
CYCLE_01_2026-08,2026-08-24,2028-02,18,18,HIS-001,RETAIL,SECOND-SEASON / MATURATION,HIGH,NORMAL,1194.23,0.0,1194.23,1194.23,V0_ANALYTICAL_BASELINE,"DERIVED: FROZEN MATURE ANALOG DATA (APS-001, IMH-001) + SYNTHETIC PLANNING ASSUMPTIONS"
CYCLE_01_2026-08,2026-08-24,2028-02,18,18,HIS-001,RETAIL,SECOND-SEASON / MATURATION,LOW,NORMAL,716.52,0.0,716.52,716.52,V0_ANALYTICAL_BASELINE,"DERIVED: FROZEN MATURE ANALOG DATA (APS-001, IMH-001) + SYNTHETIC PLANNING ASSUMPTIONS"
CYCLE_01_2026-08,2026-08-24,2028-02,18,18,HIS-001,WHOLESALE,SECOND-SEASON / MATURATION,BASE,MILD,545.93,-0.04,524.08,524.08,V0_ANALYTICAL_BASELINE,"DERIVED: FROZEN MATURE ANALOG DATA (APS-001, IMH-001) + SYNTHETIC PLANNING ASSUMPTIONS"
CYCLE_01_2026-08,2026-08-24,2028-02,18,18,HIS-001,WHOLESALE,SECOND-SEASON / MATURATION,BASE,NORMAL,545.93,0.0,545.93,545.93,V0_ANALYTICAL_BASELINE,"DERIVED: FROZEN MATURE ANALOG DATA (APS-001, IMH-001) + SYNTHETIC PLANNING ASSUMPTIONS"
CYCLE_01_2026-08,2026-08-24,2028-02,18,18,HIS-001,WHOLESALE,SECOND-SEASON / MATURATION,BASE,SEVERE,545.93,0.056,576.5,576.5,V0_ANALYTICAL_BASELINE,"DERIVED: FROZEN MATURE ANALOG DATA (APS-001, IMH-001) + SYNTHETIC PLANNING ASSUMPTIONS"
CYCLE_01_2026-08,2026-08-24,2028-02,18,18,HIS-001,WHOLESALE,SECOND-SEASON / MATURATION,HIGH,NORMAL,682.41,0.0,682.41,682.41,V0_ANALYTICAL_BASELINE,"DERIVED: FROZEN MATURE ANALOG DATA (APS-001, IMH-001) + SYNTHETIC PLANNING ASSUMPTIONS"
CYCLE_01_2026-08,2026-08-24,2028-02,18,18,HIS-001,WHOLESALE,SECOND-SEASON / MATURATION,LOW,NORMAL,409.45,0.0,409.45,409.45,V0_ANALYTICAL_BASELINE,"DERIVED: FROZEN MATURE ANALOG DATA (APS-001, IMH-001) + SYNTHETIC PLANNING ASSUMPTIONS"
