fold,sku_id,channel_id,forecast_date,actual_units,model,forecast_units,train_start,train_end,test_start,test_end,train_weeks
1,CTS-001,RETAIL,2023-07-03,255.0,SARIMA_011_011,277.5275710333225,2021-07-05,2023-06-26,2023-07-03,2023-09-25,104
1,CTS-001,RETAIL,2023-07-10,276.0,SARIMA_011_011,265.53071207825496,2021-07-05,2023-06-26,2023-07-03,2023-09-25,104
1,CTS-001,RETAIL,2023-07-17,229.0,SARIMA_011_011,253.53139918146104,2021-07-05,2023-06-26,2023-07-03,2023-09-25,104
1,CTS-001,RETAIL,2023-07-24,257.0,SARIMA_011_011,253.53090839345717,2021-07-05,2023-06-26,2023-07-03,2023-09-25,104
1,CTS-001,RETAIL,2023-07-31,285.0,SARIMA_011_011,310.5301231326492,2021-07-05,2023-06-26,2023-07-03,2023-09-25,104
1,CTS-001,RETAIL,2023-08-07,278.0,SARIMA_011_011,272.5318899694656,2021-07-05,2023-06-26,2023-07-03,2023-09-25,104
1,CTS-001,RETAIL,2023-08-14,294.0,SARIMA_011_011,296.52923971424184,2021-07-05,2023-06-26,2023-07-03,2023-09-25,104
1,CTS-001,RETAIL,2023-08-21,288.0,SARIMA_011_011,266.53238075746975,2021-07-05,2023-06-26,2023-07-03,2023-09-25,104
1,CTS-001,RETAIL,2023-08-28,332.0,SARIMA_011_011,275.5313991814611,2021-07-05,2023-06-26,2023-07-03,2023-09-25,104
1,CTS-001,RETAIL,2023-09-04,338.0,SARIMA_011_011,281.53257707267153,2021-07-05,2023-06-26,2023-07-03,2023-09-25,104
1,CTS-001,RETAIL,2023-09-11,367.0,SARIMA_011_011,348.5277673502285,2021-07-05,2023-06-26,2023-07-03,2023-09-25,104
1,CTS-001,RETAIL,2023-09-18,342.0,SARIMA_011_011,363.52678577422006,2021-07-05,2023-06-26,2023-07-03,2023-09-25,104
1,CTS-001,RETAIL,2023-09-25,366.0,SARIMA_011_011,324.5344420670878,2021-07-05,2023-06-26,2023-07-03,2023-09-25,104
2,CTS-001,RETAIL,2023-10-02,362.0,SARIMA_011_011,409.191414482061,2021-07-05,2023-09-25,2023-10-02,2023-12-25,117
2,CTS-001,RETAIL,2023-10-09,387.0,SARIMA_011_011,415.1927788481894,2021-07-05,2023-09-25,2023-10-02,2023-12-25,117
2,CTS-001,RETAIL,2023-10-16,391.0,SARIMA_011_011,480.1000883965517,2021-07-05,2023-09-25,2023-10-02,2023-12-25,117
2,CTS-001,RETAIL,2023-10-23,415.0,SARIMA_011_011,398.1352845415193,2021-07-05,2023-09-25,2023-10-02,2023-12-25,117
2,CTS-001,RETAIL,2023-10-30,434.0,SARIMA_011_011,367.1927120065893,2021-07-05,2023-09-25,2023-10-02,2023-12-25,117
2,CTS-001,RETAIL,2023-11-06,387.0,SARIMA_011_011,400.19339079602696,2021-07-05,2023-09-25,2023-10-02,2023-12-25,117
2,CTS-001,RETAIL,2023-11-13,316.99999999999994,SARIMA_011_011,452.6733302592149,2021-07-05,2023-09-25,2023-10-02,2023-12-25,117
2,CTS-001,RETAIL,2023-11-20,540.6122890787033,SARIMA_011_011,435.95602174592125,2021-07-05,2023-09-25,2023-10-02,2023-12-25,117
2,CTS-001,RETAIL,2023-11-27,491.00000000000006,SARIMA_011_011,444.19370668984266,2021-07-05,2023-09-25,2023-10-02,2023-12-25,117
2,CTS-001,RETAIL,2023-12-04,362.0,SARIMA_011_011,392.16326341789306,2021-07-05,2023-09-25,2023-10-02,2023-12-25,117
2,CTS-001,RETAIL,2023-12-11,355.76972233204845,SARIMA_011_011,451.05172152983977,2021-07-05,2023-09-25,2023-10-02,2023-12-25,117
2,CTS-001,RETAIL,2023-12-18,337.50682965399494,SARIMA_011_011,427.57763363292355,2021-07-05,2023-09-25,2023-10-02,2023-12-25,117
2,CTS-001,RETAIL,2023-12-25,329.40275117385926,SARIMA_011_011,414.341400628654,2021-07-05,2023-09-25,2023-10-02,2023-12-25,117
3,CTS-001,RETAIL,2024-01-01,212.83826258430585,SARIMA_011_011,205.03547468226952,2021-07-05,2023-12-25,2024-01-01,2024-03-25,130
3,CTS-001,RETAIL,2024-01-08,209.74277566613324,SARIMA_011_011,194.9315905365246,2021-07-05,2023-12-25,2024-01-01,2024-03-25,130
3,CTS-001,RETAIL,2024-01-15,237.00000000000003,SARIMA_011_011,218.32451088140567,2021-07-05,2023-12-25,2024-01-01,2024-03-25,130
3,CTS-001,RETAIL,2024-01-22,228.0,SARIMA_011_011,200.30700276694043,2021-07-05,2023-12-25,2024-01-01,2024-03-25,130
3,CTS-001,RETAIL,2024-01-29,219.00000000000003,SARIMA_011_011,220.02138788152732,2021-07-05,2023-12-25,2024-01-01,2024-03-25,130
3,CTS-001,RETAIL,2024-02-05,248.0,SARIMA_011_011,216.84709624178598,2021-07-05,2023-12-25,2024-01-01,2024-03-25,130
3,CTS-001,RETAIL,2024-02-12,229.00000000000003,SARIMA_011_011,242.01501947186097,2021-07-05,2023-12-25,2024-01-01,2024-03-25,130
3,CTS-001,RETAIL,2024-02-19,225.0,SARIMA_011_011,262.61236081815906,2021-07-05,2023-12-25,2024-01-01,2024-03-25,130
3,CTS-001,RETAIL,2024-02-26,212.0,SARIMA_011_011,287.0498463110758,2021-07-05,2023-12-25,2024-01-01,2024-03-25,130
3,CTS-001,RETAIL,2024-03-04,235.0,SARIMA_011_011,262.09519834520245,2021-07-05,2023-12-25,2024-01-01,2024-03-25,130
3,CTS-001,RETAIL,2024-03-11,241.0,SARIMA_011_011,251.32819482185766,2021-07-05,2023-12-25,2024-01-01,2024-03-25,130
3,CTS-001,RETAIL,2024-03-18,294.0,SARIMA_011_011,226.67160939078184,2021-07-05,2023-12-25,2024-01-01,2024-03-25,130
3,CTS-001,RETAIL,2024-03-25,205.0,SARIMA_011_011,248.87584576729387,2021-07-05,2023-12-25,2024-01-01,2024-03-25,130
4,CTS-001,RETAIL,2024-04-01,323.67580858588707,SARIMA_011_011,271.70716572498185,2021-07-05,2024-03-25,2024-04-01,2024-06-24,143
4,CTS-001,RETAIL,2024-04-08,230.0,SARIMA_011_011,253.82138239856815,2021-07-05,2024-03-25,2024-04-01,2024-06-24,143
4,CTS-001,RETAIL,2024-04-15,281.0,SARIMA_011_011,248.6855741614098,2021-07-05,2024-03-25,2024-04-01,2024-06-24,143
4,CTS-001,RETAIL,2024-04-22,263.0,SARIMA_011_011,241.96953167002158,2021-07-05,2024-03-25,2024-04-01,2024-06-24,143
4,CTS-001,RETAIL,2024-04-29,249.0,SARIMA_011_011,268.55902464873736,2021-07-05,2024-03-25,2024-04-01,2024-06-24,143
4,CTS-001,RETAIL,2024-05-06,313.0,SARIMA_011_011,257.89546408646584,2021-07-05,2024-03-25,2024-04-01,2024-06-24,143
4,CTS-001,RETAIL,2024-05-13,279.4052392971918,SARIMA_011_011,306.566685114338,2021-07-05,2024-03-25,2024-04-01,2024-06-24,143
4,CTS-001,RETAIL,2024-05-20,287.0,SARIMA_011_011,285.71644393732004,2021-07-05,2024-03-25,2024-04-01,2024-06-24,143
4,CTS-001,RETAIL,2024-05-27,274.0,SARIMA_011_011,282.38001855638674,2021-07-05,2024-03-25,2024-04-01,2024-06-24,143
4,CTS-001,RETAIL,2024-06-03,271.3543469158032,SARIMA_011_011,275.6860335104276,2021-07-05,2024-03-25,2024-04-01,2024-06-24,143
4,CTS-001,RETAIL,2024-06-10,297.0,SARIMA_011_011,247.926331038871,2021-07-05,2024-03-25,2024-04-01,2024-06-24,143
4,CTS-001,RETAIL,2024-06-17,285.0,SARIMA_011_011,270.10532663483116,2021-07-05,2024-03-25,2024-04-01,2024-06-24,143
4,CTS-001,RETAIL,2024-06-24,298.69914592932065,SARIMA_011_011,244.39642406521367,2021-07-05,2024-03-25,2024-04-01,2024-06-24,143
5,CTS-001,RETAIL,2024-07-01,249.0,SARIMA_011_011,264.58484159731705,2021-07-05,2024-06-24,2024-07-01,2024-09-23,156
5,CTS-001,RETAIL,2024-07-08,312.0,SARIMA_011_011,274.8322927063732,2021-07-05,2024-06-24,2024-07-01,2024-09-23,156
5,CTS-001,RETAIL,2024-07-15,253.0,SARIMA_011_011,250.53902533394339,2021-07-05,2024-06-24,2024-07-01,2024-09-23,156
5,CTS-001,RETAIL,2024-07-22,275.0,SARIMA_011_011,260.5392968144714,2021-07-05,2024-06-24,2024-07-01,2024-09-23,156
5,CTS-001,RETAIL,2024-07-29,265.0,SARIMA_011_011,303.5435279090761,2021-07-05,2024-06-24,2024-07-01,2024-09-23,156
5,CTS-001,RETAIL,2024-08-05,312.0,SARIMA_011_011,283.11299177835576,2021-07-05,2024-06-24,2024-07-01,2024-09-23,156
5,CTS-001,RETAIL,2024-08-12,290.0,SARIMA_011_011,296.4072266164095,2021-07-05,2024-06-24,2024-07-01,2024-09-23,156
5,CTS-001,RETAIL,2024-08-19,320.0,SARIMA_011_011,284.9966231197824,2021-07-05,2024-06-24,2024-07-01,2024-09-23,156
5,CTS-001,RETAIL,2024-08-26,364.0,SARIMA_011_011,305.4616572968501,2021-07-05,2024-06-24,2024-07-01,2024-09-23,156
5,CTS-001,RETAIL,2024-09-02,363.0,SARIMA_011_011,314.7746122982382,2021-07-05,2024-06-24,2024-07-01,2024-09-23,156
5,CTS-001,RETAIL,2024-09-09,383.0,SARIMA_011_011,352.8015349188212,2021-07-05,2024-06-24,2024-07-01,2024-09-23,156
5,CTS-001,RETAIL,2024-09-16,444.0,SARIMA_011_011,348.7826591268606,2021-07-05,2024-06-24,2024-07-01,2024-09-23,156
5,CTS-001,RETAIL,2024-09-23,382.0,SARIMA_011_011,356.923331193117,2021-07-05,2024-06-24,2024-07-01,2024-09-23,156
6,CTS-001,RETAIL,2024-09-30,390.0,SARIMA_011_011,405.19759452081405,2021-07-05,2024-09-23,2024-09-30,2024-12-23,169
6,CTS-001,RETAIL,2024-10-07,410.0,SARIMA_011_011,422.5853791404067,2021-07-05,2024-09-23,2024-09-30,2024-12-23,169
6,CTS-001,RETAIL,2024-10-14,496.0,SARIMA_011_011,460.5684436224979,2021-07-05,2024-09-23,2024-09-30,2024-12-23,169
6,CTS-001,RETAIL,2024-10-21,410.0,SARIMA_011_011,429.382686579914,2021-07-05,2024-09-23,2024-09-30,2024-12-23,169
6,CTS-001,RETAIL,2024-10-28,453.0,SARIMA_011_011,422.91171247127573,2021-07-05,2024-09-23,2024-09-30,2024-12-23,169
6,CTS-001,RETAIL,2024-11-04,408.0,SARIMA_011_011,416.0374433678763,2021-07-05,2024-09-23,2024-09-30,2024-12-23,169
6,CTS-001,RETAIL,2024-11-11,491.0,SARIMA_011_011,406.4121019448984,2021-07-05,2024-09-23,2024-09-30,2024-12-23,169
6,CTS-001,RETAIL,2024-11-18,495.07786124037534,SARIMA_011_011,511.2717757967359,2021-07-05,2024-09-23,2024-09-30,2024-12-23,169
6,CTS-001,RETAIL,2024-11-25,530.0,SARIMA_011_011,491.06456375108667,2021-07-05,2024-09-23,2024-09-30,2024-12-23,169
6,CTS-001,RETAIL,2024-12-02,422.0,SARIMA_011_011,399.62505373938995,2021-07-05,2024-09-23,2024-09-30,2024-12-23,169
6,CTS-001,RETAIL,2024-12-09,447.7669658162491,SARIMA_011_011,423.68069208293247,2021-07-05,2024-09-23,2024-09-30,2024-12-23,169
6,CTS-001,RETAIL,2024-12-16,452.5443073738199,SARIMA_011_011,403.44764068688073,2021-07-05,2024-09-23,2024-09-30,2024-12-23,169
6,CTS-001,RETAIL,2024-12-23,454.391724211432,SARIMA_011_011,391.063021226614,2021-07-05,2024-09-23,2024-09-30,2024-12-23,169
7,CTS-001,RETAIL,2024-12-30,340.5015805338063,SARIMA_011_011,264.98876548679516,2021-07-05,2024-12-23,2024-12-30,2025-03-24,182
7,CTS-001,RETAIL,2025-01-06,230.66613480369253,SARIMA_011_011,264.07666977477294,2021-07-05,2024-12-23,2024-12-30,2025-03-24,182
7,CTS-001,RETAIL,2025-01-13,329.844275754696,SARIMA_011_011,281.1562855650091,2021-07-05,2024-12-23,2024-12-30,2025-03-24,182
7,CTS-001,RETAIL,2025-01-20,272.5,SARIMA_011_011,275.62507739548073,2021-07-05,2024-12-23,2024-12-30,2025-03-24,182
7,CTS-001,RETAIL,2025-01-27,256.0,SARIMA_011_011,282.7754301526411,2021-07-05,2024-12-23,2024-12-30,2025-03-24,182
7,CTS-001,RETAIL,2025-02-03,272.5633377470848,SARIMA_011_011,292.627493119255,2021-07-05,2024-12-23,2024-12-30,2025-03-24,182
7,CTS-001,RETAIL,2025-02-10,309.0,SARIMA_011_011,303.60886400726605,2021-07-05,2024-12-23,2024-12-30,2025-03-24,182
7,CTS-001,RETAIL,2025-02-17,271.3683452577006,SARIMA_011_011,312.0121608558937,2021-07-05,2024-12-23,2024-12-30,2025-03-24,182
7,CTS-001,RETAIL,2025-02-24,249.0,SARIMA_011_011,306.61539591479755,2021-07-05,2024-12-23,2024-12-30,2025-03-24,182
7,CTS-001,RETAIL,2025-03-03,326.0,SARIMA_011_011,317.60522875722376,2021-07-05,2024-12-23,2024-12-30,2025-03-24,182
7,CTS-001,RETAIL,2025-03-10,301.2757517490634,SARIMA_011_011,304.9563938657937,2021-07-05,2024-12-23,2024-12-30,2025-03-24,182
7,CTS-001,RETAIL,2025-03-17,249.93217138201655,SARIMA_011_011,310.64780699457197,2021-07-05,2024-12-23,2024-12-30,2025-03-24,182
7,CTS-001,RETAIL,2025-03-24,265.0,SARIMA_011_011,293.9389918722804,2021-07-05,2024-12-23,2024-12-30,2025-03-24,182
8,CTS-001,RETAIL,2025-03-31,257.0,SARIMA_011_011,336.35824885724094,2021-07-05,2025-03-24,2025-03-31,2025-06-23,195
8,CTS-001,RETAIL,2025-04-07,341.48245203410806,SARIMA_011_011,294.1489014149166,2021-07-05,2025-03-24,2025-03-31,2025-06-23,195
8,CTS-001,RETAIL,2025-04-14,273.31799640304763,SARIMA_011_011,307.25049715976934,2021-07-05,2025-03-24,2025-03-31,2025-06-23,195
8,CTS-001,RETAIL,2025-04-21,298.0,SARIMA_011_011,296.9494184116074,2021-07-05,2025-03-24,2025-03-31,2025-06-23,195
8,CTS-001,RETAIL,2025-04-28,249.0,SARIMA_011_011,309.1066139406307,2021-07-05,2025-03-24,2025-03-31,2025-06-23,195
8,CTS-001,RETAIL,2025-05-05,310.0,SARIMA_011_011,325.5668814569991,2021-07-05,2025-03-24,2025-03-31,2025-06-23,195
8,CTS-001,RETAIL,2025-05-12,312.0,SARIMA_011_011,343.45720688920125,2021-07-05,2025-03-24,2025-03-31,2025-06-23,195
8,CTS-001,RETAIL,2025-05-19,298.4638579718172,SARIMA_011_011,334.4225083191576,2021-07-05,2025-03-24,2025-03-31,2025-06-23,195
8,CTS-001,RETAIL,2025-05-26,324.0,SARIMA_011_011,326.9914868254805,2021-07-05,2025-03-24,2025-03-31,2025-06-23,195
8,CTS-001,RETAIL,2025-06-02,300.0,SARIMA_011_011,320.65460363737606,2021-07-05,2025-03-24,2025-03-31,2025-06-23,195
8,CTS-001,RETAIL,2025-06-09,339.9598074693961,SARIMA_011_011,314.5962923943304,2021-07-05,2025-03-24,2025-03-31,2025-06-23,195
8,CTS-001,RETAIL,2025-06-16,293.77708274279126,SARIMA_011_011,324.56260035097415,2021-07-05,2025-03-24,2025-03-31,2025-06-23,195
8,CTS-001,RETAIL,2025-06-23,313.9761743075336,SARIMA_011_011,313.928257520081,2021-07-05,2025-03-24,2025-03-31,2025-06-23,195
9,CTS-001,RETAIL,2025-06-30,316.0,SARIMA_011_011,290.2928167590516,2021-07-05,2025-06-23,2025-06-30,2025-09-22,208
9,CTS-001,RETAIL,2025-07-07,320.0,SARIMA_011_011,313.3441046430862,2021-07-05,2025-06-23,2025-06-30,2025-09-22,208
9,CTS-001,RETAIL,2025-07-14,324.0,SARIMA_011_011,282.54269979962896,2021-07-05,2025-06-23,2025-06-30,2025-09-22,208
9,CTS-001,RETAIL,2025-07-21,289.0,SARIMA_011_011,293.81937127942706,2021-07-05,2025-06-23,2025-06-30,2025-09-22,208
9,CTS-001,RETAIL,2025-07-28,306.0,SARIMA_011_011,324.7603230715797,2021-07-05,2025-06-23,2025-06-30,2025-09-22,208
9,CTS-001,RETAIL,2025-08-04,300.0,SARIMA_011_011,320.32942607792,2021-07-05,2025-06-23,2025-06-30,2025-09-22,208
9,CTS-001,RETAIL,2025-08-11,325.0,SARIMA_011_011,324.0542802733913,2021-07-05,2025-06-23,2025-06-30,2025-09-22,208
9,CTS-001,RETAIL,2025-08-18,304.0,SARIMA_011_011,323.0908998692998,2021-07-05,2025-06-23,2025-06-30,2025-09-22,208
9,CTS-001,RETAIL,2025-08-25,316.0,SARIMA_011_011,347.133420269083,2021-07-05,2025-06-23,2025-06-30,2025-09-22,208
9,CTS-001,RETAIL,2025-09-01,423.0,SARIMA_011_011,354.369380941695,2021-07-05,2025-06-23,2025-06-30,2025-09-22,208
9,CTS-001,RETAIL,2025-09-08,380.0,SARIMA_011_011,387.85364092243236,2021-07-05,2025-06-23,2025-06-30,2025-09-22,208
9,CTS-001,RETAIL,2025-09-15,451.00000000000006,SARIMA_011_011,401.8964470701977,2021-07-05,2025-06-23,2025-06-30,2025-09-22,208
9,CTS-001,RETAIL,2025-09-22,389.0,SARIMA_011_011,392.3335538632028,2021-07-05,2025-06-23,2025-06-30,2025-09-22,208
10,CTS-001,RETAIL,2025-09-29,381.0,SARIMA_011_011,423.26598728590017,2021-07-05,2025-09-22,2025-09-29,2025-12-22,221
10,CTS-001,RETAIL,2025-10-06,424.0,SARIMA_011_011,438.00331814718993,2021-07-05,2025-09-22,2025-09-29,2025-12-22,221
10,CTS-001,RETAIL,2025-10-13,437.00000000000006,SARIMA_011_011,493.5265931005702,2021-07-05,2025-09-22,2025-09-29,2025-12-22,221
10,CTS-001,RETAIL,2025-10-20,443.0,SARIMA_011_011,437.0521893308393,2021-07-05,2025-09-22,2025-09-29,2025-12-22,221
10,CTS-001,RETAIL,2025-10-27,466.0,SARIMA_011_011,438.812473388738,2021-07-05,2025-09-22,2025-09-29,2025-12-22,221
10,CTS-001,RETAIL,2025-11-03,434.00000000000006,SARIMA_011_011,430.3942318109861,2021-07-05,2025-09-22,2025-09-29,2025-12-22,221
10,CTS-001,RETAIL,2025-11-10,421.0,SARIMA_011_011,460.2165631621028,2021-07-05,2025-09-22,2025-09-29,2025-12-22,221
10,CTS-001,RETAIL,2025-11-17,480.0,SARIMA_011_011,509.90719062661987,2021-07-05,2025-09-22,2025-09-29,2025-12-22,221
10,CTS-001,RETAIL,2025-11-24,556.0,SARIMA_011_011,510.84514371152875,2021-07-05,2025-09-22,2025-09-29,2025-12-22,221
10,CTS-001,RETAIL,2025-12-01,443.40195526588406,SARIMA_011_011,424.0873625449693,2021-07-05,2025-09-22,2025-09-29,2025-12-22,221
10,CTS-001,RETAIL,2025-12-08,432.5081593166295,SARIMA_011_011,457.3676146847382,2021-07-05,2025-09-22,2025-09-29,2025-12-22,221
10,CTS-001,RETAIL,2025-12-15,454.156702234229,SARIMA_011_011,442.9449598508091,2021-07-05,2025-09-22,2025-09-29,2025-12-22,221
10,CTS-001,RETAIL,2025-12-22,509.46629350396233,SARIMA_011_011,434.99304758521384,2021-07-05,2025-09-22,2025-09-29,2025-12-22,221
11,CTS-001,RETAIL,2025-12-29,366.8636605839308,SARIMA_011_011,299.66152001888963,2021-07-05,2025-12-22,2025-12-29,2026-03-23,234
11,CTS-001,RETAIL,2026-01-05,252.0444937388803,SARIMA_011_011,260.29662942526215,2021-07-05,2025-12-22,2025-12-29,2026-03-23,234
11,CTS-001,RETAIL,2026-01-12,273.0852498374759,SARIMA_011_011,307.11232630462115,2021-07-05,2025-12-22,2025-12-29,2026-03-23,234
11,CTS-001,RETAIL,2026-01-19,291.0,SARIMA_011_011,282.5947684612157,2021-07-05,2025-12-22,2025-12-29,2026-03-23,234
11,CTS-001,RETAIL,2026-01-26,282.1212422516274,SARIMA_011_011,280.79056664575313,2021-07-05,2025-12-22,2025-12-29,2026-03-23,234
11,CTS-001,RETAIL,2026-02-02,283.0,SARIMA_011_011,293.98182282096377,2021-07-05,2025-12-22,2025-12-29,2026-03-23,234
11,CTS-001,RETAIL,2026-02-09,240.0,SARIMA_011_011,311.82838227980886,2021-07-05,2025-12-22,2025-12-29,2026-03-23,234
11,CTS-001,RETAIL,2026-02-16,321.0,SARIMA_011_011,303.8507208660328,2021-07-05,2025-12-22,2025-12-29,2026-03-23,234
11,CTS-001,RETAIL,2026-02-23,257.0,SARIMA_011_011,293.60335333971705,2021-07-05,2025-12-22,2025-12-29,2026-03-23,234
11,CTS-001,RETAIL,2026-03-02,293.0,SARIMA_011_011,326.4782144982505,2021-07-05,2025-12-22,2025-12-29,2026-03-23,234
11,CTS-001,RETAIL,2026-03-09,295.0,SARIMA_011_011,311.48105955640176,2021-07-05,2025-12-22,2025-12-29,2026-03-23,234
11,CTS-001,RETAIL,2026-03-16,287.0,SARIMA_011_011,300.03696743544225,2021-07-05,2025-12-22,2025-12-29,2026-03-23,234
11,CTS-001,RETAIL,2026-03-23,235.0,SARIMA_011_011,289.9039391447122,2021-07-05,2025-12-22,2025-12-29,2026-03-23,234
12,CTS-001,RETAIL,2026-03-30,279.0,SARIMA_011_011,308.9988919945712,2021-07-05,2026-03-23,2026-03-30,2026-06-22,247
12,CTS-001,RETAIL,2026-04-06,296.0,SARIMA_011_011,311.45489516952017,2021-07-05,2026-03-23,2026-03-30,2026-06-22,247
12,CTS-001,RETAIL,2026-04-13,297.0,SARIMA_011_011,296.252433925511,2021-07-05,2026-03-23,2026-03-30,2026-06-22,247
12,CTS-001,RETAIL,2026-04-20,304.0,SARIMA_011_011,298.8068064884321,2021-07-05,2026-03-23,2026-03-30,2026-06-22,247
12,CTS-001,RETAIL,2026-04-27,318.0,SARIMA_011_011,285.5753460677097,2021-07-05,2026-03-23,2026-03-30,2026-06-22,247
12,CTS-001,RETAIL,2026-05-04,340.0,SARIMA_011_011,322.34847943020435,2021-07-05,2026-03-23,2026-03-30,2026-06-22,247
12,CTS-001,RETAIL,2026-05-11,393.0763632245655,SARIMA_011_011,330.9369216079304,2021-07-05,2026-03-23,2026-03-30,2026-06-22,247
12,CTS-001,RETAIL,2026-05-18,321.0,SARIMA_011_011,320.8947351418043,2021-07-05,2026-03-23,2026-03-30,2026-06-22,247
12,CTS-001,RETAIL,2026-05-25,317.0,SARIMA_011_011,325.9553306970806,2021-07-05,2026-03-23,2026-03-30,2026-06-22,247
12,CTS-001,RETAIL,2026-06-01,314.3113462239036,SARIMA_011_011,313.3270946415507,2021-07-05,2026-03-23,2026-03-30,2026-06-22,247
12,CTS-001,RETAIL,2026-06-08,299.0,SARIMA_011_011,326.5351184247076,2021-07-05,2026-03-23,2026-03-30,2026-06-22,247
12,CTS-001,RETAIL,2026-06-15,340.00000000000006,SARIMA_011_011,313.34778902671394,2021-07-05,2026-03-23,2026-03-30,2026-06-22,247
12,CTS-001,RETAIL,2026-06-22,315.3226738776333,SARIMA_011_011,316.02101312445564,2021-07-05,2026-03-23,2026-03-30,2026-06-22,247
1,IMH-001,ECOM,2023-07-03,324.0,SARIMA_011_011,355.88601136176027,2021-07-05,2023-06-26,2023-07-03,2023-09-25,104
1,IMH-001,ECOM,2023-07-10,373.0,SARIMA_011_011,358.88924197586846,2021-07-05,2023-06-26,2023-07-03,2023-09-25,104
1,IMH-001,ECOM,2023-07-17,333.0,SARIMA_011_011,392.8799539617685,2021-07-05,2023-06-26,2023-07-03,2023-09-25,104
1,IMH-001,ECOM,2023-07-24,362.0,SARIMA_011_011,345.8944917229758,2021-07-05,2023-06-26,2023-07-03,2023-09-25,104
1,IMH-001,ECOM,2023-07-31,355.0,SARIMA_011_011,389.89691468315806,2021-07-05,2023-06-26,2023-07-03,2023-09-25,104
1,IMH-001,ECOM,2023-08-07,402.0,SARIMA_011_011,461.8593588000825,2021-07-05,2023-06-26,2023-07-03,2023-09-25,104
1,IMH-001,ECOM,2023-08-14,412.0,SARIMA_011_011,394.88924197586573,2021-07-05,2023-06-26,2023-07-03,2023-09-25,104
1,IMH-001,ECOM,2023-08-21,449.0,SARIMA_011_011,388.8827807486762,2021-07-05,2023-06-26,2023-07-03,2023-09-25,104
1,IMH-001,ECOM,2023-08-28,332.0,SARIMA_011_011,396.8864151889874,2021-07-05,2023-06-26,2023-07-03,2023-09-25,104
1,IMH-001,ECOM,2023-09-04,549.0,SARIMA_011_011,536.8823769219499,2021-07-05,2023-06-26,2023-07-03,2023-09-25,104
1,IMH-001,ECOM,2023-09-11,563.0,SARIMA_011_011,546.8755118680774,2021-07-05,2023-06-26,2023-07-03,2023-09-25,104
1,IMH-001,ECOM,2023-09-18,579.0,SARIMA_011_011,564.8787424816641,2021-07-05,2023-06-26,2023-07-03,2023-09-25,104
1,IMH-001,ECOM,2023-09-25,581.0,SARIMA_011_011,565.8690506408913,2021-07-05,2023-06-26,2023-07-03,2023-09-25,104
2,IMH-001,ECOM,2023-10-02,701.0,SARIMA_011_011,676.580160063486,2021-07-05,2023-09-25,2023-10-02,2023-12-25,117
2,IMH-001,ECOM,2023-10-09,669.0,SARIMA_011_011,685.0208943669975,2021-07-05,2023-09-25,2023-10-02,2023-12-25,117
2,IMH-001,ECOM,2023-10-16,661.0,SARIMA_011_011,708.0704690445866,2021-07-05,2023-09-25,2023-10-02,2023-12-25,117
2,IMH-001,ECOM,2023-10-23,767.0,SARIMA_011_011,733.591457180202,2021-07-05,2023-09-25,2023-10-02,2023-12-25,117
2,IMH-001,ECOM,2023-10-30,892.0,SARIMA_011_011,841.4998575423956,2021-07-05,2023-09-25,2023-10-02,2023-12-25,117
2,IMH-001,ECOM,2023-11-06,968.0,SARIMA_011_011,774.0781879225647,2021-07-05,2023-09-25,2023-10-02,2023-12-25,117
2,IMH-001,ECOM,2023-11-13,850.0,SARIMA_011_011,815.11003299776,2021-07-05,2023-09-25,2023-10-02,2023-12-25,117
2,IMH-001,ECOM,2023-11-20,973.0,SARIMA_011_011,901.1888440496874,2021-07-05,2023-09-25,2023-10-02,2023-12-25,117
2,IMH-001,ECOM,2023-11-27,961.0,SARIMA_011_011,921.5648153707399,2021-07-05,2023-09-25,2023-10-02,2023-12-25,117
2,IMH-001,ECOM,2023-12-04,889.0,SARIMA_011_011,840.056965663228,2021-07-05,2023-09-25,2023-10-02,2023-12-25,117
2,IMH-001,ECOM,2023-12-11,875.9999999999999,SARIMA_011_011,928.3981003286598,2021-07-05,2023-09-25,2023-10-02,2023-12-25,117
2,IMH-001,ECOM,2023-12-18,761.4026265929238,SARIMA_011_011,1002.3668533340372,2021-07-05,2023-09-25,2023-10-02,2023-12-25,117
2,IMH-001,ECOM,2023-12-25,836.671034644572,SARIMA_011_011,900.2454809922629,2021-07-05,2023-09-25,2023-10-02,2023-12-25,117
3,IMH-001,ECOM,2024-01-01,746.4148375372087,SARIMA_011_011,803.3075493089352,2021-07-05,2023-12-25,2024-01-01,2024-03-25,130
3,IMH-001,ECOM,2024-01-08,767.6071355837788,SARIMA_011_011,787.723735765999,2021-07-05,2023-12-25,2024-01-01,2024-03-25,130
3,IMH-001,ECOM,2024-01-15,1076.0,SARIMA_011_011,782.1121501431203,2021-07-05,2023-12-25,2024-01-01,2024-03-25,130
3,IMH-001,ECOM,2024-01-22,759.681358056455,SARIMA_011_011,858.8627574204955,2021-07-05,2023-12-25,2024-01-01,2024-03-25,130
3,IMH-001,ECOM,2024-01-29,763.2719397096193,SARIMA_011_011,917.7688255118816,2021-07-05,2023-12-25,2024-01-01,2024-03-25,130
3,IMH-001,ECOM,2024-02-05,573.5787639638366,SARIMA_011_011,675.6972244517679,2021-07-05,2023-12-25,2024-01-01,2024-03-25,130
3,IMH-001,ECOM,2024-02-12,780.6356101902942,SARIMA_011_011,703.9228173721282,2021-07-05,2023-12-25,2024-01-01,2024-03-25,130
3,IMH-001,ECOM,2024-02-19,756.6692250701107,SARIMA_011_011,723.0795504258394,2021-07-05,2023-12-25,2024-01-01,2024-03-25,130
3,IMH-001,ECOM,2024-02-26,664.0055906730651,SARIMA_011_011,701.1395492694201,2021-07-05,2023-12-25,2024-01-01,2024-03-25,130
3,IMH-001,ECOM,2024-03-04,635.8646682829769,SARIMA_011_011,651.9394904461217,2021-07-05,2023-12-25,2024-01-01,2024-03-25,130
3,IMH-001,ECOM,2024-03-11,544.0291984608024,SARIMA_011_011,562.97890537178,2021-07-05,2023-12-25,2024-01-01,2024-03-25,130
3,IMH-001,ECOM,2024-03-18,631.5564205839029,SARIMA_011_011,551.4515675842038,2021-07-05,2023-12-25,2024-01-01,2024-03-25,130
3,IMH-001,ECOM,2024-03-25,531.0,SARIMA_011_011,581.9381007821002,2021-07-05,2023-12-25,2024-01-01,2024-03-25,130
4,IMH-001,ECOM,2024-04-01,542.8802197131744,SARIMA_011_011,544.6160106519175,2021-07-05,2024-03-25,2024-04-01,2024-06-24,143
4,IMH-001,ECOM,2024-04-08,440.0,SARIMA_011_011,481.7549745711298,2021-07-05,2024-03-25,2024-04-01,2024-06-24,143
4,IMH-001,ECOM,2024-04-15,569.8712697458245,SARIMA_011_011,541.8094771721104,2021-07-05,2024-03-25,2024-04-01,2024-06-24,143
4,IMH-001,ECOM,2024-04-22,460.63165651472735,SARIMA_011_011,454.5771097246907,2021-07-05,2024-03-25,2024-04-01,2024-06-24,143
4,IMH-001,ECOM,2024-04-29,427.00000000000006,SARIMA_011_011,441.1902087058568,2021-07-05,2024-03-25,2024-04-01,2024-06-24,143
4,IMH-001,ECOM,2024-05-06,411.00000000000006,SARIMA_011_011,470.39299835518176,2021-07-05,2024-03-25,2024-04-01,2024-06-24,143
4,IMH-001,ECOM,2024-05-13,435.0,SARIMA_011_011,467.5037420256781,2021-07-05,2024-03-25,2024-04-01,2024-06-24,143
4,IMH-001,ECOM,2024-05-20,440.0,SARIMA_011_011,407.07789652996945,2021-07-05,2024-03-25,2024-04-01,2024-06-24,143
4,IMH-001,ECOM,2024-05-27,425.0,SARIMA_011_011,419.5131200313285,2021-07-05,2024-03-25,2024-04-01,2024-06-24,143
4,IMH-001,ECOM,2024-06-03,377.0,SARIMA_011_011,405.15742579331936,2021-07-05,2024-03-25,2024-04-01,2024-06-24,143
4,IMH-001,ECOM,2024-06-10,392.0,SARIMA_011_011,381.4725699977865,2021-07-05,2024-03-25,2024-04-01,2024-06-24,143
4,IMH-001,ECOM,2024-06-17,364.0,SARIMA_011_011,374.00455809217436,2021-07-05,2024-03-25,2024-04-01,2024-06-24,143
4,IMH-001,ECOM,2024-06-24,377.0,SARIMA_011_011,406.9560712947122,2021-07-05,2024-03-25,2024-04-01,2024-06-24,143
5,IMH-001,ECOM,2024-07-01,442.0,SARIMA_011_011,381.847007924079,2021-07-05,2024-06-24,2024-07-01,2024-09-23,156
5,IMH-001,ECOM,2024-07-08,471.0,SARIMA_011_011,403.01342932251066,2021-07-05,2024-06-24,2024-07-01,2024-09-23,156
5,IMH-001,ECOM,2024-07-15,386.0,SARIMA_011_011,404.44636972000734,2021-07-05,2024-06-24,2024-07-01,2024-09-23,156
5,IMH-001,ECOM,2024-07-22,390.0,SARIMA_011_011,394.9781976969188,2021-07-05,2024-06-24,2024-07-01,2024-09-23,156
5,IMH-001,ECOM,2024-07-29,391.0,SARIMA_011_011,423.74372953375894,2021-07-05,2024-06-24,2024-07-01,2024-09-23,156
5,IMH-001,ECOM,2024-08-05,443.0,SARIMA_011_011,456.6176118888058,2021-07-05,2024-06-24,2024-07-01,2024-09-23,156
5,IMH-001,ECOM,2024-08-12,454.0,SARIMA_011_011,440.0260469064434,2021-07-05,2024-06-24,2024-07-01,2024-09-23,156
5,IMH-001,ECOM,2024-08-19,436.0,SARIMA_011_011,443.2604512681386,2021-07-05,2024-06-24,2024-07-01,2024-09-23,156
5,IMH-001,ECOM,2024-08-26,416.00000000000006,SARIMA_011_011,412.03835802422634,2021-07-05,2024-06-24,2024-07-01,2024-09-23,156
5,IMH-001,ECOM,2024-09-02,663.0,SARIMA_011_011,574.7287361922472,2021-07-05,2024-06-24,2024-07-01,2024-09-23,156
5,IMH-001,ECOM,2024-09-09,586.0,SARIMA_011_011,580.4693452299656,2021-07-05,2024-06-24,2024-07-01,2024-09-23,156
5,IMH-001,ECOM,2024-09-16,651.0,SARIMA_011_011,600.4340657487379,2021-07-05,2024-06-24,2024-07-01,2024-09-23,156
5,IMH-001,ECOM,2024-09-23,599.0,SARIMA_011_011,593.8522365828691,2021-07-05,2024-06-24,2024-07-01,2024-09-23,156
6,IMH-001,ECOM,2024-09-30,599.0,SARIMA_011_011,726.912487465858,2021-07-05,2024-09-23,2024-09-30,2024-12-23,169
6,IMH-001,ECOM,2024-10-07,798.0,SARIMA_011_011,721.8645861547182,2021-07-05,2024-09-23,2024-09-30,2024-12-23,169
6,IMH-001,ECOM,2024-10-14,812.0,SARIMA_011_011,734.5404813566777,2021-07-05,2024-09-23,2024-09-30,2024-12-23,169
6,IMH-001,ECOM,2024-10-21,898.0,SARIMA_011_011,786.92225102062,2021-07-05,2024-09-23,2024-09-30,2024-12-23,169
6,IMH-001,ECOM,2024-10-28,953.0,SARIMA_011_011,900.5527137650824,2021-07-05,2024-09-23,2024-09-30,2024-12-23,169
6,IMH-001,ECOM,2024-11-04,860.0,SARIMA_011_011,880.9921741302528,2021-07-05,2024-09-23,2024-09-30,2024-12-23,169
6,IMH-001,ECOM,2024-11-11,858.0,SARIMA_011_011,868.9319687945706,2021-07-05,2024-09-23,2024-09-30,2024-12-23,169
6,IMH-001,ECOM,2024-11-18,852.2319529539968,SARIMA_011_011,967.3432387846848,2021-07-05,2024-09-23,2024-09-30,2024-12-23,169
6,IMH-001,ECOM,2024-11-25,1088.0,SARIMA_011_011,976.9122176786987,2021-07-05,2024-09-23,2024-09-30,2024-12-23,169
6,IMH-001,ECOM,2024-12-02,1271.1377204490211,SARIMA_011_011,898.579620585686,2021-07-05,2024-09-23,2024-09-30,2024-12-23,169
6,IMH-001,ECOM,2024-12-09,1091.3984685728126,SARIMA_011_011,953.0818889755773,2021-07-05,2024-09-23,2024-09-30,2024-12-23,169
6,IMH-001,ECOM,2024-12-16,999.7598719373852,SARIMA_011_011,964.1070519920244,2021-07-05,2024-09-23,2024-09-30,2024-12-23,169
6,IMH-001,ECOM,2024-12-23,1055.8248250304543,SARIMA_011_011,921.2106346817965,2021-07-05,2024-09-23,2024-09-30,2024-12-23,169
7,IMH-001,ECOM,2024-12-30,884.9116377359074,SARIMA_011_011,880.6390134023784,2021-07-05,2024-12-23,2024-12-30,2025-03-24,182
7,IMH-001,ECOM,2025-01-06,799.2483615039043,SARIMA_011_011,881.4013300343762,2021-07-05,2024-12-23,2024-12-30,2025-03-24,182
7,IMH-001,ECOM,2025-01-13,944.866441859664,SARIMA_011_011,1001.2764982092673,2021-07-05,2024-12-23,2024-12-30,2025-03-24,182
7,IMH-001,ECOM,2025-01-20,1050.6417824473008,SARIMA_011_011,920.3322222716538,2021-07-05,2024-12-23,2024-12-30,2025-03-24,182
7,IMH-001,ECOM,2025-01-27,988.761578057548,SARIMA_011_011,958.8112442979655,2021-07-05,2024-12-23,2024-12-30,2025-03-24,182
7,IMH-001,ECOM,2025-02-03,888.6509454528764,SARIMA_011_011,734.755826511185,2021-07-05,2024-12-23,2024-12-30,2025-03-24,182
7,IMH-001,ECOM,2025-02-10,895.7050796192035,SARIMA_011_011,835.4751544821105,2021-07-05,2024-12-23,2024-12-30,2025-03-24,182
7,IMH-001,ECOM,2025-02-17,908.0963229280704,SARIMA_011_011,836.705565142821,2021-07-05,2024-12-23,2024-12-30,2025-03-24,182
7,IMH-001,ECOM,2025-02-24,703.0346671723089,SARIMA_011_011,788.280749568504,2021-07-05,2024-12-23,2024-12-30,2025-03-24,182
7,IMH-001,ECOM,2025-03-03,662.0,SARIMA_011_011,746.9279168989798,2021-07-05,2024-12-23,2024-12-30,2025-03-24,182
7,IMH-001,ECOM,2025-03-10,687.8218457028821,SARIMA_011_011,657.9940552152582,2021-07-05,2024-12-23,2024-12-30,2025-03-24,182
7,IMH-001,ECOM,2025-03-17,703.5697632365607,SARIMA_011_011,685.8758611753447,2021-07-05,2024-12-23,2024-12-30,2025-03-24,182
7,IMH-001,ECOM,2025-03-24,561.0,SARIMA_011_011,662.8016004798588,2021-07-05,2024-12-23,2024-12-30,2025-03-24,182
8,IMH-001,ECOM,2025-03-31,586.8295233922464,SARIMA_011_011,643.1980613994751,2021-07-05,2025-03-24,2025-03-31,2025-06-23,195
8,IMH-001,ECOM,2025-04-07,553.0,SARIMA_011_011,568.5619386286662,2021-07-05,2025-03-24,2025-03-31,2025-06-23,195
8,IMH-001,ECOM,2025-04-14,505.0,SARIMA_011_011,650.1496072161925,2021-07-05,2025-03-24,2025-03-31,2025-06-23,195
8,IMH-001,ECOM,2025-04-21,473.6120833034753,SARIMA_011_011,557.0885667407636,2021-07-05,2025-03-24,2025-03-31,2025-06-23,195
8,IMH-001,ECOM,2025-04-28,457.0,SARIMA_011_011,537.0747037691001,2021-07-05,2025-03-24,2025-03-31,2025-06-23,195
8,IMH-001,ECOM,2025-05-05,451.0,SARIMA_011_011,552.3333352408957,2021-07-05,2025-03-24,2025-03-31,2025-06-23,195
8,IMH-001,ECOM,2025-05-12,513.0,SARIMA_011_011,556.1064718450913,2021-07-05,2025-03-24,2025-03-31,2025-06-23,195
8,IMH-001,ECOM,2025-05-19,460.00000000000006,SARIMA_011_011,519.5814518254242,2021-07-05,2025-03-24,2025-03-31,2025-06-23,195
8,IMH-001,ECOM,2025-05-26,418.0,SARIMA_011_011,522.465186412829,2021-07-05,2025-03-24,2025-03-31,2025-06-23,195
8,IMH-001,ECOM,2025-06-02,394.0,SARIMA_011_011,495.73573769760566,2021-07-05,2025-03-24,2025-03-31,2025-06-23,195
8,IMH-001,ECOM,2025-06-09,423.0,SARIMA_011_011,485.8586248118107,2021-07-05,2025-03-24,2025-03-31,2025-06-23,195
8,IMH-001,ECOM,2025-06-16,431.0,SARIMA_011_011,471.11978676334854,2021-07-05,2025-03-24,2025-03-31,2025-06-23,195
8,IMH-001,ECOM,2025-06-23,419.0,SARIMA_011_011,497.34228516351385,2021-07-05,2025-03-24,2025-03-31,2025-06-23,195
9,IMH-001,ECOM,2025-06-30,449.0,SARIMA_011_011,439.99442326180576,2021-07-05,2025-06-23,2025-06-30,2025-09-22,208
9,IMH-001,ECOM,2025-07-07,433.0,SARIMA_011_011,463.01199621892886,2021-07-05,2025-06-23,2025-06-30,2025-09-22,208
9,IMH-001,ECOM,2025-07-14,428.0,SARIMA_011_011,442.93790958126334,2021-07-05,2025-06-23,2025-06-30,2025-09-22,208
9,IMH-001,ECOM,2025-07-21,435.0,SARIMA_011_011,436.7115798339537,2021-07-05,2025-06-23,2025-06-30,2025-09-22,208
9,IMH-001,ECOM,2025-07-28,422.0,SARIMA_011_011,458.67584199854605,2021-07-05,2025-06-23,2025-06-30,2025-09-22,208
9,IMH-001,ECOM,2025-08-04,495.0,SARIMA_011_011,496.2038894149832,2021-07-05,2025-06-23,2025-06-30,2025-09-22,208
9,IMH-001,ECOM,2025-08-11,530.0,SARIMA_011_011,486.4775733955669,2021-07-05,2025-06-23,2025-06-30,2025-09-22,208
9,IMH-001,ECOM,2025-08-18,472.0,SARIMA_011_011,484.2312072270649,2021-07-05,2025-06-23,2025-06-30,2025-09-22,208
9,IMH-001,ECOM,2025-08-25,475.0,SARIMA_011_011,456.1970306625992,2021-07-05,2025-06-23,2025-06-30,2025-09-22,208
9,IMH-001,ECOM,2025-09-01,676.0,SARIMA_011_011,639.7788961877995,2021-07-05,2025-06-23,2025-06-30,2025-09-22,208
9,IMH-001,ECOM,2025-09-08,635.0,SARIMA_011_011,624.7302899747386,2021-07-05,2025-06-23,2025-06-30,2025-09-22,208
9,IMH-001,ECOM,2025-09-15,656.0,SARIMA_011_011,656.007124980935,2021-07-05,2025-06-23,2025-06-30,2025-09-22,208
9,IMH-001,ECOM,2025-09-22,658.0,SARIMA_011_011,637.9837637483458,2021-07-05,2025-06-23,2025-06-30,2025-09-22,208
10,IMH-001,ECOM,2025-09-29,682.9999999999999,SARIMA_011_011,738.097531997204,2021-07-05,2025-09-22,2025-09-29,2025-12-22,221
10,IMH-001,ECOM,2025-10-06,789.0,SARIMA_011_011,784.1044438237827,2021-07-05,2025-09-22,2025-09-29,2025-12-22,221
10,IMH-001,ECOM,2025-10-13,777.0,SARIMA_011_011,797.104929541814,2021-07-05,2025-09-22,2025-09-29,2025-12-22,221
10,IMH-001,ECOM,2025-10-20,813.0,SARIMA_011_011,857.8585653313801,2021-07-05,2025-09-22,2025-09-29,2025-12-22,221
10,IMH-001,ECOM,2025-10-27,1126.0,SARIMA_011_011,956.8543256004659,2021-07-05,2025-09-22,2025-09-29,2025-12-22,221
10,IMH-001,ECOM,2025-11-03,1084.0,SARIMA_011_011,918.8558168749064,2021-07-05,2025-09-22,2025-09-29,2025-12-22,221
10,IMH-001,ECOM,2025-11-10,962.0,SARIMA_011_011,909.3536014139704,2021-07-05,2025-09-22,2025-09-29,2025-12-22,221
10,IMH-001,ECOM,2025-11-17,991.0,SARIMA_011_011,981.7177490205106,2021-07-05,2025-09-22,2025-09-29,2025-12-22,221
10,IMH-001,ECOM,2025-11-24,1032.0,SARIMA_011_011,1047.8580961828397,2021-07-05,2025-09-22,2025-09-29,2025-12-22,221
10,IMH-001,ECOM,2025-12-01,1265.0,SARIMA_011_011,1034.9041557543778,2021-07-05,2025-09-22,2025-09-29,2025-12-22,221
10,IMH-001,ECOM,2025-12-08,1194.0,SARIMA_011_011,1030.8505311620665,2021-07-05,2025-09-22,2025-09-29,2025-12-22,221
10,IMH-001,ECOM,2025-12-15,948.995993924285,SARIMA_011_011,1016.2712351387078,2021-07-05,2025-09-22,2025-09-29,2025-12-22,221
10,IMH-001,ECOM,2025-12-22,1052.6984220532308,SARIMA_011_011,998.0799382797329,2021-07-05,2025-09-22,2025-09-29,2025-12-22,221
11,IMH-001,ECOM,2025-12-29,1081.0843679866116,SARIMA_011_011,924.5564428982024,2021-07-05,2025-12-22,2025-12-29,2026-03-23,234
11,IMH-001,ECOM,2026-01-05,881.9040238417333,SARIMA_011_011,890.1889114772572,2021-07-05,2025-12-22,2025-12-29,2026-03-23,234
11,IMH-001,ECOM,2026-01-12,944.9353439364334,SARIMA_011_011,1030.8315951538166,2021-07-05,2025-12-22,2025-12-29,2026-03-23,234
11,IMH-001,ECOM,2026-01-19,994.9579718127128,SARIMA_011_011,1017.2681766071827,2021-07-05,2025-12-22,2025-12-29,2026-03-23,234
11,IMH-001,ECOM,2026-01-26,921.9331503070088,SARIMA_011_011,1011.8090209176559,2021-07-05,2025-12-22,2025-12-29,2026-03-23,234
11,IMH-001,ECOM,2026-02-02,898.9965767754403,SARIMA_011_011,841.1712857563593,2021-07-05,2025-12-22,2025-12-29,2026-03-23,234
11,IMH-001,ECOM,2026-02-09,918.8662320626904,SARIMA_011_011,907.8200011651362,2021-07-05,2025-12-22,2025-12-29,2026-03-23,234
11,IMH-001,ECOM,2026-02-16,985.0812452969932,SARIMA_011_011,912.1944003514654,2021-07-05,2025-12-22,2025-12-29,2026-03-23,234
11,IMH-001,ECOM,2026-02-23,938.0155263687296,SARIMA_011_011,795.3268770484416,2021-07-05,2025-12-22,2025-12-29,2026-03-23,234
11,IMH-001,ECOM,2026-03-02,672.562682241002,SARIMA_011_011,754.5275164156966,2021-07-05,2025-12-22,2025-12-29,2026-03-23,234
11,IMH-001,ECOM,2026-03-09,764.9151024887228,SARIMA_011_011,715.0699841856172,2021-07-05,2025-12-22,2025-12-29,2026-03-23,234
11,IMH-001,ECOM,2026-03-16,733.7243555094576,SARIMA_011_011,740.7675367478727,2021-07-05,2025-12-22,2025-12-29,2026-03-23,234
11,IMH-001,ECOM,2026-03-23,675.6289255717275,SARIMA_011_011,662.0214560531861,2021-07-05,2025-12-22,2025-12-29,2026-03-23,234
12,IMH-001,ECOM,2026-03-30,646.9390133542281,SARIMA_011_011,677.4305766767374,2021-07-05,2026-03-23,2026-03-30,2026-06-22,247
12,IMH-001,ECOM,2026-04-06,612.3228096974074,SARIMA_011_011,614.9981656697295,2021-07-05,2026-03-23,2026-03-30,2026-06-22,247
12,IMH-001,ECOM,2026-04-13,455.0,SARIMA_011_011,648.8567097320292,2021-07-05,2026-03-23,2026-03-30,2026-06-22,247
12,IMH-001,ECOM,2026-04-20,638.0391920942,SARIMA_011_011,578.4180974976339,2021-07-05,2026-03-23,2026-03-30,2026-06-22,247
12,IMH-001,ECOM,2026-04-27,575.0,SARIMA_011_011,558.1299106628535,2021-07-05,2026-03-23,2026-03-30,2026-06-22,247
12,IMH-001,ECOM,2026-05-04,558.0,SARIMA_011_011,559.2002868786608,2021-07-05,2026-03-23,2026-03-30,2026-06-22,247
12,IMH-001,ECOM,2026-05-11,562.0,SARIMA_011_011,593.2618257006101,2021-07-05,2026-03-23,2026-03-30,2026-06-22,247
12,IMH-001,ECOM,2026-05-18,535.0,SARIMA_011_011,551.7686753237816,2021-07-05,2026-03-23,2026-03-30,2026-06-22,247
12,IMH-001,ECOM,2026-05-25,486.0,SARIMA_011_011,533.8622458808628,2021-07-05,2026-03-23,2026-03-30,2026-06-22,247
12,IMH-001,ECOM,2026-06-01,500.0,SARIMA_011_011,507.34231497807184,2021-07-05,2026-03-23,2026-03-30,2026-06-22,247
12,IMH-001,ECOM,2026-06-08,456.0,SARIMA_011_011,515.8332976467372,2021-07-05,2026-03-23,2026-03-30,2026-06-22,247
12,IMH-001,ECOM,2026-06-15,457.0,SARIMA_011_011,509.86314587648803,2021-07-05,2026-03-23,2026-03-30,2026-06-22,247
12,IMH-001,ECOM,2026-06-22,440.0,SARIMA_011_011,518.2667601720821,2021-07-05,2026-03-23,2026-03-30,2026-06-22,247
