method,segment,rows,truth_units,observed_units,predicted_units,WAPE,Bias,MAE_units,lost_units_actual,recovered_units_estimated,lost_demand_recovery_pct
Naive_InStock_GrossUp,ALL_ROWS,21060,809592.0,748551.8781780481,788352.5757727246,0.05952762867676092,-0.02623472592030976,2.2883709380662975,61040.12182195192,39800.697594676436,0.6520415819413203
Naive_InStock_GrossUp,ALL_CENSORED_ROWS,1912,101218.0,40177.87817804808,79978.57577272452,0.4761316362275107,-0.20983841043367266,25.20559202702729,61040.121821951914,39800.697594676436,0.6520415819413203
Naive_InStock_GrossUp,STOCKOUT_ROWS,677,35329.0,1291.741956294568,1291.741956294568,0.9634367812195485,-0.9634367812195487,50.276599769136524,34037.25804370543,0.0,0.0
Naive_InStock_GrossUp,PARTIAL_CONSTRAINT_ROWS,1235,65889.0,38886.13622175351,78686.83381642995,0.2148436599731479,0.19423323796733824,11.462213693903434,27002.863778246487,39800.697594676436,1.4739435758195354
Seasonal_Profile_Imputation,ALL_ROWS,21060,809592.0,748551.8781780481,806952.3951914601,0.03261069740368458,-0.0032604136509993315,1.2536258182546915,61040.12182195192,58400.517013412034,0.9567562329538044
Seasonal_Profile_Imputation,ALL_CENSORED_ROWS,1912,101218.0,40177.87817804808,98578.39519146012,0.2608366074457483,-0.026078413014877587,13.808242537888992,61040.121821951914,58400.517013412034,0.9567562329538045
Seasonal_Profile_Imputation,STOCKOUT_ROWS,677,35329.0,1291.741956294568,34794.49244597161,0.30928270772049105,-0.015129427779682044,16.139806175860013,34037.25804370543,33502.75048967704,0.9842963979841721
Seasonal_Profile_Imputation,PARTIAL_CONSTRAINT_ROWS,1235,65889.0,38886.13622175351,63783.90274548851,0.23486030978443334,-0.031949145601109334,12.530130325009335,27002.863778246487,24897.766523734997,0.9220417037319073
Regression_Imputation,ALL_ROWS,21060,809592.0,748551.8781780481,788013.2963506492,0.03391947824731262,-0.02665380049376821,1.303938187711221,61040.12182195192,39461.41817260113,0.6464832800908595
Regression_Imputation,ALL_CENSORED_ROWS,1912,101218.0,40177.87817804808,79639.29635064921,0.27130488878656234,-0.21319037769320467,14.362415393932148,61040.121821951914,39461.41817260113,0.6464832800908596
Regression_Imputation,STOCKOUT_ROWS,677,35329.0,1291.741956294568,25711.804334255146,0.3436260104860743,-0.27221816823982714,17.931999002160293,34037.25804370543,24420.06237796058,0.7174509282329405
Regression_Imputation,PARTIAL_CONSTRAINT_ROWS,1235,65889.0,38886.13622175351,53927.492016394055,0.2325270516889883,-0.18154028720432766,12.405647699381175,27002.863778246487,15041.355794640549,0.557028169980914
Naive_InStock_GrossUp,CENSORED_APS-001_ECOM,262,10650.0,4053.0669775479582,8262.330594607363,0.4972220518228729,-0.2241943103655058,20.211507068372505,6596.933022452042,4209.263617059405,0.6380637188119952
Naive_InStock_GrossUp,CENSORED_APS-001_RETAIL,271,7963.0,3010.149298129999,6206.037222459812,0.47922935437476955,-0.22064081094313548,14.08156217301214,4952.850701870001,3195.8879243298124,0.6452623179461419
Naive_InStock_GrossUp,CENSORED_APS-001_WHOLESALE,256,7719.0,2887.5950006984745,6052.663426436875,0.5125457568416768,-0.21587466946017944,15.454455847894154,4831.404999301525,3165.0684257383996,0.655103106900782
Naive_InStock_GrossUp,CENSORED_CTS-001_ECOM,127,6263.0,3007.3981065789385,5546.031430029844,0.4191809085561803,-0.11447685932782306,20.671890002262653,3255.6018934210615,2538.6333234509066,0.7797738810082987
Naive_InStock_GrossUp,CENSORED_CTS-001_RETAIL,117,4883.0,1884.741981205508,3920.56132240114,0.5025459558377515,-0.19709987253714112,20.97377694321146,2998.2580187944923,2035.8193411956331,0.6790007158937488
Naive_InStock_GrossUp,CENSORED_CTS-001_WHOLESALE,173,7399.0,3259.488232712143,6508.785241317398,0.39315286249401893,-0.12031555057205058,16.814670691290438,4139.511767287857,3249.2970086052555,0.784946919171133
Naive_InStock_GrossUp,CENSORED_IMH-001_ECOM,221,20924.0,8853.683271236227,17139.886299037884,0.4330949973905462,-0.18085039671965764,41.00488563529316,12070.316728763773,8286.203027801657,0.6864942498199316
Naive_InStock_GrossUp,CENSORED_IMH-001_RETAIL,218,14146.0,5404.0673154518445,10975.341798634743,0.4838029673198407,-0.2241381451551857,31.39393016379113,8741.932684548156,5571.2744831828995,0.6373046652521623
Naive_InStock_GrossUp,CENSORED_IMH-001_WHOLESALE,267,21271.0,7817.687994486985,15366.938437799454,0.5279994637992002,-0.27756389272721294,42.06395728266961,13453.312005513017,7549.250443312469,0.5611443814146932
Seasonal_Profile_Imputation,CENSORED_APS-001_ECOM,262,10650.0,4053.0669775479582,10105.057649047907,0.2535998287356987,-0.05116829586404629,10.308542656622867,6596.933022452042,6051.990671499949,0.9173945909262027
Seasonal_Profile_Imputation,CENSORED_APS-001_RETAIL,271,7963.0,3010.149298129999,8355.17749018189,0.26625121810924823,0.049249967371830954,7.823462914405696,4952.850701870001,5345.02819205189,1.079182174829905
Seasonal_Profile_Imputation,CENSORED_APS-001_WHOLESALE,256,7719.0,2887.5950006984745,7267.622594871652,0.3124475699081801,-0.0584761504247115,9.421026531723603,4831.404999301525,4380.027594173177,0.9065742977056149
Seasonal_Profile_Imputation,CENSORED_CTS-001_ECOM,127,6263.0,3007.3981065789385,6386.2724441269065,0.24816831653509766,0.019682651145921527,12.238410759522178,3255.6018934210615,3378.874337547969,1.0378647169286936
Seasonal_Profile_Imputation,CENSORED_CTS-001_RETAIL,117,4883.0,1884.741981205508,4480.784470647445,0.2543917106413302,-0.08237057738123178,10.617048915056541,2998.2580187944923,2596.042489441938,0.8658502614413842
Seasonal_Profile_Imputation,CENSORED_CTS-001_WHOLESALE,173,7399.0,3259.488232712143,6614.953125673383,0.2734325438294489,-0.1059666001252355,11.69437798724909,4139.511767287857,3355.464892961239,0.8105943603005353
Seasonal_Profile_Imputation,CENSORED_IMH-001_ECOM,221,20924.0,8853.683271236227,20433.895264622275,0.2218996539067481,-0.02342309001040551,21.009178092057905,12070.316728763773,11580.211993386049,0.9593958678640307
Seasonal_Profile_Imputation,CENSORED_IMH-001_RETAIL,218,14146.0,5404.0673154518445,15511.517315175523,0.24704850089750321,0.09653027818291549,16.0309545582389,8741.932684548156,10107.449999723678,1.1562031377328208
Seasonal_Profile_Imputation,CENSORED_IMH-001_WHOLESALE,267,21271.0,7817.687994486985,19423.11483711313,0.2920033651980385,-0.08687345037313096,23.262934760777064,13453.312005513017,11605.426842626148,0.8626445917459117
Regression_Imputation,CENSORED_APS-001_ECOM,262,10650.0,4053.0669775479582,8776.05558621871,0.2542285471360884,-0.17595722195129482,10.334099339692141,6596.933022452042,4722.988608670753,0.7159370259780575
Regression_Imputation,CENSORED_APS-001_RETAIL,271,7963.0,3010.149298129999,6613.337795134785,0.22953184165495671,-0.16949167460319167,6.744509428407454,4952.850701870001,3603.188497004786,0.727497902499739
Regression_Imputation,CENSORED_APS-001_WHOLESALE,256,7719.0,2887.5950006984745,5745.737081459581,0.3085664402069896,-0.2556371186086824,9.304001374834971,4831.404999301525,2858.142080761106,0.5915757592613964
Regression_Imputation,CENSORED_CTS-001_ECOM,127,6263.0,3007.3981065789385,5430.509865517645,0.22729393800387052,-0.132921943873919,11.208991604080639,3255.6018934210615,2423.1117589387077,0.7442899464567045
Regression_Imputation,CENSORED_CTS-001_RETAIL,117,4883.0,1884.741981205508,4316.420378799245,0.22549341060937989,-0.11603105082956285,9.410977128253009,2998.2580187944923,2431.6783975937356,0.8110303991020222
Regression_Imputation,CENSORED_CTS-001_WHOLESALE,173,7399.0,3259.488232712143,5431.3967625730265,0.2887142427113033,-0.2659282656341362,12.347957698386896,4139.511767287857,2171.9085298608834,0.5246774624544391
Regression_Imputation,CENSORED_IMH-001_ECOM,221,20924.0,8853.683271236227,17570.45176091259,0.22259939708565543,-0.16027280821484466,21.075428889684407,12070.316728763773,8716.76848967636,0.7221656801187454
Regression_Imputation,CENSORED_IMH-001_RETAIL,218,14146.0,5404.0673154518445,12305.189910534136,0.22224598989147068,-0.13012937151603732,14.421521894517175,8741.932684548156,6901.122595082293,0.789427560713251
Regression_Imputation,CENSORED_IMH-001_WHOLESALE,267,21271.0,7817.687994486985,13450.197209499489,0.3799272860689663,-0.36767442952849,30.26754045682765,13453.312005513017,5632.509215012506,0.4186708234154063
