forecast_version,version_name,planning_cycle,forecast_as_of_date,planning_month,sku_id,channel_id,forecast_units,previous_version_units,change_units,change_pct,change_reason,owner_role,approval_status,actual_demand_units,forecast_error_vs_actual,fva_status,provenance
V0_ANALYTICAL_BASELINE,ANALYTICAL BASELINE,CYCLE_01_2026-08,2026-08-24,2026-09,HIS-001,ECOM,551.5,,0.0,0.0,Step 7C cold-start analytical baseline (BASE/NORMAL); anchor version,DEMAND PLANNING,BASELINE,,,NOT YET MEASURABLE - NO LAUNCH ACTUALS,DERIVED from Step 7C V0 (frozen) + SYNTHETIC COMMERCIAL PLANNING ASSUMPTIONS (Option B)
V0_ANALYTICAL_BASELINE,ANALYTICAL BASELINE,CYCLE_01_2026-08,2026-08-24,2026-09,HIS-001,RETAIL,428.96,,0.0,0.0,Step 7C cold-start analytical baseline (BASE/NORMAL); anchor version,DEMAND PLANNING,BASELINE,,,NOT YET MEASURABLE - NO LAUNCH ACTUALS,DERIVED from Step 7C V0 (frozen) + SYNTHETIC COMMERCIAL PLANNING ASSUMPTIONS (Option B)
V0_ANALYTICAL_BASELINE,ANALYTICAL BASELINE,CYCLE_01_2026-08,2026-08-24,2026-09,HIS-001,WHOLESALE,245.12,,0.0,0.0,Step 7C cold-start analytical baseline (BASE/NORMAL); anchor version,DEMAND PLANNING,BASELINE,,,NOT YET MEASURABLE - NO LAUNCH ACTUALS,DERIVED from Step 7C V0 (frozen) + SYNTHETIC COMMERCIAL PLANNING ASSUMPTIONS (Option B)
V0_ANALYTICAL_BASELINE,ANALYTICAL BASELINE,CYCLE_01_2026-08,2026-08-24,2026-10,HIS-001,ECOM,1170.33,,0.0,0.0,Step 7C cold-start analytical baseline (BASE/NORMAL); anchor version,DEMAND PLANNING,BASELINE,,,NOT YET MEASURABLE - NO LAUNCH ACTUALS,DERIVED from Step 7C V0 (frozen) + SYNTHETIC COMMERCIAL PLANNING ASSUMPTIONS (Option B)
V0_ANALYTICAL_BASELINE,ANALYTICAL BASELINE,CYCLE_01_2026-08,2026-08-24,2026-10,HIS-001,RETAIL,910.25,,0.0,0.0,Step 7C cold-start analytical baseline (BASE/NORMAL); anchor version,DEMAND PLANNING,BASELINE,,,NOT YET MEASURABLE - NO LAUNCH ACTUALS,DERIVED from Step 7C V0 (frozen) + SYNTHETIC COMMERCIAL PLANNING ASSUMPTIONS (Option B)
V0_ANALYTICAL_BASELINE,ANALYTICAL BASELINE,CYCLE_01_2026-08,2026-08-24,2026-10,HIS-001,WHOLESALE,520.13,,0.0,0.0,Step 7C cold-start analytical baseline (BASE/NORMAL); anchor version,DEMAND PLANNING,BASELINE,,,NOT YET MEASURABLE - NO LAUNCH ACTUALS,DERIVED from Step 7C V0 (frozen) + SYNTHETIC COMMERCIAL PLANNING ASSUMPTIONS (Option B)
V0_ANALYTICAL_BASELINE,ANALYTICAL BASELINE,CYCLE_01_2026-08,2026-08-24,2026-11,HIS-001,ECOM,1377.91,,0.0,0.0,Step 7C cold-start analytical baseline (BASE/NORMAL); anchor version,DEMAND PLANNING,BASELINE,,,NOT YET MEASURABLE - NO LAUNCH ACTUALS,DERIVED from Step 7C V0 (frozen) + SYNTHETIC COMMERCIAL PLANNING ASSUMPTIONS (Option B)
V0_ANALYTICAL_BASELINE,ANALYTICAL BASELINE,CYCLE_01_2026-08,2026-08-24,2026-11,HIS-001,RETAIL,1071.7,,0.0,0.0,Step 7C cold-start analytical baseline (BASE/NORMAL); anchor version,DEMAND PLANNING,BASELINE,,,NOT YET MEASURABLE - NO LAUNCH ACTUALS,DERIVED from Step 7C V0 (frozen) + SYNTHETIC COMMERCIAL PLANNING ASSUMPTIONS (Option B)
V0_ANALYTICAL_BASELINE,ANALYTICAL BASELINE,CYCLE_01_2026-08,2026-08-24,2026-11,HIS-001,WHOLESALE,612.4,,0.0,0.0,Step 7C cold-start analytical baseline (BASE/NORMAL); anchor version,DEMAND PLANNING,BASELINE,,,NOT YET MEASURABLE - NO LAUNCH ACTUALS,DERIVED from Step 7C V0 (frozen) + SYNTHETIC COMMERCIAL PLANNING ASSUMPTIONS (Option B)
V0_ANALYTICAL_BASELINE,ANALYTICAL BASELINE,CYCLE_01_2026-08,2026-08-24,2026-12,HIS-001,ECOM,1927.65,,0.0,0.0,Step 7C cold-start analytical baseline (BASE/NORMAL); anchor version,DEMAND PLANNING,BASELINE,,,NOT YET MEASURABLE - NO LAUNCH ACTUALS,DERIVED from Step 7C V0 (frozen) + SYNTHETIC COMMERCIAL PLANNING ASSUMPTIONS (Option B)
V0_ANALYTICAL_BASELINE,ANALYTICAL BASELINE,CYCLE_01_2026-08,2026-08-24,2026-12,HIS-001,RETAIL,1499.25,,0.0,0.0,Step 7C cold-start analytical baseline (BASE/NORMAL); anchor version,DEMAND PLANNING,BASELINE,,,NOT YET MEASURABLE - NO LAUNCH ACTUALS,DERIVED from Step 7C V0 (frozen) + SYNTHETIC COMMERCIAL PLANNING ASSUMPTIONS (Option B)
V0_ANALYTICAL_BASELINE,ANALYTICAL BASELINE,CYCLE_01_2026-08,2026-08-24,2026-12,HIS-001,WHOLESALE,856.75,,0.0,0.0,Step 7C cold-start analytical baseline (BASE/NORMAL); anchor version,DEMAND PLANNING,BASELINE,,,NOT YET MEASURABLE - NO LAUNCH ACTUALS,DERIVED from Step 7C V0 (frozen) + SYNTHETIC COMMERCIAL PLANNING ASSUMPTIONS (Option B)
V0_ANALYTICAL_BASELINE,ANALYTICAL BASELINE,CYCLE_01_2026-08,2026-08-24,2027-01,HIS-001,ECOM,1393.47,,0.0,0.0,Step 7C cold-start analytical baseline (BASE/NORMAL); anchor version,DEMAND PLANNING,BASELINE,,,NOT YET MEASURABLE - NO LAUNCH ACTUALS,DERIVED from Step 7C V0 (frozen) + SYNTHETIC COMMERCIAL PLANNING ASSUMPTIONS (Option B)
V0_ANALYTICAL_BASELINE,ANALYTICAL BASELINE,CYCLE_01_2026-08,2026-08-24,2027-01,HIS-001,RETAIL,1083.81,,0.0,0.0,Step 7C cold-start analytical baseline (BASE/NORMAL); anchor version,DEMAND PLANNING,BASELINE,,,NOT YET MEASURABLE - NO LAUNCH ACTUALS,DERIVED from Step 7C V0 (frozen) + SYNTHETIC COMMERCIAL PLANNING ASSUMPTIONS (Option B)
V0_ANALYTICAL_BASELINE,ANALYTICAL BASELINE,CYCLE_01_2026-08,2026-08-24,2027-01,HIS-001,WHOLESALE,619.3,,0.0,0.0,Step 7C cold-start analytical baseline (BASE/NORMAL); anchor version,DEMAND PLANNING,BASELINE,,,NOT YET MEASURABLE - NO LAUNCH ACTUALS,DERIVED from Step 7C V0 (frozen) + SYNTHETIC COMMERCIAL PLANNING ASSUMPTIONS (Option B)
V0_ANALYTICAL_BASELINE,ANALYTICAL BASELINE,CYCLE_01_2026-08,2026-08-24,2027-02,HIS-001,ECOM,1270.76,,0.0,0.0,Step 7C cold-start analytical baseline (BASE/NORMAL); anchor version,DEMAND PLANNING,BASELINE,,,NOT YET MEASURABLE - NO LAUNCH ACTUALS,DERIVED from Step 7C V0 (frozen) + SYNTHETIC COMMERCIAL PLANNING ASSUMPTIONS (Option B)
V0_ANALYTICAL_BASELINE,ANALYTICAL BASELINE,CYCLE_01_2026-08,2026-08-24,2027-02,HIS-001,RETAIL,988.37,,0.0,0.0,Step 7C cold-start analytical baseline (BASE/NORMAL); anchor version,DEMAND PLANNING,BASELINE,,,NOT YET MEASURABLE - NO LAUNCH ACTUALS,DERIVED from Step 7C V0 (frozen) + SYNTHETIC COMMERCIAL PLANNING ASSUMPTIONS (Option B)
V0_ANALYTICAL_BASELINE,ANALYTICAL BASELINE,CYCLE_01_2026-08,2026-08-24,2027-02,HIS-001,WHOLESALE,564.77,,0.0,0.0,Step 7C cold-start analytical baseline (BASE/NORMAL); anchor version,DEMAND PLANNING,BASELINE,,,NOT YET MEASURABLE - NO LAUNCH ACTUALS,DERIVED from Step 7C V0 (frozen) + SYNTHETIC COMMERCIAL PLANNING ASSUMPTIONS (Option B)
V0_ANALYTICAL_BASELINE,ANALYTICAL BASELINE,CYCLE_01_2026-08,2026-08-24,2027-03,HIS-001,ECOM,1058.96,,0.0,0.0,Step 7C cold-start analytical baseline (BASE/NORMAL); anchor version,DEMAND PLANNING,BASELINE,,,NOT YET MEASURABLE - NO LAUNCH ACTUALS,DERIVED from Step 7C V0 (frozen) + SYNTHETIC COMMERCIAL PLANNING ASSUMPTIONS (Option B)
V0_ANALYTICAL_BASELINE,ANALYTICAL BASELINE,CYCLE_01_2026-08,2026-08-24,2027-03,HIS-001,RETAIL,823.62,,0.0,0.0,Step 7C cold-start analytical baseline (BASE/NORMAL); anchor version,DEMAND PLANNING,BASELINE,,,NOT YET MEASURABLE - NO LAUNCH ACTUALS,DERIVED from Step 7C V0 (frozen) + SYNTHETIC COMMERCIAL PLANNING ASSUMPTIONS (Option B)
V0_ANALYTICAL_BASELINE,ANALYTICAL BASELINE,CYCLE_01_2026-08,2026-08-24,2027-03,HIS-001,WHOLESALE,470.65,,0.0,0.0,Step 7C cold-start analytical baseline (BASE/NORMAL); anchor version,DEMAND PLANNING,BASELINE,,,NOT YET MEASURABLE - NO LAUNCH ACTUALS,DERIVED from Step 7C V0 (frozen) + SYNTHETIC COMMERCIAL PLANNING ASSUMPTIONS (Option B)
V0_ANALYTICAL_BASELINE,ANALYTICAL BASELINE,CYCLE_01_2026-08,2026-08-24,2027-04,HIS-001,ECOM,1063.57,,0.0,0.0,Step 7C cold-start analytical baseline (BASE/NORMAL); anchor version,DEMAND PLANNING,BASELINE,,,NOT YET MEASURABLE - NO LAUNCH ACTUALS,DERIVED from Step 7C V0 (frozen) + SYNTHETIC COMMERCIAL PLANNING ASSUMPTIONS (Option B)
V0_ANALYTICAL_BASELINE,ANALYTICAL BASELINE,CYCLE_01_2026-08,2026-08-24,2027-04,HIS-001,RETAIL,827.2,,0.0,0.0,Step 7C cold-start analytical baseline (BASE/NORMAL); anchor version,DEMAND PLANNING,BASELINE,,,NOT YET MEASURABLE - NO LAUNCH ACTUALS,DERIVED from Step 7C V0 (frozen) + SYNTHETIC COMMERCIAL PLANNING ASSUMPTIONS (Option B)
V0_ANALYTICAL_BASELINE,ANALYTICAL BASELINE,CYCLE_01_2026-08,2026-08-24,2027-04,HIS-001,WHOLESALE,472.7,,0.0,0.0,Step 7C cold-start analytical baseline (BASE/NORMAL); anchor version,DEMAND PLANNING,BASELINE,,,NOT YET MEASURABLE - NO LAUNCH ACTUALS,DERIVED from Step 7C V0 (frozen) + SYNTHETIC COMMERCIAL PLANNING ASSUMPTIONS (Option B)
V0_ANALYTICAL_BASELINE,ANALYTICAL BASELINE,CYCLE_01_2026-08,2026-08-24,2027-05,HIS-001,ECOM,677.54,,0.0,0.0,Step 7C cold-start analytical baseline (BASE/NORMAL); anchor version,DEMAND PLANNING,BASELINE,,,NOT YET MEASURABLE - NO LAUNCH ACTUALS,DERIVED from Step 7C V0 (frozen) + SYNTHETIC COMMERCIAL PLANNING ASSUMPTIONS (Option B)
V0_ANALYTICAL_BASELINE,ANALYTICAL BASELINE,CYCLE_01_2026-08,2026-08-24,2027-05,HIS-001,RETAIL,526.98,,0.0,0.0,Step 7C cold-start analytical baseline (BASE/NORMAL); anchor version,DEMAND PLANNING,BASELINE,,,NOT YET MEASURABLE - NO LAUNCH ACTUALS,DERIVED from Step 7C V0 (frozen) + SYNTHETIC COMMERCIAL PLANNING ASSUMPTIONS (Option B)
V0_ANALYTICAL_BASELINE,ANALYTICAL BASELINE,CYCLE_01_2026-08,2026-08-24,2027-05,HIS-001,WHOLESALE,301.12,,0.0,0.0,Step 7C cold-start analytical baseline (BASE/NORMAL); anchor version,DEMAND PLANNING,BASELINE,,,NOT YET MEASURABLE - NO LAUNCH ACTUALS,DERIVED from Step 7C V0 (frozen) + SYNTHETIC COMMERCIAL PLANNING ASSUMPTIONS (Option B)
V0_ANALYTICAL_BASELINE,ANALYTICAL BASELINE,CYCLE_01_2026-08,2026-08-24,2027-06,HIS-001,ECOM,588.44,,0.0,0.0,Step 7C cold-start analytical baseline (BASE/NORMAL); anchor version,DEMAND PLANNING,BASELINE,,,NOT YET MEASURABLE - NO LAUNCH ACTUALS,DERIVED from Step 7C V0 (frozen) + SYNTHETIC COMMERCIAL PLANNING ASSUMPTIONS (Option B)
V0_ANALYTICAL_BASELINE,ANALYTICAL BASELINE,CYCLE_01_2026-08,2026-08-24,2027-06,HIS-001,RETAIL,457.67,,0.0,0.0,Step 7C cold-start analytical baseline (BASE/NORMAL); anchor version,DEMAND PLANNING,BASELINE,,,NOT YET MEASURABLE - NO LAUNCH ACTUALS,DERIVED from Step 7C V0 (frozen) + SYNTHETIC COMMERCIAL PLANNING ASSUMPTIONS (Option B)
V0_ANALYTICAL_BASELINE,ANALYTICAL BASELINE,CYCLE_01_2026-08,2026-08-24,2027-06,HIS-001,WHOLESALE,261.51,,0.0,0.0,Step 7C cold-start analytical baseline (BASE/NORMAL); anchor version,DEMAND PLANNING,BASELINE,,,NOT YET MEASURABLE - NO LAUNCH ACTUALS,DERIVED from Step 7C V0 (frozen) + SYNTHETIC COMMERCIAL PLANNING ASSUMPTIONS (Option B)
V0_ANALYTICAL_BASELINE,ANALYTICAL BASELINE,CYCLE_01_2026-08,2026-08-24,2027-07,HIS-001,ECOM,680.45,,0.0,0.0,Step 7C cold-start analytical baseline (BASE/NORMAL); anchor version,DEMAND PLANNING,BASELINE,,,NOT YET MEASURABLE - NO LAUNCH ACTUALS,DERIVED from Step 7C V0 (frozen) + SYNTHETIC COMMERCIAL PLANNING ASSUMPTIONS (Option B)
V0_ANALYTICAL_BASELINE,ANALYTICAL BASELINE,CYCLE_01_2026-08,2026-08-24,2027-07,HIS-001,RETAIL,529.24,,0.0,0.0,Step 7C cold-start analytical baseline (BASE/NORMAL); anchor version,DEMAND PLANNING,BASELINE,,,NOT YET MEASURABLE - NO LAUNCH ACTUALS,DERIVED from Step 7C V0 (frozen) + SYNTHETIC COMMERCIAL PLANNING ASSUMPTIONS (Option B)
V0_ANALYTICAL_BASELINE,ANALYTICAL BASELINE,CYCLE_01_2026-08,2026-08-24,2027-07,HIS-001,WHOLESALE,302.41,,0.0,0.0,Step 7C cold-start analytical baseline (BASE/NORMAL); anchor version,DEMAND PLANNING,BASELINE,,,NOT YET MEASURABLE - NO LAUNCH ACTUALS,DERIVED from Step 7C V0 (frozen) + SYNTHETIC COMMERCIAL PLANNING ASSUMPTIONS (Option B)
V0_ANALYTICAL_BASELINE,ANALYTICAL BASELINE,CYCLE_01_2026-08,2026-08-24,2027-08,HIS-001,ECOM,605.4,,0.0,0.0,Step 7C cold-start analytical baseline (BASE/NORMAL); anchor version,DEMAND PLANNING,BASELINE,,,NOT YET MEASURABLE - NO LAUNCH ACTUALS,DERIVED from Step 7C V0 (frozen) + SYNTHETIC COMMERCIAL PLANNING ASSUMPTIONS (Option B)
V0_ANALYTICAL_BASELINE,ANALYTICAL BASELINE,CYCLE_01_2026-08,2026-08-24,2027-08,HIS-001,RETAIL,470.86,,0.0,0.0,Step 7C cold-start analytical baseline (BASE/NORMAL); anchor version,DEMAND PLANNING,BASELINE,,,NOT YET MEASURABLE - NO LAUNCH ACTUALS,DERIVED from Step 7C V0 (frozen) + SYNTHETIC COMMERCIAL PLANNING ASSUMPTIONS (Option B)
V0_ANALYTICAL_BASELINE,ANALYTICAL BASELINE,CYCLE_01_2026-08,2026-08-24,2027-08,HIS-001,WHOLESALE,269.05,,0.0,0.0,Step 7C cold-start analytical baseline (BASE/NORMAL); anchor version,DEMAND PLANNING,BASELINE,,,NOT YET MEASURABLE - NO LAUNCH ACTUALS,DERIVED from Step 7C V0 (frozen) + SYNTHETIC COMMERCIAL PLANNING ASSUMPTIONS (Option B)
V0_ANALYTICAL_BASELINE,ANALYTICAL BASELINE,CYCLE_01_2026-08,2026-08-24,2027-09,HIS-001,ECOM,969.35,,0.0,0.0,Step 7C cold-start analytical baseline (BASE/NORMAL); anchor version,DEMAND PLANNING,BASELINE,,,NOT YET MEASURABLE - NO LAUNCH ACTUALS,DERIVED from Step 7C V0 (frozen) + SYNTHETIC COMMERCIAL PLANNING ASSUMPTIONS (Option B)
V0_ANALYTICAL_BASELINE,ANALYTICAL BASELINE,CYCLE_01_2026-08,2026-08-24,2027-09,HIS-001,RETAIL,753.95,,0.0,0.0,Step 7C cold-start analytical baseline (BASE/NORMAL); anchor version,DEMAND PLANNING,BASELINE,,,NOT YET MEASURABLE - NO LAUNCH ACTUALS,DERIVED from Step 7C V0 (frozen) + SYNTHETIC COMMERCIAL PLANNING ASSUMPTIONS (Option B)
V0_ANALYTICAL_BASELINE,ANALYTICAL BASELINE,CYCLE_01_2026-08,2026-08-24,2027-09,HIS-001,WHOLESALE,430.83,,0.0,0.0,Step 7C cold-start analytical baseline (BASE/NORMAL); anchor version,DEMAND PLANNING,BASELINE,,,NOT YET MEASURABLE - NO LAUNCH ACTUALS,DERIVED from Step 7C V0 (frozen) + SYNTHETIC COMMERCIAL PLANNING ASSUMPTIONS (Option B)
V0_ANALYTICAL_BASELINE,ANALYTICAL BASELINE,CYCLE_01_2026-08,2026-08-24,2027-10,HIS-001,ECOM,1111.44,,0.0,0.0,Step 7C cold-start analytical baseline (BASE/NORMAL); anchor version,DEMAND PLANNING,BASELINE,,,NOT YET MEASURABLE - NO LAUNCH ACTUALS,DERIVED from Step 7C V0 (frozen) + SYNTHETIC COMMERCIAL PLANNING ASSUMPTIONS (Option B)
V0_ANALYTICAL_BASELINE,ANALYTICAL BASELINE,CYCLE_01_2026-08,2026-08-24,2027-10,HIS-001,RETAIL,864.46,,0.0,0.0,Step 7C cold-start analytical baseline (BASE/NORMAL); anchor version,DEMAND PLANNING,BASELINE,,,NOT YET MEASURABLE - NO LAUNCH ACTUALS,DERIVED from Step 7C V0 (frozen) + SYNTHETIC COMMERCIAL PLANNING ASSUMPTIONS (Option B)
V0_ANALYTICAL_BASELINE,ANALYTICAL BASELINE,CYCLE_01_2026-08,2026-08-24,2027-10,HIS-001,WHOLESALE,493.98,,0.0,0.0,Step 7C cold-start analytical baseline (BASE/NORMAL); anchor version,DEMAND PLANNING,BASELINE,,,NOT YET MEASURABLE - NO LAUNCH ACTUALS,DERIVED from Step 7C V0 (frozen) + SYNTHETIC COMMERCIAL PLANNING ASSUMPTIONS (Option B)
V0_ANALYTICAL_BASELINE,ANALYTICAL BASELINE,CYCLE_01_2026-08,2026-08-24,2027-11,HIS-001,ECOM,1350.36,,0.0,0.0,Step 7C cold-start analytical baseline (BASE/NORMAL); anchor version,DEMAND PLANNING,BASELINE,,,NOT YET MEASURABLE - NO LAUNCH ACTUALS,DERIVED from Step 7C V0 (frozen) + SYNTHETIC COMMERCIAL PLANNING ASSUMPTIONS (Option B)
V0_ANALYTICAL_BASELINE,ANALYTICAL BASELINE,CYCLE_01_2026-08,2026-08-24,2027-11,HIS-001,RETAIL,1050.28,,0.0,0.0,Step 7C cold-start analytical baseline (BASE/NORMAL); anchor version,DEMAND PLANNING,BASELINE,,,NOT YET MEASURABLE - NO LAUNCH ACTUALS,DERIVED from Step 7C V0 (frozen) + SYNTHETIC COMMERCIAL PLANNING ASSUMPTIONS (Option B)
V0_ANALYTICAL_BASELINE,ANALYTICAL BASELINE,CYCLE_01_2026-08,2026-08-24,2027-11,HIS-001,WHOLESALE,600.17,,0.0,0.0,Step 7C cold-start analytical baseline (BASE/NORMAL); anchor version,DEMAND PLANNING,BASELINE,,,NOT YET MEASURABLE - NO LAUNCH ACTUALS,DERIVED from Step 7C V0 (frozen) + SYNTHETIC COMMERCIAL PLANNING ASSUMPTIONS (Option B)
V0_ANALYTICAL_BASELINE,ANALYTICAL BASELINE,CYCLE_01_2026-08,2026-08-24,2027-12,HIS-001,ECOM,1841.14,,0.0,0.0,Step 7C cold-start analytical baseline (BASE/NORMAL); anchor version,DEMAND PLANNING,BASELINE,,,NOT YET MEASURABLE - NO LAUNCH ACTUALS,DERIVED from Step 7C V0 (frozen) + SYNTHETIC COMMERCIAL PLANNING ASSUMPTIONS (Option B)
V0_ANALYTICAL_BASELINE,ANALYTICAL BASELINE,CYCLE_01_2026-08,2026-08-24,2027-12,HIS-001,RETAIL,1432.01,,0.0,0.0,Step 7C cold-start analytical baseline (BASE/NORMAL); anchor version,DEMAND PLANNING,BASELINE,,,NOT YET MEASURABLE - NO LAUNCH ACTUALS,DERIVED from Step 7C V0 (frozen) + SYNTHETIC COMMERCIAL PLANNING ASSUMPTIONS (Option B)
V0_ANALYTICAL_BASELINE,ANALYTICAL BASELINE,CYCLE_01_2026-08,2026-08-24,2027-12,HIS-001,WHOLESALE,818.3,,0.0,0.0,Step 7C cold-start analytical baseline (BASE/NORMAL); anchor version,DEMAND PLANNING,BASELINE,,,NOT YET MEASURABLE - NO LAUNCH ACTUALS,DERIVED from Step 7C V0 (frozen) + SYNTHETIC COMMERCIAL PLANNING ASSUMPTIONS (Option B)
V0_ANALYTICAL_BASELINE,ANALYTICAL BASELINE,CYCLE_01_2026-08,2026-08-24,2028-01,HIS-001,ECOM,1346.96,,0.0,0.0,Step 7C cold-start analytical baseline (BASE/NORMAL); anchor version,DEMAND PLANNING,BASELINE,,,NOT YET MEASURABLE - NO LAUNCH ACTUALS,DERIVED from Step 7C V0 (frozen) + SYNTHETIC COMMERCIAL PLANNING ASSUMPTIONS (Option B)
V0_ANALYTICAL_BASELINE,ANALYTICAL BASELINE,CYCLE_01_2026-08,2026-08-24,2028-01,HIS-001,RETAIL,1047.62,,0.0,0.0,Step 7C cold-start analytical baseline (BASE/NORMAL); anchor version,DEMAND PLANNING,BASELINE,,,NOT YET MEASURABLE - NO LAUNCH ACTUALS,DERIVED from Step 7C V0 (frozen) + SYNTHETIC COMMERCIAL PLANNING ASSUMPTIONS (Option B)
V0_ANALYTICAL_BASELINE,ANALYTICAL BASELINE,CYCLE_01_2026-08,2026-08-24,2028-01,HIS-001,WHOLESALE,598.65,,0.0,0.0,Step 7C cold-start analytical baseline (BASE/NORMAL); anchor version,DEMAND PLANNING,BASELINE,,,NOT YET MEASURABLE - NO LAUNCH ACTUALS,DERIVED from Step 7C V0 (frozen) + SYNTHETIC COMMERCIAL PLANNING ASSUMPTIONS (Option B)
V0_ANALYTICAL_BASELINE,ANALYTICAL BASELINE,CYCLE_01_2026-08,2026-08-24,2028-02,HIS-001,ECOM,1228.34,,0.0,0.0,Step 7C cold-start analytical baseline (BASE/NORMAL); anchor version,DEMAND PLANNING,BASELINE,,,NOT YET MEASURABLE - NO LAUNCH ACTUALS,DERIVED from Step 7C V0 (frozen) + SYNTHETIC COMMERCIAL PLANNING ASSUMPTIONS (Option B)
V0_ANALYTICAL_BASELINE,ANALYTICAL BASELINE,CYCLE_01_2026-08,2026-08-24,2028-02,HIS-001,RETAIL,955.37,,0.0,0.0,Step 7C cold-start analytical baseline (BASE/NORMAL); anchor version,DEMAND PLANNING,BASELINE,,,NOT YET MEASURABLE - NO LAUNCH ACTUALS,DERIVED from Step 7C V0 (frozen) + SYNTHETIC COMMERCIAL PLANNING ASSUMPTIONS (Option B)
V0_ANALYTICAL_BASELINE,ANALYTICAL BASELINE,CYCLE_01_2026-08,2026-08-24,2028-02,HIS-001,WHOLESALE,545.93,,0.0,0.0,Step 7C cold-start analytical baseline (BASE/NORMAL); anchor version,DEMAND PLANNING,BASELINE,,,NOT YET MEASURABLE - NO LAUNCH ACTUALS,DERIVED from Step 7C V0 (frozen) + SYNTHETIC COMMERCIAL PLANNING ASSUMPTIONS (Option B)
V1_COMMERCIAL_PLAN,COMMERCIAL / TOP-DOWN PLAN,CYCLE_01_2026-08,2026-08-24,2026-09,HIS-001,ECOM,611.63,551.5,60.13,10.903,Top-down Option B: category +5% growth x HIS 19% share; level-scaled to V0 shape; 45/35/20 mix preserved,MERCHANDISING / COMMERCIAL PLANNING,PROPOSED,,,NOT YET MEASURABLE - NO LAUNCH ACTUALS,DERIVED from Step 7C V0 (frozen) + SYNTHETIC COMMERCIAL PLANNING ASSUMPTIONS (Option B)
V1_COMMERCIAL_PLAN,COMMERCIAL / TOP-DOWN PLAN,CYCLE_01_2026-08,2026-08-24,2026-09,HIS-001,RETAIL,475.73,428.96,46.77,10.903,Top-down Option B: category +5% growth x HIS 19% share; level-scaled to V0 shape; 45/35/20 mix preserved,MERCHANDISING / COMMERCIAL PLANNING,PROPOSED,,,NOT YET MEASURABLE - NO LAUNCH ACTUALS,DERIVED from Step 7C V0 (frozen) + SYNTHETIC COMMERCIAL PLANNING ASSUMPTIONS (Option B)
V1_COMMERCIAL_PLAN,COMMERCIAL / TOP-DOWN PLAN,CYCLE_01_2026-08,2026-08-24,2026-09,HIS-001,WHOLESALE,271.84,245.12,26.72,10.901,Top-down Option B: category +5% growth x HIS 19% share; level-scaled to V0 shape; 45/35/20 mix preserved,MERCHANDISING / COMMERCIAL PLANNING,PROPOSED,,,NOT YET MEASURABLE - NO LAUNCH ACTUALS,DERIVED from Step 7C V0 (frozen) + SYNTHETIC COMMERCIAL PLANNING ASSUMPTIONS (Option B)
V1_COMMERCIAL_PLAN,COMMERCIAL / TOP-DOWN PLAN,CYCLE_01_2026-08,2026-08-24,2026-10,HIS-001,ECOM,1297.93,1170.33,127.6,10.903,Top-down Option B: category +5% growth x HIS 19% share; level-scaled to V0 shape; 45/35/20 mix preserved,MERCHANDISING / COMMERCIAL PLANNING,PROPOSED,,,NOT YET MEASURABLE - NO LAUNCH ACTUALS,DERIVED from Step 7C V0 (frozen) + SYNTHETIC COMMERCIAL PLANNING ASSUMPTIONS (Option B)
V1_COMMERCIAL_PLAN,COMMERCIAL / TOP-DOWN PLAN,CYCLE_01_2026-08,2026-08-24,2026-10,HIS-001,RETAIL,1009.49,910.25,99.24,10.902,Top-down Option B: category +5% growth x HIS 19% share; level-scaled to V0 shape; 45/35/20 mix preserved,MERCHANDISING / COMMERCIAL PLANNING,PROPOSED,,,NOT YET MEASURABLE - NO LAUNCH ACTUALS,DERIVED from Step 7C V0 (frozen) + SYNTHETIC COMMERCIAL PLANNING ASSUMPTIONS (Option B)
V1_COMMERCIAL_PLAN,COMMERCIAL / TOP-DOWN PLAN,CYCLE_01_2026-08,2026-08-24,2026-10,HIS-001,WHOLESALE,576.84,520.13,56.71,10.903,Top-down Option B: category +5% growth x HIS 19% share; level-scaled to V0 shape; 45/35/20 mix preserved,MERCHANDISING / COMMERCIAL PLANNING,PROPOSED,,,NOT YET MEASURABLE - NO LAUNCH ACTUALS,DERIVED from Step 7C V0 (frozen) + SYNTHETIC COMMERCIAL PLANNING ASSUMPTIONS (Option B)
V1_COMMERCIAL_PLAN,COMMERCIAL / TOP-DOWN PLAN,CYCLE_01_2026-08,2026-08-24,2026-11,HIS-001,ECOM,1528.14,1377.91,150.23,10.903,Top-down Option B: category +5% growth x HIS 19% share; level-scaled to V0 shape; 45/35/20 mix preserved,MERCHANDISING / COMMERCIAL PLANNING,PROPOSED,,,NOT YET MEASURABLE - NO LAUNCH ACTUALS,DERIVED from Step 7C V0 (frozen) + SYNTHETIC COMMERCIAL PLANNING ASSUMPTIONS (Option B)
V1_COMMERCIAL_PLAN,COMMERCIAL / TOP-DOWN PLAN,CYCLE_01_2026-08,2026-08-24,2026-11,HIS-001,RETAIL,1188.54,1071.7,116.84,10.902,Top-down Option B: category +5% growth x HIS 19% share; level-scaled to V0 shape; 45/35/20 mix preserved,MERCHANDISING / COMMERCIAL PLANNING,PROPOSED,,,NOT YET MEASURABLE - NO LAUNCH ACTUALS,DERIVED from Step 7C V0 (frozen) + SYNTHETIC COMMERCIAL PLANNING ASSUMPTIONS (Option B)
V1_COMMERCIAL_PLAN,COMMERCIAL / TOP-DOWN PLAN,CYCLE_01_2026-08,2026-08-24,2026-11,HIS-001,WHOLESALE,679.17,612.4,66.77,10.903,Top-down Option B: category +5% growth x HIS 19% share; level-scaled to V0 shape; 45/35/20 mix preserved,MERCHANDISING / COMMERCIAL PLANNING,PROPOSED,,,NOT YET MEASURABLE - NO LAUNCH ACTUALS,DERIVED from Step 7C V0 (frozen) + SYNTHETIC COMMERCIAL PLANNING ASSUMPTIONS (Option B)
V1_COMMERCIAL_PLAN,COMMERCIAL / TOP-DOWN PLAN,CYCLE_01_2026-08,2026-08-24,2026-12,HIS-001,ECOM,2137.82,1927.65,210.17,10.903,Top-down Option B: category +5% growth x HIS 19% share; level-scaled to V0 shape; 45/35/20 mix preserved,MERCHANDISING / COMMERCIAL PLANNING,PROPOSED,,,NOT YET MEASURABLE - NO LAUNCH ACTUALS,DERIVED from Step 7C V0 (frozen) + SYNTHETIC COMMERCIAL PLANNING ASSUMPTIONS (Option B)
V1_COMMERCIAL_PLAN,COMMERCIAL / TOP-DOWN PLAN,CYCLE_01_2026-08,2026-08-24,2026-12,HIS-001,RETAIL,1662.71,1499.25,163.46,10.903,Top-down Option B: category +5% growth x HIS 19% share; level-scaled to V0 shape; 45/35/20 mix preserved,MERCHANDISING / COMMERCIAL PLANNING,PROPOSED,,,NOT YET MEASURABLE - NO LAUNCH ACTUALS,DERIVED from Step 7C V0 (frozen) + SYNTHETIC COMMERCIAL PLANNING ASSUMPTIONS (Option B)
V1_COMMERCIAL_PLAN,COMMERCIAL / TOP-DOWN PLAN,CYCLE_01_2026-08,2026-08-24,2026-12,HIS-001,WHOLESALE,950.16,856.75,93.41,10.903,Top-down Option B: category +5% growth x HIS 19% share; level-scaled to V0 shape; 45/35/20 mix preserved,MERCHANDISING / COMMERCIAL PLANNING,PROPOSED,,,NOT YET MEASURABLE - NO LAUNCH ACTUALS,DERIVED from Step 7C V0 (frozen) + SYNTHETIC COMMERCIAL PLANNING ASSUMPTIONS (Option B)
V1_COMMERCIAL_PLAN,COMMERCIAL / TOP-DOWN PLAN,CYCLE_01_2026-08,2026-08-24,2027-01,HIS-001,ECOM,1545.4,1393.47,151.93,10.903,Top-down Option B: category +5% growth x HIS 19% share; level-scaled to V0 shape; 45/35/20 mix preserved,MERCHANDISING / COMMERCIAL PLANNING,PROPOSED,,,NOT YET MEASURABLE - NO LAUNCH ACTUALS,DERIVED from Step 7C V0 (frozen) + SYNTHETIC COMMERCIAL PLANNING ASSUMPTIONS (Option B)
V1_COMMERCIAL_PLAN,COMMERCIAL / TOP-DOWN PLAN,CYCLE_01_2026-08,2026-08-24,2027-01,HIS-001,RETAIL,1201.97,1083.81,118.16,10.902,Top-down Option B: category +5% growth x HIS 19% share; level-scaled to V0 shape; 45/35/20 mix preserved,MERCHANDISING / COMMERCIAL PLANNING,PROPOSED,,,NOT YET MEASURABLE - NO LAUNCH ACTUALS,DERIVED from Step 7C V0 (frozen) + SYNTHETIC COMMERCIAL PLANNING ASSUMPTIONS (Option B)
V1_COMMERCIAL_PLAN,COMMERCIAL / TOP-DOWN PLAN,CYCLE_01_2026-08,2026-08-24,2027-01,HIS-001,WHOLESALE,686.82,619.3,67.52,10.903,Top-down Option B: category +5% growth x HIS 19% share; level-scaled to V0 shape; 45/35/20 mix preserved,MERCHANDISING / COMMERCIAL PLANNING,PROPOSED,,,NOT YET MEASURABLE - NO LAUNCH ACTUALS,DERIVED from Step 7C V0 (frozen) + SYNTHETIC COMMERCIAL PLANNING ASSUMPTIONS (Option B)
V1_COMMERCIAL_PLAN,COMMERCIAL / TOP-DOWN PLAN,CYCLE_01_2026-08,2026-08-24,2027-02,HIS-001,ECOM,1409.31,1270.76,138.55,10.903,Top-down Option B: category +5% growth x HIS 19% share; level-scaled to V0 shape; 45/35/20 mix preserved,MERCHANDISING / COMMERCIAL PLANNING,PROPOSED,,,NOT YET MEASURABLE - NO LAUNCH ACTUALS,DERIVED from Step 7C V0 (frozen) + SYNTHETIC COMMERCIAL PLANNING ASSUMPTIONS (Option B)
V1_COMMERCIAL_PLAN,COMMERCIAL / TOP-DOWN PLAN,CYCLE_01_2026-08,2026-08-24,2027-02,HIS-001,RETAIL,1096.13,988.37,107.76,10.903,Top-down Option B: category +5% growth x HIS 19% share; level-scaled to V0 shape; 45/35/20 mix preserved,MERCHANDISING / COMMERCIAL PLANNING,PROPOSED,,,NOT YET MEASURABLE - NO LAUNCH ACTUALS,DERIVED from Step 7C V0 (frozen) + SYNTHETIC COMMERCIAL PLANNING ASSUMPTIONS (Option B)
V1_COMMERCIAL_PLAN,COMMERCIAL / TOP-DOWN PLAN,CYCLE_01_2026-08,2026-08-24,2027-02,HIS-001,WHOLESALE,626.35,564.77,61.58,10.904,Top-down Option B: category +5% growth x HIS 19% share; level-scaled to V0 shape; 45/35/20 mix preserved,MERCHANDISING / COMMERCIAL PLANNING,PROPOSED,,,NOT YET MEASURABLE - NO LAUNCH ACTUALS,DERIVED from Step 7C V0 (frozen) + SYNTHETIC COMMERCIAL PLANNING ASSUMPTIONS (Option B)
V1_COMMERCIAL_PLAN,COMMERCIAL / TOP-DOWN PLAN,CYCLE_01_2026-08,2026-08-24,2027-03,HIS-001,ECOM,1174.42,1058.96,115.46,10.903,Top-down Option B: category +5% growth x HIS 19% share; level-scaled to V0 shape; 45/35/20 mix preserved,MERCHANDISING / COMMERCIAL PLANNING,PROPOSED,,,NOT YET MEASURABLE - NO LAUNCH ACTUALS,DERIVED from Step 7C V0 (frozen) + SYNTHETIC COMMERCIAL PLANNING ASSUMPTIONS (Option B)
V1_COMMERCIAL_PLAN,COMMERCIAL / TOP-DOWN PLAN,CYCLE_01_2026-08,2026-08-24,2027-03,HIS-001,RETAIL,913.42,823.62,89.8,10.903,Top-down Option B: category +5% growth x HIS 19% share; level-scaled to V0 shape; 45/35/20 mix preserved,MERCHANDISING / COMMERCIAL PLANNING,PROPOSED,,,NOT YET MEASURABLE - NO LAUNCH ACTUALS,DERIVED from Step 7C V0 (frozen) + SYNTHETIC COMMERCIAL PLANNING ASSUMPTIONS (Option B)
V1_COMMERCIAL_PLAN,COMMERCIAL / TOP-DOWN PLAN,CYCLE_01_2026-08,2026-08-24,2027-03,HIS-001,WHOLESALE,521.96,470.65,51.31,10.902,Top-down Option B: category +5% growth x HIS 19% share; level-scaled to V0 shape; 45/35/20 mix preserved,MERCHANDISING / COMMERCIAL PLANNING,PROPOSED,,,NOT YET MEASURABLE - NO LAUNCH ACTUALS,DERIVED from Step 7C V0 (frozen) + SYNTHETIC COMMERCIAL PLANNING ASSUMPTIONS (Option B)
V1_COMMERCIAL_PLAN,COMMERCIAL / TOP-DOWN PLAN,CYCLE_01_2026-08,2026-08-24,2027-04,HIS-001,ECOM,1179.53,1063.57,115.96,10.903,Top-down Option B: category +5% growth x HIS 19% share; level-scaled to V0 shape; 45/35/20 mix preserved,MERCHANDISING / COMMERCIAL PLANNING,PROPOSED,,,NOT YET MEASURABLE - NO LAUNCH ACTUALS,DERIVED from Step 7C V0 (frozen) + SYNTHETIC COMMERCIAL PLANNING ASSUMPTIONS (Option B)
V1_COMMERCIAL_PLAN,COMMERCIAL / TOP-DOWN PLAN,CYCLE_01_2026-08,2026-08-24,2027-04,HIS-001,RETAIL,917.39,827.2,90.19,10.903,Top-down Option B: category +5% growth x HIS 19% share; level-scaled to V0 shape; 45/35/20 mix preserved,MERCHANDISING / COMMERCIAL PLANNING,PROPOSED,,,NOT YET MEASURABLE - NO LAUNCH ACTUALS,DERIVED from Step 7C V0 (frozen) + SYNTHETIC COMMERCIAL PLANNING ASSUMPTIONS (Option B)
V1_COMMERCIAL_PLAN,COMMERCIAL / TOP-DOWN PLAN,CYCLE_01_2026-08,2026-08-24,2027-04,HIS-001,WHOLESALE,524.24,472.7,51.54,10.903,Top-down Option B: category +5% growth x HIS 19% share; level-scaled to V0 shape; 45/35/20 mix preserved,MERCHANDISING / COMMERCIAL PLANNING,PROPOSED,,,NOT YET MEASURABLE - NO LAUNCH ACTUALS,DERIVED from Step 7C V0 (frozen) + SYNTHETIC COMMERCIAL PLANNING ASSUMPTIONS (Option B)
V1_COMMERCIAL_PLAN,COMMERCIAL / TOP-DOWN PLAN,CYCLE_01_2026-08,2026-08-24,2027-05,HIS-001,ECOM,751.41,677.54,73.87,10.903,Top-down Option B: category +5% growth x HIS 19% share; level-scaled to V0 shape; 45/35/20 mix preserved,MERCHANDISING / COMMERCIAL PLANNING,PROPOSED,,,NOT YET MEASURABLE - NO LAUNCH ACTUALS,DERIVED from Step 7C V0 (frozen) + SYNTHETIC COMMERCIAL PLANNING ASSUMPTIONS (Option B)
V1_COMMERCIAL_PLAN,COMMERCIAL / TOP-DOWN PLAN,CYCLE_01_2026-08,2026-08-24,2027-05,HIS-001,RETAIL,584.44,526.98,57.46,10.904,Top-down Option B: category +5% growth x HIS 19% share; level-scaled to V0 shape; 45/35/20 mix preserved,MERCHANDISING / COMMERCIAL PLANNING,PROPOSED,,,NOT YET MEASURABLE - NO LAUNCH ACTUALS,DERIVED from Step 7C V0 (frozen) + SYNTHETIC COMMERCIAL PLANNING ASSUMPTIONS (Option B)
V1_COMMERCIAL_PLAN,COMMERCIAL / TOP-DOWN PLAN,CYCLE_01_2026-08,2026-08-24,2027-05,HIS-001,WHOLESALE,333.95,301.12,32.83,10.903,Top-down Option B: category +5% growth x HIS 19% share; level-scaled to V0 shape; 45/35/20 mix preserved,MERCHANDISING / COMMERCIAL PLANNING,PROPOSED,,,NOT YET MEASURABLE - NO LAUNCH ACTUALS,DERIVED from Step 7C V0 (frozen) + SYNTHETIC COMMERCIAL PLANNING ASSUMPTIONS (Option B)
V1_COMMERCIAL_PLAN,COMMERCIAL / TOP-DOWN PLAN,CYCLE_01_2026-08,2026-08-24,2027-06,HIS-001,ECOM,652.6,588.44,64.16,10.903,Top-down Option B: category +5% growth x HIS 19% share; level-scaled to V0 shape; 45/35/20 mix preserved,MERCHANDISING / COMMERCIAL PLANNING,PROPOSED,,,NOT YET MEASURABLE - NO LAUNCH ACTUALS,DERIVED from Step 7C V0 (frozen) + SYNTHETIC COMMERCIAL PLANNING ASSUMPTIONS (Option B)
V1_COMMERCIAL_PLAN,COMMERCIAL / TOP-DOWN PLAN,CYCLE_01_2026-08,2026-08-24,2027-06,HIS-001,RETAIL,507.57,457.67,49.9,10.903,Top-down Option B: category +5% growth x HIS 19% share; level-scaled to V0 shape; 45/35/20 mix preserved,MERCHANDISING / COMMERCIAL PLANNING,PROPOSED,,,NOT YET MEASURABLE - NO LAUNCH ACTUALS,DERIVED from Step 7C V0 (frozen) + SYNTHETIC COMMERCIAL PLANNING ASSUMPTIONS (Option B)
V1_COMMERCIAL_PLAN,COMMERCIAL / TOP-DOWN PLAN,CYCLE_01_2026-08,2026-08-24,2027-06,HIS-001,WHOLESALE,290.02,261.51,28.51,10.902,Top-down Option B: category +5% growth x HIS 19% share; level-scaled to V0 shape; 45/35/20 mix preserved,MERCHANDISING / COMMERCIAL PLANNING,PROPOSED,,,NOT YET MEASURABLE - NO LAUNCH ACTUALS,DERIVED from Step 7C V0 (frozen) + SYNTHETIC COMMERCIAL PLANNING ASSUMPTIONS (Option B)
V1_COMMERCIAL_PLAN,COMMERCIAL / TOP-DOWN PLAN,CYCLE_01_2026-08,2026-08-24,2027-07,HIS-001,ECOM,754.64,680.45,74.19,10.903,Top-down Option B: category +5% growth x HIS 19% share; level-scaled to V0 shape; 45/35/20 mix preserved,MERCHANDISING / COMMERCIAL PLANNING,PROPOSED,,,NOT YET MEASURABLE - NO LAUNCH ACTUALS,DERIVED from Step 7C V0 (frozen) + SYNTHETIC COMMERCIAL PLANNING ASSUMPTIONS (Option B)
V1_COMMERCIAL_PLAN,COMMERCIAL / TOP-DOWN PLAN,CYCLE_01_2026-08,2026-08-24,2027-07,HIS-001,RETAIL,586.94,529.24,57.7,10.902,Top-down Option B: category +5% growth x HIS 19% share; level-scaled to V0 shape; 45/35/20 mix preserved,MERCHANDISING / COMMERCIAL PLANNING,PROPOSED,,,NOT YET MEASURABLE - NO LAUNCH ACTUALS,DERIVED from Step 7C V0 (frozen) + SYNTHETIC COMMERCIAL PLANNING ASSUMPTIONS (Option B)
V1_COMMERCIAL_PLAN,COMMERCIAL / TOP-DOWN PLAN,CYCLE_01_2026-08,2026-08-24,2027-07,HIS-001,WHOLESALE,335.38,302.41,32.97,10.902,Top-down Option B: category +5% growth x HIS 19% share; level-scaled to V0 shape; 45/35/20 mix preserved,MERCHANDISING / COMMERCIAL PLANNING,PROPOSED,,,NOT YET MEASURABLE - NO LAUNCH ACTUALS,DERIVED from Step 7C V0 (frozen) + SYNTHETIC COMMERCIAL PLANNING ASSUMPTIONS (Option B)
V1_COMMERCIAL_PLAN,COMMERCIAL / TOP-DOWN PLAN,CYCLE_01_2026-08,2026-08-24,2027-08,HIS-001,ECOM,671.41,605.4,66.01,10.904,Top-down Option B: category +5% growth x HIS 19% share; level-scaled to V0 shape; 45/35/20 mix preserved,MERCHANDISING / COMMERCIAL PLANNING,PROPOSED,,,NOT YET MEASURABLE - NO LAUNCH ACTUALS,DERIVED from Step 7C V0 (frozen) + SYNTHETIC COMMERCIAL PLANNING ASSUMPTIONS (Option B)
V1_COMMERCIAL_PLAN,COMMERCIAL / TOP-DOWN PLAN,CYCLE_01_2026-08,2026-08-24,2027-08,HIS-001,RETAIL,522.2,470.86,51.34,10.903,Top-down Option B: category +5% growth x HIS 19% share; level-scaled to V0 shape; 45/35/20 mix preserved,MERCHANDISING / COMMERCIAL PLANNING,PROPOSED,,,NOT YET MEASURABLE - NO LAUNCH ACTUALS,DERIVED from Step 7C V0 (frozen) + SYNTHETIC COMMERCIAL PLANNING ASSUMPTIONS (Option B)
V1_COMMERCIAL_PLAN,COMMERCIAL / TOP-DOWN PLAN,CYCLE_01_2026-08,2026-08-24,2027-08,HIS-001,WHOLESALE,298.38,269.05,29.33,10.901,Top-down Option B: category +5% growth x HIS 19% share; level-scaled to V0 shape; 45/35/20 mix preserved,MERCHANDISING / COMMERCIAL PLANNING,PROPOSED,,,NOT YET MEASURABLE - NO LAUNCH ACTUALS,DERIVED from Step 7C V0 (frozen) + SYNTHETIC COMMERCIAL PLANNING ASSUMPTIONS (Option B)
V1_COMMERCIAL_PLAN,COMMERCIAL / TOP-DOWN PLAN,CYCLE_01_2026-08,2026-08-24,2027-09,HIS-001,ECOM,1075.04,969.35,105.69,10.903,Top-down Option B: category +5% growth x HIS 19% share; level-scaled to V0 shape; 45/35/20 mix preserved,MERCHANDISING / COMMERCIAL PLANNING,PROPOSED,,,NOT YET MEASURABLE - NO LAUNCH ACTUALS,DERIVED from Step 7C V0 (frozen) + SYNTHETIC COMMERCIAL PLANNING ASSUMPTIONS (Option B)
V1_COMMERCIAL_PLAN,COMMERCIAL / TOP-DOWN PLAN,CYCLE_01_2026-08,2026-08-24,2027-09,HIS-001,RETAIL,836.15,753.95,82.2,10.903,Top-down Option B: category +5% growth x HIS 19% share; level-scaled to V0 shape; 45/35/20 mix preserved,MERCHANDISING / COMMERCIAL PLANNING,PROPOSED,,,NOT YET MEASURABLE - NO LAUNCH ACTUALS,DERIVED from Step 7C V0 (frozen) + SYNTHETIC COMMERCIAL PLANNING ASSUMPTIONS (Option B)
V1_COMMERCIAL_PLAN,COMMERCIAL / TOP-DOWN PLAN,CYCLE_01_2026-08,2026-08-24,2027-09,HIS-001,WHOLESALE,477.8,430.83,46.97,10.902,Top-down Option B: category +5% growth x HIS 19% share; level-scaled to V0 shape; 45/35/20 mix preserved,MERCHANDISING / COMMERCIAL PLANNING,PROPOSED,,,NOT YET MEASURABLE - NO LAUNCH ACTUALS,DERIVED from Step 7C V0 (frozen) + SYNTHETIC COMMERCIAL PLANNING ASSUMPTIONS (Option B)
V1_COMMERCIAL_PLAN,COMMERCIAL / TOP-DOWN PLAN,CYCLE_01_2026-08,2026-08-24,2027-10,HIS-001,ECOM,1232.62,1111.44,121.18,10.903,Top-down Option B: category +5% growth x HIS 19% share; level-scaled to V0 shape; 45/35/20 mix preserved,MERCHANDISING / COMMERCIAL PLANNING,PROPOSED,,,NOT YET MEASURABLE - NO LAUNCH ACTUALS,DERIVED from Step 7C V0 (frozen) + SYNTHETIC COMMERCIAL PLANNING ASSUMPTIONS (Option B)
V1_COMMERCIAL_PLAN,COMMERCIAL / TOP-DOWN PLAN,CYCLE_01_2026-08,2026-08-24,2027-10,HIS-001,RETAIL,958.71,864.46,94.25,10.903,Top-down Option B: category +5% growth x HIS 19% share; level-scaled to V0 shape; 45/35/20 mix preserved,MERCHANDISING / COMMERCIAL PLANNING,PROPOSED,,,NOT YET MEASURABLE - NO LAUNCH ACTUALS,DERIVED from Step 7C V0 (frozen) + SYNTHETIC COMMERCIAL PLANNING ASSUMPTIONS (Option B)
V1_COMMERCIAL_PLAN,COMMERCIAL / TOP-DOWN PLAN,CYCLE_01_2026-08,2026-08-24,2027-10,HIS-001,WHOLESALE,547.84,493.98,53.86,10.903,Top-down Option B: category +5% growth x HIS 19% share; level-scaled to V0 shape; 45/35/20 mix preserved,MERCHANDISING / COMMERCIAL PLANNING,PROPOSED,,,NOT YET MEASURABLE - NO LAUNCH ACTUALS,DERIVED from Step 7C V0 (frozen) + SYNTHETIC COMMERCIAL PLANNING ASSUMPTIONS (Option B)
V1_COMMERCIAL_PLAN,COMMERCIAL / TOP-DOWN PLAN,CYCLE_01_2026-08,2026-08-24,2027-11,HIS-001,ECOM,1497.59,1350.36,147.23,10.903,Top-down Option B: category +5% growth x HIS 19% share; level-scaled to V0 shape; 45/35/20 mix preserved,MERCHANDISING / COMMERCIAL PLANNING,PROPOSED,,,NOT YET MEASURABLE - NO LAUNCH ACTUALS,DERIVED from Step 7C V0 (frozen) + SYNTHETIC COMMERCIAL PLANNING ASSUMPTIONS (Option B)
V1_COMMERCIAL_PLAN,COMMERCIAL / TOP-DOWN PLAN,CYCLE_01_2026-08,2026-08-24,2027-11,HIS-001,RETAIL,1164.79,1050.28,114.51,10.903,Top-down Option B: category +5% growth x HIS 19% share; level-scaled to V0 shape; 45/35/20 mix preserved,MERCHANDISING / COMMERCIAL PLANNING,PROPOSED,,,NOT YET MEASURABLE - NO LAUNCH ACTUALS,DERIVED from Step 7C V0 (frozen) + SYNTHETIC COMMERCIAL PLANNING ASSUMPTIONS (Option B)
V1_COMMERCIAL_PLAN,COMMERCIAL / TOP-DOWN PLAN,CYCLE_01_2026-08,2026-08-24,2027-11,HIS-001,WHOLESALE,665.6,600.17,65.43,10.902,Top-down Option B: category +5% growth x HIS 19% share; level-scaled to V0 shape; 45/35/20 mix preserved,MERCHANDISING / COMMERCIAL PLANNING,PROPOSED,,,NOT YET MEASURABLE - NO LAUNCH ACTUALS,DERIVED from Step 7C V0 (frozen) + SYNTHETIC COMMERCIAL PLANNING ASSUMPTIONS (Option B)
V1_COMMERCIAL_PLAN,COMMERCIAL / TOP-DOWN PLAN,CYCLE_01_2026-08,2026-08-24,2027-12,HIS-001,ECOM,2041.87,1841.14,200.73,10.902,Top-down Option B: category +5% growth x HIS 19% share; level-scaled to V0 shape; 45/35/20 mix preserved,MERCHANDISING / COMMERCIAL PLANNING,PROPOSED,,,NOT YET MEASURABLE - NO LAUNCH ACTUALS,DERIVED from Step 7C V0 (frozen) + SYNTHETIC COMMERCIAL PLANNING ASSUMPTIONS (Option B)
V1_COMMERCIAL_PLAN,COMMERCIAL / TOP-DOWN PLAN,CYCLE_01_2026-08,2026-08-24,2027-12,HIS-001,RETAIL,1588.14,1432.01,156.13,10.903,Top-down Option B: category +5% growth x HIS 19% share; level-scaled to V0 shape; 45/35/20 mix preserved,MERCHANDISING / COMMERCIAL PLANNING,PROPOSED,,,NOT YET MEASURABLE - NO LAUNCH ACTUALS,DERIVED from Step 7C V0 (frozen) + SYNTHETIC COMMERCIAL PLANNING ASSUMPTIONS (Option B)
V1_COMMERCIAL_PLAN,COMMERCIAL / TOP-DOWN PLAN,CYCLE_01_2026-08,2026-08-24,2027-12,HIS-001,WHOLESALE,907.52,818.3,89.22,10.903,Top-down Option B: category +5% growth x HIS 19% share; level-scaled to V0 shape; 45/35/20 mix preserved,MERCHANDISING / COMMERCIAL PLANNING,PROPOSED,,,NOT YET MEASURABLE - NO LAUNCH ACTUALS,DERIVED from Step 7C V0 (frozen) + SYNTHETIC COMMERCIAL PLANNING ASSUMPTIONS (Option B)
V1_COMMERCIAL_PLAN,COMMERCIAL / TOP-DOWN PLAN,CYCLE_01_2026-08,2026-08-24,2028-01,HIS-001,ECOM,1493.82,1346.96,146.86,10.903,Top-down Option B: category +5% growth x HIS 19% share; level-scaled to V0 shape; 45/35/20 mix preserved,MERCHANDISING / COMMERCIAL PLANNING,PROPOSED,,,NOT YET MEASURABLE - NO LAUNCH ACTUALS,DERIVED from Step 7C V0 (frozen) + SYNTHETIC COMMERCIAL PLANNING ASSUMPTIONS (Option B)
V1_COMMERCIAL_PLAN,COMMERCIAL / TOP-DOWN PLAN,CYCLE_01_2026-08,2026-08-24,2028-01,HIS-001,RETAIL,1161.84,1047.62,114.22,10.903,Top-down Option B: category +5% growth x HIS 19% share; level-scaled to V0 shape; 45/35/20 mix preserved,MERCHANDISING / COMMERCIAL PLANNING,PROPOSED,,,NOT YET MEASURABLE - NO LAUNCH ACTUALS,DERIVED from Step 7C V0 (frozen) + SYNTHETIC COMMERCIAL PLANNING ASSUMPTIONS (Option B)
V1_COMMERCIAL_PLAN,COMMERCIAL / TOP-DOWN PLAN,CYCLE_01_2026-08,2026-08-24,2028-01,HIS-001,WHOLESALE,663.92,598.65,65.27,10.903,Top-down Option B: category +5% growth x HIS 19% share; level-scaled to V0 shape; 45/35/20 mix preserved,MERCHANDISING / COMMERCIAL PLANNING,PROPOSED,,,NOT YET MEASURABLE - NO LAUNCH ACTUALS,DERIVED from Step 7C V0 (frozen) + SYNTHETIC COMMERCIAL PLANNING ASSUMPTIONS (Option B)
V1_COMMERCIAL_PLAN,COMMERCIAL / TOP-DOWN PLAN,CYCLE_01_2026-08,2026-08-24,2028-02,HIS-001,ECOM,1362.26,1228.34,133.92,10.903,Top-down Option B: category +5% growth x HIS 19% share; level-scaled to V0 shape; 45/35/20 mix preserved,MERCHANDISING / COMMERCIAL PLANNING,PROPOSED,,,NOT YET MEASURABLE - NO LAUNCH ACTUALS,DERIVED from Step 7C V0 (frozen) + SYNTHETIC COMMERCIAL PLANNING ASSUMPTIONS (Option B)
V1_COMMERCIAL_PLAN,COMMERCIAL / TOP-DOWN PLAN,CYCLE_01_2026-08,2026-08-24,2028-02,HIS-001,RETAIL,1059.53,955.37,104.16,10.903,Top-down Option B: category +5% growth x HIS 19% share; level-scaled to V0 shape; 45/35/20 mix preserved,MERCHANDISING / COMMERCIAL PLANNING,PROPOSED,,,NOT YET MEASURABLE - NO LAUNCH ACTUALS,DERIVED from Step 7C V0 (frozen) + SYNTHETIC COMMERCIAL PLANNING ASSUMPTIONS (Option B)
V1_COMMERCIAL_PLAN,COMMERCIAL / TOP-DOWN PLAN,CYCLE_01_2026-08,2026-08-24,2028-02,HIS-001,WHOLESALE,605.45,545.93,59.52,10.902,Top-down Option B: category +5% growth x HIS 19% share; level-scaled to V0 shape; 45/35/20 mix preserved,MERCHANDISING / COMMERCIAL PLANNING,PROPOSED,,,NOT YET MEASURABLE - NO LAUNCH ACTUALS,DERIVED from Step 7C V0 (frozen) + SYNTHETIC COMMERCIAL PLANNING ASSUMPTIONS (Option B)
V2_CONSENSUS_FORECAST,CONSENSUS FORECAST,CYCLE_01_2026-08,2026-08-24,2026-09,HIS-001,ECOM,606.65,611.63,-4.98,-0.814,PLANNER_REVIEW: accepted bounded consensus move (cap +/-10%) vs V0; residual vs commercial escalated to IBP; not an average,DEMAND PLANNING (consensus facilitator),CONSENSUS,,,NOT YET MEASURABLE - NO LAUNCH ACTUALS,DERIVED from Step 7C V0 (frozen) + SYNTHETIC COMMERCIAL PLANNING ASSUMPTIONS (Option B)
V2_CONSENSUS_FORECAST,CONSENSUS FORECAST,CYCLE_01_2026-08,2026-08-24,2026-09,HIS-001,RETAIL,471.86,475.73,-3.87,-0.813,PLANNER_REVIEW: accepted bounded consensus move (cap +/-10%) vs V0; residual vs commercial escalated to IBP; not an average,DEMAND PLANNING (consensus facilitator),CONSENSUS,,,NOT YET MEASURABLE - NO LAUNCH ACTUALS,DERIVED from Step 7C V0 (frozen) + SYNTHETIC COMMERCIAL PLANNING ASSUMPTIONS (Option B)
V2_CONSENSUS_FORECAST,CONSENSUS FORECAST,CYCLE_01_2026-08,2026-08-24,2026-09,HIS-001,WHOLESALE,269.63,271.84,-2.21,-0.813,PLANNER_REVIEW: accepted bounded consensus move (cap +/-10%) vs V0; residual vs commercial escalated to IBP; not an average,DEMAND PLANNING (consensus facilitator),CONSENSUS,,,NOT YET MEASURABLE - NO LAUNCH ACTUALS,DERIVED from Step 7C V0 (frozen) + SYNTHETIC COMMERCIAL PLANNING ASSUMPTIONS (Option B)
V2_CONSENSUS_FORECAST,CONSENSUS FORECAST,CYCLE_01_2026-08,2026-08-24,2026-10,HIS-001,ECOM,1287.36,1297.93,-10.57,-0.814,PLANNER_REVIEW: accepted bounded consensus move (cap +/-10%) vs V0; residual vs commercial escalated to IBP; not an average,DEMAND PLANNING (consensus facilitator),CONSENSUS,,,NOT YET MEASURABLE - NO LAUNCH ACTUALS,DERIVED from Step 7C V0 (frozen) + SYNTHETIC COMMERCIAL PLANNING ASSUMPTIONS (Option B)
V2_CONSENSUS_FORECAST,CONSENSUS FORECAST,CYCLE_01_2026-08,2026-08-24,2026-10,HIS-001,RETAIL,1001.28,1009.49,-8.21,-0.813,PLANNER_REVIEW: accepted bounded consensus move (cap +/-10%) vs V0; residual vs commercial escalated to IBP; not an average,DEMAND PLANNING (consensus facilitator),CONSENSUS,,,NOT YET MEASURABLE - NO LAUNCH ACTUALS,DERIVED from Step 7C V0 (frozen) + SYNTHETIC COMMERCIAL PLANNING ASSUMPTIONS (Option B)
V2_CONSENSUS_FORECAST,CONSENSUS FORECAST,CYCLE_01_2026-08,2026-08-24,2026-10,HIS-001,WHOLESALE,572.14,576.84,-4.7,-0.815,PLANNER_REVIEW: accepted bounded consensus move (cap +/-10%) vs V0; residual vs commercial escalated to IBP; not an average,DEMAND PLANNING (consensus facilitator),CONSENSUS,,,NOT YET MEASURABLE - NO LAUNCH ACTUALS,DERIVED from Step 7C V0 (frozen) + SYNTHETIC COMMERCIAL PLANNING ASSUMPTIONS (Option B)
V2_CONSENSUS_FORECAST,CONSENSUS FORECAST,CYCLE_01_2026-08,2026-08-24,2026-11,HIS-001,ECOM,1515.7,1528.14,-12.44,-0.814,PLANNER_REVIEW: accepted bounded consensus move (cap +/-10%) vs V0; residual vs commercial escalated to IBP; not an average,DEMAND PLANNING (consensus facilitator),CONSENSUS,,,NOT YET MEASURABLE - NO LAUNCH ACTUALS,DERIVED from Step 7C V0 (frozen) + SYNTHETIC COMMERCIAL PLANNING ASSUMPTIONS (Option B)
V2_CONSENSUS_FORECAST,CONSENSUS FORECAST,CYCLE_01_2026-08,2026-08-24,2026-11,HIS-001,RETAIL,1178.87,1188.54,-9.67,-0.814,PLANNER_REVIEW: accepted bounded consensus move (cap +/-10%) vs V0; residual vs commercial escalated to IBP; not an average,DEMAND PLANNING (consensus facilitator),CONSENSUS,,,NOT YET MEASURABLE - NO LAUNCH ACTUALS,DERIVED from Step 7C V0 (frozen) + SYNTHETIC COMMERCIAL PLANNING ASSUMPTIONS (Option B)
V2_CONSENSUS_FORECAST,CONSENSUS FORECAST,CYCLE_01_2026-08,2026-08-24,2026-11,HIS-001,WHOLESALE,673.64,679.17,-5.53,-0.814,PLANNER_REVIEW: accepted bounded consensus move (cap +/-10%) vs V0; residual vs commercial escalated to IBP; not an average,DEMAND PLANNING (consensus facilitator),CONSENSUS,,,NOT YET MEASURABLE - NO LAUNCH ACTUALS,DERIVED from Step 7C V0 (frozen) + SYNTHETIC COMMERCIAL PLANNING ASSUMPTIONS (Option B)
V2_CONSENSUS_FORECAST,CONSENSUS FORECAST,CYCLE_01_2026-08,2026-08-24,2026-12,HIS-001,ECOM,2120.42,2137.82,-17.4,-0.814,PLANNER_REVIEW: accepted bounded consensus move (cap +/-10%) vs V0; residual vs commercial escalated to IBP; not an average,DEMAND PLANNING (consensus facilitator),CONSENSUS,,,NOT YET MEASURABLE - NO LAUNCH ACTUALS,DERIVED from Step 7C V0 (frozen) + SYNTHETIC COMMERCIAL PLANNING ASSUMPTIONS (Option B)
V2_CONSENSUS_FORECAST,CONSENSUS FORECAST,CYCLE_01_2026-08,2026-08-24,2026-12,HIS-001,RETAIL,1649.18,1662.71,-13.53,-0.814,PLANNER_REVIEW: accepted bounded consensus move (cap +/-10%) vs V0; residual vs commercial escalated to IBP; not an average,DEMAND PLANNING (consensus facilitator),CONSENSUS,,,NOT YET MEASURABLE - NO LAUNCH ACTUALS,DERIVED from Step 7C V0 (frozen) + SYNTHETIC COMMERCIAL PLANNING ASSUMPTIONS (Option B)
V2_CONSENSUS_FORECAST,CONSENSUS FORECAST,CYCLE_01_2026-08,2026-08-24,2026-12,HIS-001,WHOLESALE,942.42,950.16,-7.74,-0.815,PLANNER_REVIEW: accepted bounded consensus move (cap +/-10%) vs V0; residual vs commercial escalated to IBP; not an average,DEMAND PLANNING (consensus facilitator),CONSENSUS,,,NOT YET MEASURABLE - NO LAUNCH ACTUALS,DERIVED from Step 7C V0 (frozen) + SYNTHETIC COMMERCIAL PLANNING ASSUMPTIONS (Option B)
V2_CONSENSUS_FORECAST,CONSENSUS FORECAST,CYCLE_01_2026-08,2026-08-24,2027-01,HIS-001,ECOM,1532.82,1545.4,-12.58,-0.814,PLANNER_REVIEW: accepted bounded consensus move (cap +/-10%) vs V0; residual vs commercial escalated to IBP; not an average,DEMAND PLANNING (consensus facilitator),CONSENSUS,,,NOT YET MEASURABLE - NO LAUNCH ACTUALS,DERIVED from Step 7C V0 (frozen) + SYNTHETIC COMMERCIAL PLANNING ASSUMPTIONS (Option B)
V2_CONSENSUS_FORECAST,CONSENSUS FORECAST,CYCLE_01_2026-08,2026-08-24,2027-01,HIS-001,RETAIL,1192.19,1201.97,-9.78,-0.814,PLANNER_REVIEW: accepted bounded consensus move (cap +/-10%) vs V0; residual vs commercial escalated to IBP; not an average,DEMAND PLANNING (consensus facilitator),CONSENSUS,,,NOT YET MEASURABLE - NO LAUNCH ACTUALS,DERIVED from Step 7C V0 (frozen) + SYNTHETIC COMMERCIAL PLANNING ASSUMPTIONS (Option B)
V2_CONSENSUS_FORECAST,CONSENSUS FORECAST,CYCLE_01_2026-08,2026-08-24,2027-01,HIS-001,WHOLESALE,681.23,686.82,-5.59,-0.814,PLANNER_REVIEW: accepted bounded consensus move (cap +/-10%) vs V0; residual vs commercial escalated to IBP; not an average,DEMAND PLANNING (consensus facilitator),CONSENSUS,,,NOT YET MEASURABLE - NO LAUNCH ACTUALS,DERIVED from Step 7C V0 (frozen) + SYNTHETIC COMMERCIAL PLANNING ASSUMPTIONS (Option B)
V2_CONSENSUS_FORECAST,CONSENSUS FORECAST,CYCLE_01_2026-08,2026-08-24,2027-02,HIS-001,ECOM,1397.84,1409.31,-11.47,-0.814,PLANNER_REVIEW: accepted bounded consensus move (cap +/-10%) vs V0; residual vs commercial escalated to IBP; not an average,DEMAND PLANNING (consensus facilitator),CONSENSUS,,,NOT YET MEASURABLE - NO LAUNCH ACTUALS,DERIVED from Step 7C V0 (frozen) + SYNTHETIC COMMERCIAL PLANNING ASSUMPTIONS (Option B)
V2_CONSENSUS_FORECAST,CONSENSUS FORECAST,CYCLE_01_2026-08,2026-08-24,2027-02,HIS-001,RETAIL,1087.21,1096.13,-8.92,-0.814,PLANNER_REVIEW: accepted bounded consensus move (cap +/-10%) vs V0; residual vs commercial escalated to IBP; not an average,DEMAND PLANNING (consensus facilitator),CONSENSUS,,,NOT YET MEASURABLE - NO LAUNCH ACTUALS,DERIVED from Step 7C V0 (frozen) + SYNTHETIC COMMERCIAL PLANNING ASSUMPTIONS (Option B)
V2_CONSENSUS_FORECAST,CONSENSUS FORECAST,CYCLE_01_2026-08,2026-08-24,2027-02,HIS-001,WHOLESALE,621.25,626.35,-5.1,-0.814,PLANNER_REVIEW: accepted bounded consensus move (cap +/-10%) vs V0; residual vs commercial escalated to IBP; not an average,DEMAND PLANNING (consensus facilitator),CONSENSUS,,,NOT YET MEASURABLE - NO LAUNCH ACTUALS,DERIVED from Step 7C V0 (frozen) + SYNTHETIC COMMERCIAL PLANNING ASSUMPTIONS (Option B)
V2_CONSENSUS_FORECAST,CONSENSUS FORECAST,CYCLE_01_2026-08,2026-08-24,2027-03,HIS-001,ECOM,1164.86,1174.42,-9.56,-0.814,PLANNER_REVIEW: accepted bounded consensus move (cap +/-10%) vs V0; residual vs commercial escalated to IBP; not an average,DEMAND PLANNING (consensus facilitator),CONSENSUS,,,NOT YET MEASURABLE - NO LAUNCH ACTUALS,DERIVED from Step 7C V0 (frozen) + SYNTHETIC COMMERCIAL PLANNING ASSUMPTIONS (Option B)
V2_CONSENSUS_FORECAST,CONSENSUS FORECAST,CYCLE_01_2026-08,2026-08-24,2027-03,HIS-001,RETAIL,905.98,913.42,-7.44,-0.815,PLANNER_REVIEW: accepted bounded consensus move (cap +/-10%) vs V0; residual vs commercial escalated to IBP; not an average,DEMAND PLANNING (consensus facilitator),CONSENSUS,,,NOT YET MEASURABLE - NO LAUNCH ACTUALS,DERIVED from Step 7C V0 (frozen) + SYNTHETIC COMMERCIAL PLANNING ASSUMPTIONS (Option B)
V2_CONSENSUS_FORECAST,CONSENSUS FORECAST,CYCLE_01_2026-08,2026-08-24,2027-03,HIS-001,WHOLESALE,517.72,521.96,-4.24,-0.812,PLANNER_REVIEW: accepted bounded consensus move (cap +/-10%) vs V0; residual vs commercial escalated to IBP; not an average,DEMAND PLANNING (consensus facilitator),CONSENSUS,,,NOT YET MEASURABLE - NO LAUNCH ACTUALS,DERIVED from Step 7C V0 (frozen) + SYNTHETIC COMMERCIAL PLANNING ASSUMPTIONS (Option B)
V2_CONSENSUS_FORECAST,CONSENSUS FORECAST,CYCLE_01_2026-08,2026-08-24,2027-04,HIS-001,ECOM,1169.93,1179.53,-9.6,-0.814,PLANNER_REVIEW: accepted bounded consensus move (cap +/-10%) vs V0; residual vs commercial escalated to IBP; not an average,DEMAND PLANNING (consensus facilitator),CONSENSUS,,,NOT YET MEASURABLE - NO LAUNCH ACTUALS,DERIVED from Step 7C V0 (frozen) + SYNTHETIC COMMERCIAL PLANNING ASSUMPTIONS (Option B)
V2_CONSENSUS_FORECAST,CONSENSUS FORECAST,CYCLE_01_2026-08,2026-08-24,2027-04,HIS-001,RETAIL,909.92,917.39,-7.47,-0.814,PLANNER_REVIEW: accepted bounded consensus move (cap +/-10%) vs V0; residual vs commercial escalated to IBP; not an average,DEMAND PLANNING (consensus facilitator),CONSENSUS,,,NOT YET MEASURABLE - NO LAUNCH ACTUALS,DERIVED from Step 7C V0 (frozen) + SYNTHETIC COMMERCIAL PLANNING ASSUMPTIONS (Option B)
V2_CONSENSUS_FORECAST,CONSENSUS FORECAST,CYCLE_01_2026-08,2026-08-24,2027-04,HIS-001,WHOLESALE,519.97,524.24,-4.27,-0.815,PLANNER_REVIEW: accepted bounded consensus move (cap +/-10%) vs V0; residual vs commercial escalated to IBP; not an average,DEMAND PLANNING (consensus facilitator),CONSENSUS,,,NOT YET MEASURABLE - NO LAUNCH ACTUALS,DERIVED from Step 7C V0 (frozen) + SYNTHETIC COMMERCIAL PLANNING ASSUMPTIONS (Option B)
V2_CONSENSUS_FORECAST,CONSENSUS FORECAST,CYCLE_01_2026-08,2026-08-24,2027-05,HIS-001,ECOM,745.29,751.41,-6.12,-0.814,PLANNER_REVIEW: accepted bounded consensus move (cap +/-10%) vs V0; residual vs commercial escalated to IBP; not an average,DEMAND PLANNING (consensus facilitator),CONSENSUS,,,NOT YET MEASURABLE - NO LAUNCH ACTUALS,DERIVED from Step 7C V0 (frozen) + SYNTHETIC COMMERCIAL PLANNING ASSUMPTIONS (Option B)
V2_CONSENSUS_FORECAST,CONSENSUS FORECAST,CYCLE_01_2026-08,2026-08-24,2027-05,HIS-001,RETAIL,579.68,584.44,-4.76,-0.814,PLANNER_REVIEW: accepted bounded consensus move (cap +/-10%) vs V0; residual vs commercial escalated to IBP; not an average,DEMAND PLANNING (consensus facilitator),CONSENSUS,,,NOT YET MEASURABLE - NO LAUNCH ACTUALS,DERIVED from Step 7C V0 (frozen) + SYNTHETIC COMMERCIAL PLANNING ASSUMPTIONS (Option B)
V2_CONSENSUS_FORECAST,CONSENSUS FORECAST,CYCLE_01_2026-08,2026-08-24,2027-05,HIS-001,WHOLESALE,331.23,333.95,-2.72,-0.814,PLANNER_REVIEW: accepted bounded consensus move (cap +/-10%) vs V0; residual vs commercial escalated to IBP; not an average,DEMAND PLANNING (consensus facilitator),CONSENSUS,,,NOT YET MEASURABLE - NO LAUNCH ACTUALS,DERIVED from Step 7C V0 (frozen) + SYNTHETIC COMMERCIAL PLANNING ASSUMPTIONS (Option B)
V2_CONSENSUS_FORECAST,CONSENSUS FORECAST,CYCLE_01_2026-08,2026-08-24,2027-06,HIS-001,ECOM,647.28,652.6,-5.32,-0.815,PLANNER_REVIEW: accepted bounded consensus move (cap +/-10%) vs V0; residual vs commercial escalated to IBP; not an average,DEMAND PLANNING (consensus facilitator),CONSENSUS,,,NOT YET MEASURABLE - NO LAUNCH ACTUALS,DERIVED from Step 7C V0 (frozen) + SYNTHETIC COMMERCIAL PLANNING ASSUMPTIONS (Option B)
V2_CONSENSUS_FORECAST,CONSENSUS FORECAST,CYCLE_01_2026-08,2026-08-24,2027-06,HIS-001,RETAIL,503.44,507.57,-4.13,-0.814,PLANNER_REVIEW: accepted bounded consensus move (cap +/-10%) vs V0; residual vs commercial escalated to IBP; not an average,DEMAND PLANNING (consensus facilitator),CONSENSUS,,,NOT YET MEASURABLE - NO LAUNCH ACTUALS,DERIVED from Step 7C V0 (frozen) + SYNTHETIC COMMERCIAL PLANNING ASSUMPTIONS (Option B)
V2_CONSENSUS_FORECAST,CONSENSUS FORECAST,CYCLE_01_2026-08,2026-08-24,2027-06,HIS-001,WHOLESALE,287.66,290.02,-2.36,-0.814,PLANNER_REVIEW: accepted bounded consensus move (cap +/-10%) vs V0; residual vs commercial escalated to IBP; not an average,DEMAND PLANNING (consensus facilitator),CONSENSUS,,,NOT YET MEASURABLE - NO LAUNCH ACTUALS,DERIVED from Step 7C V0 (frozen) + SYNTHETIC COMMERCIAL PLANNING ASSUMPTIONS (Option B)
V2_CONSENSUS_FORECAST,CONSENSUS FORECAST,CYCLE_01_2026-08,2026-08-24,2027-07,HIS-001,ECOM,748.5,754.64,-6.14,-0.814,PLANNER_REVIEW: accepted bounded consensus move (cap +/-10%) vs V0; residual vs commercial escalated to IBP; not an average,DEMAND PLANNING (consensus facilitator),CONSENSUS,,,NOT YET MEASURABLE - NO LAUNCH ACTUALS,DERIVED from Step 7C V0 (frozen) + SYNTHETIC COMMERCIAL PLANNING ASSUMPTIONS (Option B)
V2_CONSENSUS_FORECAST,CONSENSUS FORECAST,CYCLE_01_2026-08,2026-08-24,2027-07,HIS-001,RETAIL,582.16,586.94,-4.78,-0.814,PLANNER_REVIEW: accepted bounded consensus move (cap +/-10%) vs V0; residual vs commercial escalated to IBP; not an average,DEMAND PLANNING (consensus facilitator),CONSENSUS,,,NOT YET MEASURABLE - NO LAUNCH ACTUALS,DERIVED from Step 7C V0 (frozen) + SYNTHETIC COMMERCIAL PLANNING ASSUMPTIONS (Option B)
V2_CONSENSUS_FORECAST,CONSENSUS FORECAST,CYCLE_01_2026-08,2026-08-24,2027-07,HIS-001,WHOLESALE,332.65,335.38,-2.73,-0.814,PLANNER_REVIEW: accepted bounded consensus move (cap +/-10%) vs V0; residual vs commercial escalated to IBP; not an average,DEMAND PLANNING (consensus facilitator),CONSENSUS,,,NOT YET MEASURABLE - NO LAUNCH ACTUALS,DERIVED from Step 7C V0 (frozen) + SYNTHETIC COMMERCIAL PLANNING ASSUMPTIONS (Option B)
V2_CONSENSUS_FORECAST,CONSENSUS FORECAST,CYCLE_01_2026-08,2026-08-24,2027-08,HIS-001,ECOM,665.94,671.41,-5.47,-0.815,PLANNER_REVIEW: accepted bounded consensus move (cap +/-10%) vs V0; residual vs commercial escalated to IBP; not an average,DEMAND PLANNING (consensus facilitator),CONSENSUS,,,NOT YET MEASURABLE - NO LAUNCH ACTUALS,DERIVED from Step 7C V0 (frozen) + SYNTHETIC COMMERCIAL PLANNING ASSUMPTIONS (Option B)
V2_CONSENSUS_FORECAST,CONSENSUS FORECAST,CYCLE_01_2026-08,2026-08-24,2027-08,HIS-001,RETAIL,517.95,522.2,-4.25,-0.814,PLANNER_REVIEW: accepted bounded consensus move (cap +/-10%) vs V0; residual vs commercial escalated to IBP; not an average,DEMAND PLANNING (consensus facilitator),CONSENSUS,,,NOT YET MEASURABLE - NO LAUNCH ACTUALS,DERIVED from Step 7C V0 (frozen) + SYNTHETIC COMMERCIAL PLANNING ASSUMPTIONS (Option B)
V2_CONSENSUS_FORECAST,CONSENSUS FORECAST,CYCLE_01_2026-08,2026-08-24,2027-08,HIS-001,WHOLESALE,295.96,298.38,-2.42,-0.811,PLANNER_REVIEW: accepted bounded consensus move (cap +/-10%) vs V0; residual vs commercial escalated to IBP; not an average,DEMAND PLANNING (consensus facilitator),CONSENSUS,,,NOT YET MEASURABLE - NO LAUNCH ACTUALS,DERIVED from Step 7C V0 (frozen) + SYNTHETIC COMMERCIAL PLANNING ASSUMPTIONS (Option B)
V2_CONSENSUS_FORECAST,CONSENSUS FORECAST,CYCLE_01_2026-08,2026-08-24,2027-09,HIS-001,ECOM,1066.29,1075.04,-8.75,-0.814,PLANNER_REVIEW: accepted bounded consensus move (cap +/-10%) vs V0; residual vs commercial escalated to IBP; not an average,DEMAND PLANNING (consensus facilitator),CONSENSUS,,,NOT YET MEASURABLE - NO LAUNCH ACTUALS,DERIVED from Step 7C V0 (frozen) + SYNTHETIC COMMERCIAL PLANNING ASSUMPTIONS (Option B)
V2_CONSENSUS_FORECAST,CONSENSUS FORECAST,CYCLE_01_2026-08,2026-08-24,2027-09,HIS-001,RETAIL,829.35,836.15,-6.8,-0.813,PLANNER_REVIEW: accepted bounded consensus move (cap +/-10%) vs V0; residual vs commercial escalated to IBP; not an average,DEMAND PLANNING (consensus facilitator),CONSENSUS,,,NOT YET MEASURABLE - NO LAUNCH ACTUALS,DERIVED from Step 7C V0 (frozen) + SYNTHETIC COMMERCIAL PLANNING ASSUMPTIONS (Option B)
V2_CONSENSUS_FORECAST,CONSENSUS FORECAST,CYCLE_01_2026-08,2026-08-24,2027-09,HIS-001,WHOLESALE,473.91,477.8,-3.89,-0.814,PLANNER_REVIEW: accepted bounded consensus move (cap +/-10%) vs V0; residual vs commercial escalated to IBP; not an average,DEMAND PLANNING (consensus facilitator),CONSENSUS,,,NOT YET MEASURABLE - NO LAUNCH ACTUALS,DERIVED from Step 7C V0 (frozen) + SYNTHETIC COMMERCIAL PLANNING ASSUMPTIONS (Option B)
V2_CONSENSUS_FORECAST,CONSENSUS FORECAST,CYCLE_01_2026-08,2026-08-24,2027-10,HIS-001,ECOM,1222.58,1232.62,-10.04,-0.815,PLANNER_REVIEW: accepted bounded consensus move (cap +/-10%) vs V0; residual vs commercial escalated to IBP; not an average,DEMAND PLANNING (consensus facilitator),CONSENSUS,,,NOT YET MEASURABLE - NO LAUNCH ACTUALS,DERIVED from Step 7C V0 (frozen) + SYNTHETIC COMMERCIAL PLANNING ASSUMPTIONS (Option B)
V2_CONSENSUS_FORECAST,CONSENSUS FORECAST,CYCLE_01_2026-08,2026-08-24,2027-10,HIS-001,RETAIL,950.91,958.71,-7.8,-0.814,PLANNER_REVIEW: accepted bounded consensus move (cap +/-10%) vs V0; residual vs commercial escalated to IBP; not an average,DEMAND PLANNING (consensus facilitator),CONSENSUS,,,NOT YET MEASURABLE - NO LAUNCH ACTUALS,DERIVED from Step 7C V0 (frozen) + SYNTHETIC COMMERCIAL PLANNING ASSUMPTIONS (Option B)
V2_CONSENSUS_FORECAST,CONSENSUS FORECAST,CYCLE_01_2026-08,2026-08-24,2027-10,HIS-001,WHOLESALE,543.38,547.84,-4.46,-0.814,PLANNER_REVIEW: accepted bounded consensus move (cap +/-10%) vs V0; residual vs commercial escalated to IBP; not an average,DEMAND PLANNING (consensus facilitator),CONSENSUS,,,NOT YET MEASURABLE - NO LAUNCH ACTUALS,DERIVED from Step 7C V0 (frozen) + SYNTHETIC COMMERCIAL PLANNING ASSUMPTIONS (Option B)
V2_CONSENSUS_FORECAST,CONSENSUS FORECAST,CYCLE_01_2026-08,2026-08-24,2027-11,HIS-001,ECOM,1485.4,1497.59,-12.19,-0.814,PLANNER_REVIEW: accepted bounded consensus move (cap +/-10%) vs V0; residual vs commercial escalated to IBP; not an average,DEMAND PLANNING (consensus facilitator),CONSENSUS,,,NOT YET MEASURABLE - NO LAUNCH ACTUALS,DERIVED from Step 7C V0 (frozen) + SYNTHETIC COMMERCIAL PLANNING ASSUMPTIONS (Option B)
V2_CONSENSUS_FORECAST,CONSENSUS FORECAST,CYCLE_01_2026-08,2026-08-24,2027-11,HIS-001,RETAIL,1155.31,1164.79,-9.48,-0.814,PLANNER_REVIEW: accepted bounded consensus move (cap +/-10%) vs V0; residual vs commercial escalated to IBP; not an average,DEMAND PLANNING (consensus facilitator),CONSENSUS,,,NOT YET MEASURABLE - NO LAUNCH ACTUALS,DERIVED from Step 7C V0 (frozen) + SYNTHETIC COMMERCIAL PLANNING ASSUMPTIONS (Option B)
V2_CONSENSUS_FORECAST,CONSENSUS FORECAST,CYCLE_01_2026-08,2026-08-24,2027-11,HIS-001,WHOLESALE,660.19,665.6,-5.41,-0.813,PLANNER_REVIEW: accepted bounded consensus move (cap +/-10%) vs V0; residual vs commercial escalated to IBP; not an average,DEMAND PLANNING (consensus facilitator),CONSENSUS,,,NOT YET MEASURABLE - NO LAUNCH ACTUALS,DERIVED from Step 7C V0 (frozen) + SYNTHETIC COMMERCIAL PLANNING ASSUMPTIONS (Option B)
V2_CONSENSUS_FORECAST,CONSENSUS FORECAST,CYCLE_01_2026-08,2026-08-24,2027-12,HIS-001,ECOM,2025.25,2041.87,-16.62,-0.814,PLANNER_REVIEW: accepted bounded consensus move (cap +/-10%) vs V0; residual vs commercial escalated to IBP; not an average,DEMAND PLANNING (consensus facilitator),CONSENSUS,,,NOT YET MEASURABLE - NO LAUNCH ACTUALS,DERIVED from Step 7C V0 (frozen) + SYNTHETIC COMMERCIAL PLANNING ASSUMPTIONS (Option B)
V2_CONSENSUS_FORECAST,CONSENSUS FORECAST,CYCLE_01_2026-08,2026-08-24,2027-12,HIS-001,RETAIL,1575.21,1588.14,-12.93,-0.814,PLANNER_REVIEW: accepted bounded consensus move (cap +/-10%) vs V0; residual vs commercial escalated to IBP; not an average,DEMAND PLANNING (consensus facilitator),CONSENSUS,,,NOT YET MEASURABLE - NO LAUNCH ACTUALS,DERIVED from Step 7C V0 (frozen) + SYNTHETIC COMMERCIAL PLANNING ASSUMPTIONS (Option B)
V2_CONSENSUS_FORECAST,CONSENSUS FORECAST,CYCLE_01_2026-08,2026-08-24,2027-12,HIS-001,WHOLESALE,900.13,907.52,-7.39,-0.814,PLANNER_REVIEW: accepted bounded consensus move (cap +/-10%) vs V0; residual vs commercial escalated to IBP; not an average,DEMAND PLANNING (consensus facilitator),CONSENSUS,,,NOT YET MEASURABLE - NO LAUNCH ACTUALS,DERIVED from Step 7C V0 (frozen) + SYNTHETIC COMMERCIAL PLANNING ASSUMPTIONS (Option B)
V2_CONSENSUS_FORECAST,CONSENSUS FORECAST,CYCLE_01_2026-08,2026-08-24,2028-01,HIS-001,ECOM,1481.66,1493.82,-12.16,-0.814,PLANNER_REVIEW: accepted bounded consensus move (cap +/-10%) vs V0; residual vs commercial escalated to IBP; not an average,DEMAND PLANNING (consensus facilitator),CONSENSUS,,,NOT YET MEASURABLE - NO LAUNCH ACTUALS,DERIVED from Step 7C V0 (frozen) + SYNTHETIC COMMERCIAL PLANNING ASSUMPTIONS (Option B)
V2_CONSENSUS_FORECAST,CONSENSUS FORECAST,CYCLE_01_2026-08,2026-08-24,2028-01,HIS-001,RETAIL,1152.38,1161.84,-9.46,-0.814,PLANNER_REVIEW: accepted bounded consensus move (cap +/-10%) vs V0; residual vs commercial escalated to IBP; not an average,DEMAND PLANNING (consensus facilitator),CONSENSUS,,,NOT YET MEASURABLE - NO LAUNCH ACTUALS,DERIVED from Step 7C V0 (frozen) + SYNTHETIC COMMERCIAL PLANNING ASSUMPTIONS (Option B)
V2_CONSENSUS_FORECAST,CONSENSUS FORECAST,CYCLE_01_2026-08,2026-08-24,2028-01,HIS-001,WHOLESALE,658.52,663.92,-5.4,-0.813,PLANNER_REVIEW: accepted bounded consensus move (cap +/-10%) vs V0; residual vs commercial escalated to IBP; not an average,DEMAND PLANNING (consensus facilitator),CONSENSUS,,,NOT YET MEASURABLE - NO LAUNCH ACTUALS,DERIVED from Step 7C V0 (frozen) + SYNTHETIC COMMERCIAL PLANNING ASSUMPTIONS (Option B)
V2_CONSENSUS_FORECAST,CONSENSUS FORECAST,CYCLE_01_2026-08,2026-08-24,2028-02,HIS-001,ECOM,1351.17,1362.26,-11.09,-0.814,PLANNER_REVIEW: accepted bounded consensus move (cap +/-10%) vs V0; residual vs commercial escalated to IBP; not an average,DEMAND PLANNING (consensus facilitator),CONSENSUS,,,NOT YET MEASURABLE - NO LAUNCH ACTUALS,DERIVED from Step 7C V0 (frozen) + SYNTHETIC COMMERCIAL PLANNING ASSUMPTIONS (Option B)
V2_CONSENSUS_FORECAST,CONSENSUS FORECAST,CYCLE_01_2026-08,2026-08-24,2028-02,HIS-001,RETAIL,1050.91,1059.53,-8.62,-0.814,PLANNER_REVIEW: accepted bounded consensus move (cap +/-10%) vs V0; residual vs commercial escalated to IBP; not an average,DEMAND PLANNING (consensus facilitator),CONSENSUS,,,NOT YET MEASURABLE - NO LAUNCH ACTUALS,DERIVED from Step 7C V0 (frozen) + SYNTHETIC COMMERCIAL PLANNING ASSUMPTIONS (Option B)
V2_CONSENSUS_FORECAST,CONSENSUS FORECAST,CYCLE_01_2026-08,2026-08-24,2028-02,HIS-001,WHOLESALE,600.52,605.45,-4.93,-0.814,PLANNER_REVIEW: accepted bounded consensus move (cap +/-10%) vs V0; residual vs commercial escalated to IBP; not an average,DEMAND PLANNING (consensus facilitator),CONSENSUS,,,NOT YET MEASURABLE - NO LAUNCH ACTUALS,DERIVED from Step 7C V0 (frozen) + SYNTHETIC COMMERCIAL PLANNING ASSUMPTIONS (Option B)
V3_APPROVED_PLAN,APPROVED IBP PLAN,CYCLE_01_2026-08,2026-08-24,2026-09,HIS-001,ECOM,606.65,606.65,0.0,0.0,Management approved consensus unchanged; unconstrained demand plan,MANAGEMENT / IBP,APPROVED,,,NOT YET MEASURABLE - NO LAUNCH ACTUALS,DERIVED from Step 7C V0 (frozen) + SYNTHETIC COMMERCIAL PLANNING ASSUMPTIONS (Option B)
V3_APPROVED_PLAN,APPROVED IBP PLAN,CYCLE_01_2026-08,2026-08-24,2026-09,HIS-001,RETAIL,471.86,471.86,0.0,0.0,Management approved consensus unchanged; unconstrained demand plan,MANAGEMENT / IBP,APPROVED,,,NOT YET MEASURABLE - NO LAUNCH ACTUALS,DERIVED from Step 7C V0 (frozen) + SYNTHETIC COMMERCIAL PLANNING ASSUMPTIONS (Option B)
V3_APPROVED_PLAN,APPROVED IBP PLAN,CYCLE_01_2026-08,2026-08-24,2026-09,HIS-001,WHOLESALE,269.63,269.63,0.0,0.0,Management approved consensus unchanged; unconstrained demand plan,MANAGEMENT / IBP,APPROVED,,,NOT YET MEASURABLE - NO LAUNCH ACTUALS,DERIVED from Step 7C V0 (frozen) + SYNTHETIC COMMERCIAL PLANNING ASSUMPTIONS (Option B)
V3_APPROVED_PLAN,APPROVED IBP PLAN,CYCLE_01_2026-08,2026-08-24,2026-10,HIS-001,ECOM,1287.36,1287.36,0.0,0.0,Management approved consensus unchanged; unconstrained demand plan,MANAGEMENT / IBP,APPROVED,,,NOT YET MEASURABLE - NO LAUNCH ACTUALS,DERIVED from Step 7C V0 (frozen) + SYNTHETIC COMMERCIAL PLANNING ASSUMPTIONS (Option B)
V3_APPROVED_PLAN,APPROVED IBP PLAN,CYCLE_01_2026-08,2026-08-24,2026-10,HIS-001,RETAIL,1001.28,1001.28,0.0,0.0,Management approved consensus unchanged; unconstrained demand plan,MANAGEMENT / IBP,APPROVED,,,NOT YET MEASURABLE - NO LAUNCH ACTUALS,DERIVED from Step 7C V0 (frozen) + SYNTHETIC COMMERCIAL PLANNING ASSUMPTIONS (Option B)
V3_APPROVED_PLAN,APPROVED IBP PLAN,CYCLE_01_2026-08,2026-08-24,2026-10,HIS-001,WHOLESALE,572.14,572.14,0.0,0.0,Management approved consensus unchanged; unconstrained demand plan,MANAGEMENT / IBP,APPROVED,,,NOT YET MEASURABLE - NO LAUNCH ACTUALS,DERIVED from Step 7C V0 (frozen) + SYNTHETIC COMMERCIAL PLANNING ASSUMPTIONS (Option B)
V3_APPROVED_PLAN,APPROVED IBP PLAN,CYCLE_01_2026-08,2026-08-24,2026-11,HIS-001,ECOM,1515.7,1515.7,0.0,0.0,Management approved consensus unchanged; unconstrained demand plan,MANAGEMENT / IBP,APPROVED,,,NOT YET MEASURABLE - NO LAUNCH ACTUALS,DERIVED from Step 7C V0 (frozen) + SYNTHETIC COMMERCIAL PLANNING ASSUMPTIONS (Option B)
V3_APPROVED_PLAN,APPROVED IBP PLAN,CYCLE_01_2026-08,2026-08-24,2026-11,HIS-001,RETAIL,1178.87,1178.87,0.0,0.0,Management approved consensus unchanged; unconstrained demand plan,MANAGEMENT / IBP,APPROVED,,,NOT YET MEASURABLE - NO LAUNCH ACTUALS,DERIVED from Step 7C V0 (frozen) + SYNTHETIC COMMERCIAL PLANNING ASSUMPTIONS (Option B)
V3_APPROVED_PLAN,APPROVED IBP PLAN,CYCLE_01_2026-08,2026-08-24,2026-11,HIS-001,WHOLESALE,673.64,673.64,0.0,0.0,Management approved consensus unchanged; unconstrained demand plan,MANAGEMENT / IBP,APPROVED,,,NOT YET MEASURABLE - NO LAUNCH ACTUALS,DERIVED from Step 7C V0 (frozen) + SYNTHETIC COMMERCIAL PLANNING ASSUMPTIONS (Option B)
V3_APPROVED_PLAN,APPROVED IBP PLAN,CYCLE_01_2026-08,2026-08-24,2026-12,HIS-001,ECOM,2120.42,2120.42,0.0,0.0,Management approved consensus unchanged; unconstrained demand plan,MANAGEMENT / IBP,APPROVED,,,NOT YET MEASURABLE - NO LAUNCH ACTUALS,DERIVED from Step 7C V0 (frozen) + SYNTHETIC COMMERCIAL PLANNING ASSUMPTIONS (Option B)
V3_APPROVED_PLAN,APPROVED IBP PLAN,CYCLE_01_2026-08,2026-08-24,2026-12,HIS-001,RETAIL,1649.18,1649.18,0.0,0.0,Management approved consensus unchanged; unconstrained demand plan,MANAGEMENT / IBP,APPROVED,,,NOT YET MEASURABLE - NO LAUNCH ACTUALS,DERIVED from Step 7C V0 (frozen) + SYNTHETIC COMMERCIAL PLANNING ASSUMPTIONS (Option B)
V3_APPROVED_PLAN,APPROVED IBP PLAN,CYCLE_01_2026-08,2026-08-24,2026-12,HIS-001,WHOLESALE,942.42,942.42,0.0,0.0,Management approved consensus unchanged; unconstrained demand plan,MANAGEMENT / IBP,APPROVED,,,NOT YET MEASURABLE - NO LAUNCH ACTUALS,DERIVED from Step 7C V0 (frozen) + SYNTHETIC COMMERCIAL PLANNING ASSUMPTIONS (Option B)
V3_APPROVED_PLAN,APPROVED IBP PLAN,CYCLE_01_2026-08,2026-08-24,2027-01,HIS-001,ECOM,1532.82,1532.82,0.0,0.0,Management approved consensus unchanged; unconstrained demand plan,MANAGEMENT / IBP,APPROVED,,,NOT YET MEASURABLE - NO LAUNCH ACTUALS,DERIVED from Step 7C V0 (frozen) + SYNTHETIC COMMERCIAL PLANNING ASSUMPTIONS (Option B)
V3_APPROVED_PLAN,APPROVED IBP PLAN,CYCLE_01_2026-08,2026-08-24,2027-01,HIS-001,RETAIL,1192.19,1192.19,0.0,0.0,Management approved consensus unchanged; unconstrained demand plan,MANAGEMENT / IBP,APPROVED,,,NOT YET MEASURABLE - NO LAUNCH ACTUALS,DERIVED from Step 7C V0 (frozen) + SYNTHETIC COMMERCIAL PLANNING ASSUMPTIONS (Option B)
V3_APPROVED_PLAN,APPROVED IBP PLAN,CYCLE_01_2026-08,2026-08-24,2027-01,HIS-001,WHOLESALE,681.23,681.23,0.0,0.0,Management approved consensus unchanged; unconstrained demand plan,MANAGEMENT / IBP,APPROVED,,,NOT YET MEASURABLE - NO LAUNCH ACTUALS,DERIVED from Step 7C V0 (frozen) + SYNTHETIC COMMERCIAL PLANNING ASSUMPTIONS (Option B)
V3_APPROVED_PLAN,APPROVED IBP PLAN,CYCLE_01_2026-08,2026-08-24,2027-02,HIS-001,ECOM,1397.84,1397.84,0.0,0.0,Management approved consensus unchanged; unconstrained demand plan,MANAGEMENT / IBP,APPROVED,,,NOT YET MEASURABLE - NO LAUNCH ACTUALS,DERIVED from Step 7C V0 (frozen) + SYNTHETIC COMMERCIAL PLANNING ASSUMPTIONS (Option B)
V3_APPROVED_PLAN,APPROVED IBP PLAN,CYCLE_01_2026-08,2026-08-24,2027-02,HIS-001,RETAIL,1087.21,1087.21,0.0,0.0,Management approved consensus unchanged; unconstrained demand plan,MANAGEMENT / IBP,APPROVED,,,NOT YET MEASURABLE - NO LAUNCH ACTUALS,DERIVED from Step 7C V0 (frozen) + SYNTHETIC COMMERCIAL PLANNING ASSUMPTIONS (Option B)
V3_APPROVED_PLAN,APPROVED IBP PLAN,CYCLE_01_2026-08,2026-08-24,2027-02,HIS-001,WHOLESALE,621.25,621.25,0.0,0.0,Management approved consensus unchanged; unconstrained demand plan,MANAGEMENT / IBP,APPROVED,,,NOT YET MEASURABLE - NO LAUNCH ACTUALS,DERIVED from Step 7C V0 (frozen) + SYNTHETIC COMMERCIAL PLANNING ASSUMPTIONS (Option B)
V3_APPROVED_PLAN,APPROVED IBP PLAN,CYCLE_01_2026-08,2026-08-24,2027-03,HIS-001,ECOM,1164.86,1164.86,0.0,0.0,Management approved consensus unchanged; unconstrained demand plan,MANAGEMENT / IBP,APPROVED,,,NOT YET MEASURABLE - NO LAUNCH ACTUALS,DERIVED from Step 7C V0 (frozen) + SYNTHETIC COMMERCIAL PLANNING ASSUMPTIONS (Option B)
V3_APPROVED_PLAN,APPROVED IBP PLAN,CYCLE_01_2026-08,2026-08-24,2027-03,HIS-001,RETAIL,905.98,905.98,0.0,0.0,Management approved consensus unchanged; unconstrained demand plan,MANAGEMENT / IBP,APPROVED,,,NOT YET MEASURABLE - NO LAUNCH ACTUALS,DERIVED from Step 7C V0 (frozen) + SYNTHETIC COMMERCIAL PLANNING ASSUMPTIONS (Option B)
V3_APPROVED_PLAN,APPROVED IBP PLAN,CYCLE_01_2026-08,2026-08-24,2027-03,HIS-001,WHOLESALE,517.72,517.72,0.0,0.0,Management approved consensus unchanged; unconstrained demand plan,MANAGEMENT / IBP,APPROVED,,,NOT YET MEASURABLE - NO LAUNCH ACTUALS,DERIVED from Step 7C V0 (frozen) + SYNTHETIC COMMERCIAL PLANNING ASSUMPTIONS (Option B)
V3_APPROVED_PLAN,APPROVED IBP PLAN,CYCLE_01_2026-08,2026-08-24,2027-04,HIS-001,ECOM,1169.93,1169.93,0.0,0.0,Management approved consensus unchanged; unconstrained demand plan,MANAGEMENT / IBP,APPROVED,,,NOT YET MEASURABLE - NO LAUNCH ACTUALS,DERIVED from Step 7C V0 (frozen) + SYNTHETIC COMMERCIAL PLANNING ASSUMPTIONS (Option B)
V3_APPROVED_PLAN,APPROVED IBP PLAN,CYCLE_01_2026-08,2026-08-24,2027-04,HIS-001,RETAIL,909.92,909.92,0.0,0.0,Management approved consensus unchanged; unconstrained demand plan,MANAGEMENT / IBP,APPROVED,,,NOT YET MEASURABLE - NO LAUNCH ACTUALS,DERIVED from Step 7C V0 (frozen) + SYNTHETIC COMMERCIAL PLANNING ASSUMPTIONS (Option B)
V3_APPROVED_PLAN,APPROVED IBP PLAN,CYCLE_01_2026-08,2026-08-24,2027-04,HIS-001,WHOLESALE,519.97,519.97,0.0,0.0,Management approved consensus unchanged; unconstrained demand plan,MANAGEMENT / IBP,APPROVED,,,NOT YET MEASURABLE - NO LAUNCH ACTUALS,DERIVED from Step 7C V0 (frozen) + SYNTHETIC COMMERCIAL PLANNING ASSUMPTIONS (Option B)
V3_APPROVED_PLAN,APPROVED IBP PLAN,CYCLE_01_2026-08,2026-08-24,2027-05,HIS-001,ECOM,745.29,745.29,0.0,0.0,Management approved consensus unchanged; unconstrained demand plan,MANAGEMENT / IBP,APPROVED,,,NOT YET MEASURABLE - NO LAUNCH ACTUALS,DERIVED from Step 7C V0 (frozen) + SYNTHETIC COMMERCIAL PLANNING ASSUMPTIONS (Option B)
V3_APPROVED_PLAN,APPROVED IBP PLAN,CYCLE_01_2026-08,2026-08-24,2027-05,HIS-001,RETAIL,579.68,579.68,0.0,0.0,Management approved consensus unchanged; unconstrained demand plan,MANAGEMENT / IBP,APPROVED,,,NOT YET MEASURABLE - NO LAUNCH ACTUALS,DERIVED from Step 7C V0 (frozen) + SYNTHETIC COMMERCIAL PLANNING ASSUMPTIONS (Option B)
V3_APPROVED_PLAN,APPROVED IBP PLAN,CYCLE_01_2026-08,2026-08-24,2027-05,HIS-001,WHOLESALE,331.23,331.23,0.0,0.0,Management approved consensus unchanged; unconstrained demand plan,MANAGEMENT / IBP,APPROVED,,,NOT YET MEASURABLE - NO LAUNCH ACTUALS,DERIVED from Step 7C V0 (frozen) + SYNTHETIC COMMERCIAL PLANNING ASSUMPTIONS (Option B)
V3_APPROVED_PLAN,APPROVED IBP PLAN,CYCLE_01_2026-08,2026-08-24,2027-06,HIS-001,ECOM,647.28,647.28,0.0,0.0,Management approved consensus unchanged; unconstrained demand plan,MANAGEMENT / IBP,APPROVED,,,NOT YET MEASURABLE - NO LAUNCH ACTUALS,DERIVED from Step 7C V0 (frozen) + SYNTHETIC COMMERCIAL PLANNING ASSUMPTIONS (Option B)
V3_APPROVED_PLAN,APPROVED IBP PLAN,CYCLE_01_2026-08,2026-08-24,2027-06,HIS-001,RETAIL,503.44,503.44,0.0,0.0,Management approved consensus unchanged; unconstrained demand plan,MANAGEMENT / IBP,APPROVED,,,NOT YET MEASURABLE - NO LAUNCH ACTUALS,DERIVED from Step 7C V0 (frozen) + SYNTHETIC COMMERCIAL PLANNING ASSUMPTIONS (Option B)
V3_APPROVED_PLAN,APPROVED IBP PLAN,CYCLE_01_2026-08,2026-08-24,2027-06,HIS-001,WHOLESALE,287.66,287.66,0.0,0.0,Management approved consensus unchanged; unconstrained demand plan,MANAGEMENT / IBP,APPROVED,,,NOT YET MEASURABLE - NO LAUNCH ACTUALS,DERIVED from Step 7C V0 (frozen) + SYNTHETIC COMMERCIAL PLANNING ASSUMPTIONS (Option B)
V3_APPROVED_PLAN,APPROVED IBP PLAN,CYCLE_01_2026-08,2026-08-24,2027-07,HIS-001,ECOM,748.5,748.5,0.0,0.0,Management approved consensus unchanged; unconstrained demand plan,MANAGEMENT / IBP,APPROVED,,,NOT YET MEASURABLE - NO LAUNCH ACTUALS,DERIVED from Step 7C V0 (frozen) + SYNTHETIC COMMERCIAL PLANNING ASSUMPTIONS (Option B)
V3_APPROVED_PLAN,APPROVED IBP PLAN,CYCLE_01_2026-08,2026-08-24,2027-07,HIS-001,RETAIL,582.16,582.16,0.0,0.0,Management approved consensus unchanged; unconstrained demand plan,MANAGEMENT / IBP,APPROVED,,,NOT YET MEASURABLE - NO LAUNCH ACTUALS,DERIVED from Step 7C V0 (frozen) + SYNTHETIC COMMERCIAL PLANNING ASSUMPTIONS (Option B)
V3_APPROVED_PLAN,APPROVED IBP PLAN,CYCLE_01_2026-08,2026-08-24,2027-07,HIS-001,WHOLESALE,332.65,332.65,0.0,0.0,Management approved consensus unchanged; unconstrained demand plan,MANAGEMENT / IBP,APPROVED,,,NOT YET MEASURABLE - NO LAUNCH ACTUALS,DERIVED from Step 7C V0 (frozen) + SYNTHETIC COMMERCIAL PLANNING ASSUMPTIONS (Option B)
V3_APPROVED_PLAN,APPROVED IBP PLAN,CYCLE_01_2026-08,2026-08-24,2027-08,HIS-001,ECOM,665.94,665.94,0.0,0.0,Management approved consensus unchanged; unconstrained demand plan,MANAGEMENT / IBP,APPROVED,,,NOT YET MEASURABLE - NO LAUNCH ACTUALS,DERIVED from Step 7C V0 (frozen) + SYNTHETIC COMMERCIAL PLANNING ASSUMPTIONS (Option B)
V3_APPROVED_PLAN,APPROVED IBP PLAN,CYCLE_01_2026-08,2026-08-24,2027-08,HIS-001,RETAIL,517.95,517.95,0.0,0.0,Management approved consensus unchanged; unconstrained demand plan,MANAGEMENT / IBP,APPROVED,,,NOT YET MEASURABLE - NO LAUNCH ACTUALS,DERIVED from Step 7C V0 (frozen) + SYNTHETIC COMMERCIAL PLANNING ASSUMPTIONS (Option B)
V3_APPROVED_PLAN,APPROVED IBP PLAN,CYCLE_01_2026-08,2026-08-24,2027-08,HIS-001,WHOLESALE,295.96,295.96,0.0,0.0,Management approved consensus unchanged; unconstrained demand plan,MANAGEMENT / IBP,APPROVED,,,NOT YET MEASURABLE - NO LAUNCH ACTUALS,DERIVED from Step 7C V0 (frozen) + SYNTHETIC COMMERCIAL PLANNING ASSUMPTIONS (Option B)
V3_APPROVED_PLAN,APPROVED IBP PLAN,CYCLE_01_2026-08,2026-08-24,2027-09,HIS-001,ECOM,1066.29,1066.29,0.0,0.0,Management approved consensus unchanged; unconstrained demand plan,MANAGEMENT / IBP,APPROVED,,,NOT YET MEASURABLE - NO LAUNCH ACTUALS,DERIVED from Step 7C V0 (frozen) + SYNTHETIC COMMERCIAL PLANNING ASSUMPTIONS (Option B)
V3_APPROVED_PLAN,APPROVED IBP PLAN,CYCLE_01_2026-08,2026-08-24,2027-09,HIS-001,RETAIL,829.35,829.35,0.0,0.0,Management approved consensus unchanged; unconstrained demand plan,MANAGEMENT / IBP,APPROVED,,,NOT YET MEASURABLE - NO LAUNCH ACTUALS,DERIVED from Step 7C V0 (frozen) + SYNTHETIC COMMERCIAL PLANNING ASSUMPTIONS (Option B)
V3_APPROVED_PLAN,APPROVED IBP PLAN,CYCLE_01_2026-08,2026-08-24,2027-09,HIS-001,WHOLESALE,473.91,473.91,0.0,0.0,Management approved consensus unchanged; unconstrained demand plan,MANAGEMENT / IBP,APPROVED,,,NOT YET MEASURABLE - NO LAUNCH ACTUALS,DERIVED from Step 7C V0 (frozen) + SYNTHETIC COMMERCIAL PLANNING ASSUMPTIONS (Option B)
V3_APPROVED_PLAN,APPROVED IBP PLAN,CYCLE_01_2026-08,2026-08-24,2027-10,HIS-001,ECOM,1222.58,1222.58,0.0,0.0,Management approved consensus unchanged; unconstrained demand plan,MANAGEMENT / IBP,APPROVED,,,NOT YET MEASURABLE - NO LAUNCH ACTUALS,DERIVED from Step 7C V0 (frozen) + SYNTHETIC COMMERCIAL PLANNING ASSUMPTIONS (Option B)
V3_APPROVED_PLAN,APPROVED IBP PLAN,CYCLE_01_2026-08,2026-08-24,2027-10,HIS-001,RETAIL,950.91,950.91,0.0,0.0,Management approved consensus unchanged; unconstrained demand plan,MANAGEMENT / IBP,APPROVED,,,NOT YET MEASURABLE - NO LAUNCH ACTUALS,DERIVED from Step 7C V0 (frozen) + SYNTHETIC COMMERCIAL PLANNING ASSUMPTIONS (Option B)
V3_APPROVED_PLAN,APPROVED IBP PLAN,CYCLE_01_2026-08,2026-08-24,2027-10,HIS-001,WHOLESALE,543.38,543.38,0.0,0.0,Management approved consensus unchanged; unconstrained demand plan,MANAGEMENT / IBP,APPROVED,,,NOT YET MEASURABLE - NO LAUNCH ACTUALS,DERIVED from Step 7C V0 (frozen) + SYNTHETIC COMMERCIAL PLANNING ASSUMPTIONS (Option B)
V3_APPROVED_PLAN,APPROVED IBP PLAN,CYCLE_01_2026-08,2026-08-24,2027-11,HIS-001,ECOM,1485.4,1485.4,0.0,0.0,Management approved consensus unchanged; unconstrained demand plan,MANAGEMENT / IBP,APPROVED,,,NOT YET MEASURABLE - NO LAUNCH ACTUALS,DERIVED from Step 7C V0 (frozen) + SYNTHETIC COMMERCIAL PLANNING ASSUMPTIONS (Option B)
V3_APPROVED_PLAN,APPROVED IBP PLAN,CYCLE_01_2026-08,2026-08-24,2027-11,HIS-001,RETAIL,1155.31,1155.31,0.0,0.0,Management approved consensus unchanged; unconstrained demand plan,MANAGEMENT / IBP,APPROVED,,,NOT YET MEASURABLE - NO LAUNCH ACTUALS,DERIVED from Step 7C V0 (frozen) + SYNTHETIC COMMERCIAL PLANNING ASSUMPTIONS (Option B)
V3_APPROVED_PLAN,APPROVED IBP PLAN,CYCLE_01_2026-08,2026-08-24,2027-11,HIS-001,WHOLESALE,660.19,660.19,0.0,0.0,Management approved consensus unchanged; unconstrained demand plan,MANAGEMENT / IBP,APPROVED,,,NOT YET MEASURABLE - NO LAUNCH ACTUALS,DERIVED from Step 7C V0 (frozen) + SYNTHETIC COMMERCIAL PLANNING ASSUMPTIONS (Option B)
V3_APPROVED_PLAN,APPROVED IBP PLAN,CYCLE_01_2026-08,2026-08-24,2027-12,HIS-001,ECOM,2025.25,2025.25,0.0,0.0,Management approved consensus unchanged; unconstrained demand plan,MANAGEMENT / IBP,APPROVED,,,NOT YET MEASURABLE - NO LAUNCH ACTUALS,DERIVED from Step 7C V0 (frozen) + SYNTHETIC COMMERCIAL PLANNING ASSUMPTIONS (Option B)
V3_APPROVED_PLAN,APPROVED IBP PLAN,CYCLE_01_2026-08,2026-08-24,2027-12,HIS-001,RETAIL,1575.21,1575.21,0.0,0.0,Management approved consensus unchanged; unconstrained demand plan,MANAGEMENT / IBP,APPROVED,,,NOT YET MEASURABLE - NO LAUNCH ACTUALS,DERIVED from Step 7C V0 (frozen) + SYNTHETIC COMMERCIAL PLANNING ASSUMPTIONS (Option B)
V3_APPROVED_PLAN,APPROVED IBP PLAN,CYCLE_01_2026-08,2026-08-24,2027-12,HIS-001,WHOLESALE,900.13,900.13,0.0,0.0,Management approved consensus unchanged; unconstrained demand plan,MANAGEMENT / IBP,APPROVED,,,NOT YET MEASURABLE - NO LAUNCH ACTUALS,DERIVED from Step 7C V0 (frozen) + SYNTHETIC COMMERCIAL PLANNING ASSUMPTIONS (Option B)
V3_APPROVED_PLAN,APPROVED IBP PLAN,CYCLE_01_2026-08,2026-08-24,2028-01,HIS-001,ECOM,1481.66,1481.66,0.0,0.0,Management approved consensus unchanged; unconstrained demand plan,MANAGEMENT / IBP,APPROVED,,,NOT YET MEASURABLE - NO LAUNCH ACTUALS,DERIVED from Step 7C V0 (frozen) + SYNTHETIC COMMERCIAL PLANNING ASSUMPTIONS (Option B)
V3_APPROVED_PLAN,APPROVED IBP PLAN,CYCLE_01_2026-08,2026-08-24,2028-01,HIS-001,RETAIL,1152.38,1152.38,0.0,0.0,Management approved consensus unchanged; unconstrained demand plan,MANAGEMENT / IBP,APPROVED,,,NOT YET MEASURABLE - NO LAUNCH ACTUALS,DERIVED from Step 7C V0 (frozen) + SYNTHETIC COMMERCIAL PLANNING ASSUMPTIONS (Option B)
V3_APPROVED_PLAN,APPROVED IBP PLAN,CYCLE_01_2026-08,2026-08-24,2028-01,HIS-001,WHOLESALE,658.52,658.52,0.0,0.0,Management approved consensus unchanged; unconstrained demand plan,MANAGEMENT / IBP,APPROVED,,,NOT YET MEASURABLE - NO LAUNCH ACTUALS,DERIVED from Step 7C V0 (frozen) + SYNTHETIC COMMERCIAL PLANNING ASSUMPTIONS (Option B)
V3_APPROVED_PLAN,APPROVED IBP PLAN,CYCLE_01_2026-08,2026-08-24,2028-02,HIS-001,ECOM,1351.17,1351.17,0.0,0.0,Management approved consensus unchanged; unconstrained demand plan,MANAGEMENT / IBP,APPROVED,,,NOT YET MEASURABLE - NO LAUNCH ACTUALS,DERIVED from Step 7C V0 (frozen) + SYNTHETIC COMMERCIAL PLANNING ASSUMPTIONS (Option B)
V3_APPROVED_PLAN,APPROVED IBP PLAN,CYCLE_01_2026-08,2026-08-24,2028-02,HIS-001,RETAIL,1050.91,1050.91,0.0,0.0,Management approved consensus unchanged; unconstrained demand plan,MANAGEMENT / IBP,APPROVED,,,NOT YET MEASURABLE - NO LAUNCH ACTUALS,DERIVED from Step 7C V0 (frozen) + SYNTHETIC COMMERCIAL PLANNING ASSUMPTIONS (Option B)
V3_APPROVED_PLAN,APPROVED IBP PLAN,CYCLE_01_2026-08,2026-08-24,2028-02,HIS-001,WHOLESALE,600.52,600.52,0.0,0.0,Management approved consensus unchanged; unconstrained demand plan,MANAGEMENT / IBP,APPROVED,,,NOT YET MEASURABLE - NO LAUNCH ACTUALS,DERIVED from Step 7C V0 (frozen) + SYNTHETIC COMMERCIAL PLANNING ASSUMPTIONS (Option B)
