sku_id,channel_id,raw_wape_winner,raw_winner_family,raw_winner_wape_pct,raw_winner_bias_pct,selected_champion,selected_family,champion_wape_pct,champion_bias_pct,champion_mae_units,champion_mean_fold_wape_pct,champion_median_fold_wape_pct,champion_std_fold_wape_pct,champion_worst_fold_wape_pct,runner_up_model,runner_up_family,runner_up_wape_pct,raw_winner_advantage_pp,governance_override_flag,selected_minus_raw_winner_pp,bias_review_flag,selection_reason,evaluation_folds,forecast_horizon_weeks,evaluation_scope
APS-001,ECOM,HW_Damped_Mul,ETS,10.54513044507494,-3.0948845088623638,HW_Damped_Mul,ETS,10.54513044507494,-3.0948845088623638,26.940783653465807,10.082425066658578,10.438930512048014,2.294973279590839,13.605331386646064,HW_Damped_Add,ETS,12.065605273966858,1.520474828891917,NO,0.0,NO,"Selected as the strongest eligible full 12-fold candidate based on pooled WAPE, with acceptable bias and fold stability.",12,13,FULL_12_FOLD
APS-001,RETAIL,HW_Damped_Mul,ETS,8.831354861851242,-0.9652212171737938,HW_Damped_Mul,ETS,8.831354861851242,-0.9652212171737938,16.5515285324898,8.72658020924248,8.305996561193522,2.8434674718667994,15.455875261561902,HW_Damped_Add,ETS,9.490318355861325,0.6589634940100826,NO,0.0,NO,"Selected as the strongest eligible full 12-fold candidate based on pooled WAPE, with acceptable bias and fold stability.",12,13,FULL_12_FOLD
APS-001,WHOLESALE,HW_Damped_Add,ETS,18.26291185228078,-0.3471901438642004,HW_Damped_Add,ETS,18.26291185228078,-0.3471901438642004,29.587493612318188,18.81430495146596,16.993765713914964,6.061137929298105,34.83806088615418,HW_Damped_Mul,ETS,18.30234002661128,0.03942817433049939,NO,0.0,NO,"Selected as the strongest eligible full 12-fold candidate based on pooled WAPE, with acceptable bias and fold stability.",12,13,FULL_12_FOLD
CTS-001,ECOM,HW_Damped_Mul,ETS,8.371676594956828,-1.1175965810684585,HW_Damped_Mul,ETS,8.371676594956828,-1.1175965810684585,38.027319234698986,8.588717506798611,8.008012488876329,1.9462648891151413,11.37395529861143,HW_Add_Add,ETS,8.440461617874053,0.06878502291722555,NO,0.0,NO,"Selected as the strongest eligible full 12-fold candidate based on pooled WAPE, with acceptable bias and fold stability.",12,13,FULL_12_FOLD
CTS-001,RETAIL,HW_Damped_Mul,ETS,9.179185778522797,0.8030208927773699,HW_Damped_Mul,ETS,9.179185778522797,0.8030208927773699,30.27647052464761,9.291937044576311,9.617840367607048,3.295016528969473,17.597397440368084,HW_Damped_Add,ETS,9.37812637626816,0.19894059774536288,NO,0.0,NO,"Selected as the strongest eligible full 12-fold candidate based on pooled WAPE, with acceptable bias and fold stability.",12,13,FULL_12_FOLD
CTS-001,WHOLESALE,Seasonal_MA_2Y,BASELINE,21.726316768617195,2.4128967133875103,Seasonal_MA_2Y,BASELINE,21.726316768617195,2.4128967133875103,60.96050968707463,21.921609839505752,21.7915584247103,4.531117101025738,30.119974297355444,HW_Damped_Mul,ETS,22.085221806910223,0.35890503829302745,NO,0.0,NO,"Selected as the strongest eligible full 12-fold candidate based on pooled WAPE, with acceptable bias and fold stability.",12,13,FULL_12_FOLD
IMH-001,ECOM,SARIMA_011_011,SARIMA,8.622017176119941,-0.3855620542640778,HW_Damped_Mul,ETS,8.680841647236255,-1.3155410415675262,58.06897403566058,8.358752477196374,8.795977014836298,2.2014585030205,11.339704844340948,HW_Damped_Mul,ETS,8.680841647236255,0.058824471116313504,YES,0.058824471116313504,NO,"SARIMA was the raw WAPE winner, but its full 12-fold improvement versus HW_Damped_Mul was only about 0.06 percentage points. HW_Damped_Mul was retained because the accuracy difference was operationally negligible while ETS is simpler, faster, and easier to maintain.",12,13,FULL_12_FOLD
IMH-001,RETAIL,HW_Damped_Mul,ETS,8.48456347353023,-1.208794893025101,HW_Damped_Mul,ETS,8.48456347353023,-1.208794893025101,42.078945407052046,8.306249139657885,8.291175379783802,1.786709478014279,11.431077790368573,HW_Damped_Add,ETS,8.49138811881855,0.006824645288320497,NO,0.0,NO,"Selected as the strongest eligible full 12-fold candidate based on pooled WAPE, with acceptable bias and fold stability.",12,13,FULL_12_FOLD
IMH-001,WHOLESALE,HW_Add_Add,ETS,18.549697719086545,1.4053883209746196,HW_Add_Add,ETS,18.549697719086545,1.4053883209746196,76.51044720616312,18.554872727422595,15.870934068673396,4.872948873506247,29.091725022826616,HW_Damped_Mul,ETS,18.83083715522369,0.28113943613714554,NO,0.0,NO,"Selected as the strongest eligible full 12-fold candidate based on pooled WAPE, with acceptable bias and fold stability.",12,13,FULL_12_FOLD
